Player,Age,Team,Pos,G,GS,Int,Yds,IntTD,Lng,PD,FF,Fmb,FR,Yds.1,FRTD,Sk,Comb,Solo,Ast,TFL,QBHits,Sfty,Awards
Will Allen,31,2TM,DB,17,2,2,40,0,27,4,1,0,1,49,0,0.0,43,30,13,2.0,0.0,0,
Jared Allen,31,MIN,RDE,16,16,0,0,0,0,6,2,0,0,0,0,11.5,52,33,19,13.0,26.0,0,
Nate Allen,26,PHI,SS,16,16,1,43,0,43,5,1,0,0,0,0,1.0,82,59,23,2.0,1.0,0,
Kiko Alonso,23,BUF,MLB,16,16,4,38,0,32,4,1,0,2,13,0,2.0,159,87,72,11.0,1.0,0,AP DRoY-2
Tyson Alualu,26,JAX,LDE,16,16,0,0,0,0,1,0,0,0,0,0,1.5,42,33,9,3.0,9.0,0,
Prince Amukamara,24,NYG,RCB,16,16,1,-4,0,-4,13,2,0,0,0,0,0.0,85,76,9,4.0,0.0,0,
James Anderson,30,CHI,RLB,16,16,0,0,0,0,3,0,0,1,0,0,4.0,102,84,18,10.0,5.0,0,
Jason Babin,33,JAX,LOLB,16,16,0,0,0,0,0,3,0,0,0,0,7.5,40,31,9,10.0,23.0,0,
Jonathan Babineaux,32,ATL,RDT,16,16,0,0,0,0,0,1,0,2,8,0,1.0,42,28,14,7.0,4.0,0,
Johnthan Banks,24,TAM,RCB,16,16,3,33,0,18,5,0,0,0,0,0,0.0,55,49,6,1.0,0.0,0,
Connor Barwin,27,PHI,LOLB,16,16,1,-2,0,-2,10,2,0,1,0,0,5.0,58,44,14,10.0,9.0,0,
Yeremiah Bell,35,ARI,SS,16,16,2,6,0,6,9,0,0,0,0,0,1.0,77,61,16,5.0,2.0,0,
Antoine Bethea,29,IND,SS,16,16,2,48,0,46,6,0,0,1,0,0,1.0,110,80,30,3.0,4.0,0,
NaVorro Bowman,25,SFO,LILB,16,16,2,93,1,89,8,6,0,2,0,0,5.0,145,120,25,9.0,5.0,0,"PB,AP-1"
Tom Brady,36,NWE,QB,16,16,0,0,0,0,0,0,9,5,-10,0,0.0,0,0,0,0.0,0.0,0,"PB,AP MVP-2,AP OPoY-4"
Drew Brees,34,NOR,QB,16,16,0,0,0,0,0,0,6,0,0,0,0.0,0,0,0,,,0,"PB,AP OPoY-4"
Michael Brockers,23,STL,RDT,16,16,0,0,0,0,0,1,0,0,0,0,5.5,46,38,8,7.0,10.0,0,
Ahmad Brooks,29,SFO,LOLB,16,16,1,22,0,22,7,2,1,1,0,0,8.5,60,52,8,12.0,15.0,0,"PB,AP-2"
Dez Bryant,25,DAL,WR,16,16,0,0,0,0,1,0,3,0,0,0,0.0,0,0,0,0.0,0.0,0,PB
Vontaze Burfict,23,CIN,RLB,16,16,1,12,0,12,6,1,0,2,13,1,3.0,171,114,57,9.0,5.0,0,"PB,AP-2"
Kevin Burnett,31,OAK,LLB,16,16,1,0,0,0,4,3,0,1,3,0,2.5,105,83,22,12.0,5.0,0,
Jermon Bushrod,29,CHI,LT,16,16,0,0,0,0,0,0,0,1,0,0,0.0,1,1,0,0.0,0.0,0,
Calais Campbell,27,ARI,LDE,16,16,0,0,0,0,6,1,0,2,2,0,9.0,58,45,13,14.0,21.0,1,
Brandon Carr,27,DAL,LCB,16,16,3,49,1,49,12,0,0,1,21,0,0.0,71,60,11,2.0,0.0,0,
Kam Chancellor,25,SEA,SS,16,16,3,78,0,32,6,1,0,0,0,0,0.0,99,65,34,3.0,1.0,0,"PB,AP-2"
Chris Chester,30,WAS,RG,16,16,0,0,0,0,0,0,0,1,0,0,0.0,0,0,0,0.0,0.0,0,
Barry Church,25,DAL,FS,16,16,1,0,0,0,6,3,0,1,27,1,0.0,135,107,28,3.0,1.0,0,
Ryan Clark,34,PIT,FS,16,16,2,50,0,37,4,0,0,1,0,0,0.0,104,61,43,1.0,0.0,0,
Adrian Clayborn,25,TAM,RDE,16,16,0,0,0,0,1,2,0,0,0,0,5.5,64,43,21,18.0,14.0,0,
Chris Clemons,28,MIA,SS,16,16,1,0,0,0,8,0,0,0,0,0,0.0,93,63,30,1.0,0.0,0,
Barry Cofield,29,WAS,NT,16,16,0,0,0,0,1,0,0,1,0,0,2.5,32,17,15,5.0,11.0,0,
Trent Cole,31,PHI,ROLB,16,16,0,0,0,0,3,3,0,0,0,0,8.0,56,44,12,12.0,13.0,1,
Daryn Colledge,31,ARI,LG,16,16,0,0,0,0,0,0,0,1,0,0,0.0,0,0,0,0.0,0.0,0,
Chris Conte,24,CHI,FS,16,16,3,48,0,35,7,2,0,0,0,0,0.0,89,72,17,1.0,0.0,0,
Fletcher Cox,23,PHI,RDE,16,16,0,0,0,0,1,0,0,1,3,0,3.0,41,29,12,4.0,9.0,0,
Antonio Cromartie,29,NYJ,LCB,16,16,3,20,0,20,9,1,0,0,0,0,0.0,38,35,3,0.0,0.0,0,PB
Andy Dalton,26,CIN,QB,16,16,0,0,0,0,0,0,4,0,-14,0,0.0,0,0,0,0.0,0.0,0,
Karlos Dansby,32,ARI,RILB,16,16,4,48,2,23,19,1,0,1,0,0,6.5,122,114,8,12.0,12.0,0,AP-2
Lavonte David,23,TAM,RLB,16,16,5,87,0,32,10,2,0,1,0,0,7.0,145,107,38,21.0,13.0,1,AP-1
Demario Davis,24,NYJ,LILB,16,16,1,0,0,0,1,0,0,0,0,0,1.0,106,63,43,5.0,5.0,0,
Thomas Davis,30,CAR,LLB,16,16,2,-2,0,0,7,1,0,0,0,0,4.0,123,85,38,13.0,5.0,0,AP CPoY-6
Vontae Davis,25,IND,RCB,16,16,1,0,0,0,12,0,0,0,0,0,0.0,46,41,5,0.0,0.0,0,
Eric Decker,26,DEN,WR,16,16,0,0,0,0,0,0,2,1,0,0,0.0,0,0,0,0.0,0.0,0,
Darnell Dockett,32,ARI,RDE,16,16,0,0,0,0,0,0,0,0,0,0,4.5,46,36,10,12.0,13.0,0,
D'Brickashaw Ferguson,30,NYJ,LT,16,16,0,0,0,0,0,0,0,1,0,0,0.0,0,0,0,0.0,0.0,0,
Larry Fitzgerald,30,ARI,WR,16,16,0,0,0,0,0,0,1,0,0,0,0.0,0,0,0,0.0,0.0,0,PB
Joe Flacco,28,BAL,QB,16,16,0,0,0,0,0,0,8,2,0,0,0.0,0,0,0,0.0,0.0,0,
London Fletcher,38,WAS,LILB,16,16,0,0,0,0,2,1,0,0,0,0,2.0,111,63,48,4.0,3.0,0,
Matt Forte,28,CHI,RB,16,16,0,0,0,0,0,0,2,0,0,0,0.0,0,0,0,0.0,0.0,0,PB
Jerrell Freeman,27,IND,RILB,16,16,2,13,0,13,6,6,0,2,24,0,5.5,126,83,43,6.0,7.0,0,
Pierre Garcon,27,WAS,WR,16,16,0,0,0,0,0,0,1,1,0,0,0.0,0,0,0,0.0,0.0,0,AP CPoY-6
Roberto Garza,34,CHI,C,16,16,0,0,0,0,0,0,1,0,0,0,0.0,0,0,0,,,0,
Marcus Gilchrist,25,SDG,SS,16,16,2,43,0,26,5,1,0,1,0,0,1.0,77,59,18,3.0,1.0,0,
Frank Gore,30,SFO,RB,16,16,0,0,0,0,0,0,3,0,0,0,0.0,0,0,0,,,0,PB
Gino Gradkowski,25,BAL,C,16,16,0,0,0,0,0,0,2,1,-20,0,0.0,0,0,0,0.0,0.0,0,
A.J. Green,25,CIN,WR,16,16,0,0,0,0,0,0,1,0,0,0,0.0,0,0,0,0.0,0.0,0,"PB,AP-2"
BenJarvus Green-Ellis,28,CIN,RB,16,16,0,0,0,0,0,0,2,0,0,0,0.0,1,1,0,0.0,0.0,0,
Chad Greenway,30,MIN,LLB,16,16,3,23,0,23,4,0,0,0,0,0,3.0,134,83,51,6.0,5.0,0,
Brent Grimes,30,MIA,LCB,16,16,4,102,1,94,17,0,0,0,0,0,0.0,60,52,8,1.0,1.0,0,"PB,AP CPoY-5"
DeAngelo Hall,30,WAS,LCB,16,16,4,49,2,26,13,3,0,1,75,1,0.0,78,57,21,1.0,0.0,0,
Nick Hardwick,32,SDG,C,16,16,0,0,0,0,0,0,0,0,0,0,0.0,1,1,0,,,0,
David Harris,29,NYJ,RILB,16,16,0,0,0,0,1,1,0,0,0,0,2.0,124,70,54,8.0,4.0,0,
Damon Harrison,25,NYJ,NT,16,16,0,0,0,0,2,0,0,0,0,0,1.0,66,36,30,7.0,1.0,0,
A.J. Hawk,29,GNB,LILB,16,16,1,7,0,7,5,1,0,1,0,0,5.0,118,74,44,13.0,6.0,0,
Nick Hayden,27,DAL,LDT,16,16,0,0,0,0,0,1,0,1,0,1,0.0,44,25,19,2.0,3.0,0,
Akiem Hicks,24,NOR,LDE,16,16,0,0,0,0,0,0,0,0,0,0,4.5,56,29,27,8.0,5.0,0,
DeAndre Hopkins,21,HOU,WR,16,16,0,0,0,0,0,1,1,0,0,0,0.0,0,0,0,0.0,0.0,0,
Lamarr Houston,26,OAK,LDE,16,16,0,0,0,0,0,2,0,1,0,0,6.0,69,56,13,10.0,16.0,0,
James Ihedigbo,30,BAL,SS,16,16,3,54,0,37,11,1,0,2,0,0,0.0,101,63,38,5.0,3.0,0,
George Iloka,23,CIN,SS,16,16,1,-1,0,-1,6,2,0,1,0,0,0.0,66,41,25,0.0,0.0,0,
D'Qwell Jackson,30,CLE,RILB,16,16,1,0,0,0,7,1,0,1,0,0,1.5,141,75,66,1.0,4.0,0,
DeSean Jackson,27,PHI,WR,16,16,0,0,0,0,0,0,1,0,0,0,0.0,0,0,0,0.0,0.0,0,PB
Vincent Jackson,30,TAM,WR,16,16,0,0,0,0,0,0,1,0,0,0,0.0,0,0,0,0.0,0.0,0,
Jackrabbit Jenkins,25,STL,RCB,16,16,1,5,0,5,14,0,0,1,0,0,1.0,60,54,6,0.0,1.0,0,
M.D. Jennings,25,GNB,FS,16,16,0,0,0,0,1,0,0,1,24,1,1.0,74,56,18,4.0,1.0,0,
Tim Jennings,30,CHI,LCB,16,16,4,111,2,48,13,2,0,1,0,0,0.0,58,50,8,0.0,0.0,0,PB
Andre Johnson,32,HOU,WR,16,16,0,0,0,0,0,0,0,1,0,0,0.0,0,0,0,0.0,0.0,0,PB
Chris Johnson,28,TEN,RB,16,16,0,0,0,0,0,0,3,2,0,0,0.0,0,0,0,0.0,0.0,0,
Chandler Jones,23,NWE,RDE,16,16,0,0,0,0,0,1,0,1,0,1,11.5,79,40,39,14.0,23.0,0,
Reshad Jones,25,MIA,FS,16,16,1,25,1,25,4,0,0,0,0,0,1.5,107,84,23,3.0,4.0,0,
Cameron Jordan,24,NOR,RDE,16,16,0,0,0,0,4,2,0,2,11,0,12.5,47,29,18,13.0,23.0,0,PB
Colin Kaepernick,26,SFO,QB,16,16,0,0,0,0,0,0,6,2,-2,0,0.0,0,0,0,0.0,0.0,0,
Jason Kelce,26,PHI,C,16,16,0,0,0,0,0,0,2,0,-1,0,0.0,0,0,0,,,0,
Ryan Kerrigan,25,WAS,LOLB,16,16,0,0,0,0,3,4,0,0,0,0,8.5,66,47,19,15.0,7.0,0,
Terrance Knighton,27,DEN,RDT,16,16,1,2,0,2,1,0,0,1,13,0,3.0,31,18,13,5.0,7.0,0,
Paul Kruger,27,CLE,LOLB,16,16,0,0,0,0,5,2,0,0,0,0,4.5,47,26,21,5.0,9.0,0,
Luke Kuechly,22,CAR,MLB,16,16,4,33,0,30,7,0,0,0,0,0,2.0,156,93,63,10.0,2.0,0,"PB,AP-1,AP DPoY-1"
Brandon LaFell,27,CAR,WR,16,16,0,0,0,0,0,0,1,1,0,0,0.0,0,0,0,0.0,0.0,0,
Dawan Landry,31,NYJ,FS,16,16,1,38,0,38,7,0,0,0,0,0,1.0,101,63,38,2.0,3.0,0,
T.J. Lang,26,GNB,RG,16,16,0,0,0,0,0,0,0,0,0,0,0.0,1,0,1,0.0,0.0,0,
Kendall Langford,27,STL,LDT,16,16,0,0,0,0,4,0,0,0,0,0,5.0,49,36,13,11.0,5.0,0,
James Laurinaitis,27,STL,MLB,16,16,2,9,0,9,9,0,0,2,43,0,3.5,116,85,31,8.0,5.0,0,
DeAndre Levy,26,DET,RLB,16,16,6,76,1,66,15,0,0,0,0,0,0.0,118,85,33,8.0,3.0,0,
Keenan Lewis,27,NOR,RCB,16,16,4,34,0,20,9,1,0,0,0,0,0.0,47,39,8,1.0,0.0,0,
Kory Lichtensteiger,28,WAS,LG,16,16,0,0,0,0,0,0,0,1,0,0,0.0,0,0,0,0.0,0.0,0,
Corey Liuget,23,SDG,RDE,16,16,0,0,0,0,2,1,0,0,0,0,5.5,42,32,10,7.0,13.0,0,
Curtis Lofton,27,NOR,RILB,16,16,0,0,0,0,4,1,0,0,0,0,2.0,125,82,43,6.0,2.0,0,
Chris Long,28,STL,LDE,16,16,0,0,0,0,2,1,0,2,45,1,8.5,40,33,7,13.0,12.0,0,
Kyle Long,25,CHI,RG,16,16,0,0,0,0,0,0,1,0,0,0,0.0,0,0,0,,,0,PB
Star Lotulelei,24,CAR,RDT,16,16,0,0,0,0,0,0,0,0,0,0,3.0,42,31,11,9.0,4.0,0,AP DRoY-4
Andrew Luck,24,IND,QB,16,16,0,0,0,0,0,0,6,1,0,0,0.0,0,0,0,0.0,0.0,0,PB
Marshawn Lynch,27,SEA,RB,16,16,0,0,0,0,0,1,4,0,0,0,0.0,0,0,0,0.0,0.0,0,PB
Alex Mack,28,CLE,C,16,16,0,0,0,0,0,0,1,1,-14,0,0.0,0,0,0,0.0,0.0,0,"PB,AP-2"
Nick Mangold,29,NYJ,C,16,16,0,0,0,0,0,0,2,0,-29,0,0.0,0,0,0,0.0,0.0,0,PB
Eli Manning,32,NYG,QB,16,16,0,0,0,0,0,0,7,1,-6,0,0.0,0,0,0,,,0,
Peyton Manning,37,DEN,QB,16,16,0,0,0,0,0,0,10,2,-4,0,0.0,0,0,0,0.0,0.0,0,"PB,AP-1,AP MVP-1,AP OPoY-1"
Sen'Derrick Marks,26,JAX,RDE,16,16,0,0,0,0,8,2,0,3,15,0,4.0,34,28,6,6.0,10.0,0,
Robert Mathis,32,IND,ROLB,16,16,0,0,0,0,1,10,0,0,0,0,19.5,59,44,15,15.0,21.0,1,"PB,AP-1,AP DPoY-2"
Jason McCourty,26,TEN,LCB,16,16,0,0,0,0,11,1,0,1,77,1,0.0,65,54,11,2.0,0.0,0,
Gerald McCoy,25,TAM,LDT,16,16,0,0,0,0,4,0,0,1,12,0,9.5,50,35,15,15.0,21.0,0,"PB,AP-1"
LeSean McCoy,25,PHI,RB,16,16,0,0,0,0,0,0,1,0,0,0,0.0,0,0,0,0.0,0.0,0,"PB,AP-1,AP OPoY-2,AP CPoY-11"
Rodney McLeod,23,STL,FS,16,16,2,2,0,2,7,2,0,2,9,0,0.0,79,63,16,2.0,0.0,0,
Brandon Mebane,28,SEA,RDT,16,16,0,0,0,0,1,0,0,1,0,0,0.0,45,21,24,6.0,6.0,0,
Brad Meester,36,JAX,C,16,16,0,0,0,0,0,0,2,1,-9,0,0.0,0,0,0,0.0,0.0,0,
Whitney Mercilus,23,HOU,ROLB,16,16,0,0,0,0,0,0,0,0,0,0,7.0,47,33,14,6.0,18.0,0,
Jordan Mills,23,CHI,RT,16,16,0,0,0,0,0,0,0,1,0,0,0.0,0,0,0,0.0,0.0,0,
William Moore,28,ATL,SS,16,16,3,36,0,19,7,3,0,2,0,0,2.0,86,67,19,3.0,3.0,0,
Alfred Morris,25,WAS,RB,16,16,0,0,0,0,0,0,5,1,0,0,0.0,0,0,0,0.0,0.0,0,PB
Captain Munnerlyn,25,CAR,LCB/RCB,16,16,2,86,2,45,12,1,0,1,0,0,3.0,74,48,26,4.0,5.0,0,
Chris Myers,32,HOU,C,16,16,0,0,0,0,0,0,1,0,-9,0,0.0,0,0,0,,,0,
Cam Newton,24,CAR,QB,16,16,0,0,0,0,0,0,3,1,-8,0,0.0,0,0,0,0.0,0.0,0,PB
Rob Ninkovich,29,NWE,LDE,16,16,0,0,0,0,1,2,0,2,3,0,8.0,91,42,49,10.0,16.0,0,
Alec Ogletree,22,STL,LLB,16,16,1,98,1,98,10,6,0,0,0,0,1.5,119,95,24,9.0,1.0,0,
Calvin Pace,33,NYJ,ROLB,16,16,0,0,0,0,3,2,0,0,0,0,10.0,53,37,16,10.0,12.0,0,
Carson Palmer,34,ARI,QB,16,16,0,0,0,0,0,0,6,1,0,0,0.0,0,0,0,0.0,0.0,0,
Domata Peko,29,CIN,LDT,16,16,0,0,0,0,0,0,0,0,0,0,3.0,52,24,28,2.0,5.0,0,
Julius Peppers,33,CHI,RDE,16,16,1,14,0,14,3,2,0,1,42,1,7.0,45,31,14,8.0,6.0,0,
Patrick Peterson,23,ARI,LCB,16,16,3,59,0,43,13,0,3,2,0,0,0.0,42,40,2,0.0,0.0,0,"PB,AP-1"
Ryan Pickett,34,GNB,NT,16,16,0,0,0,0,2,0,0,0,0,0,0.0,19,15,4,1.0,0.0,0,
Troy Polamalu,32,PIT,SS,16,16,2,36,1,19,11,5,0,1,0,0,2.0,69,50,19,7.0,2.0,0,PB
Bernard Pollard,29,TEN,SS,16,16,3,36,0,32,9,0,0,0,0,0,0.5,99,77,22,3.0,3.0,0,
Tyler Polumbus,28,WAS,RT,16,16,0,0,0,0,0,0,0,1,0,0,0.0,0,0,0,0.0,0.0,0,
Tracy Porter,27,OAK,RCB,16,16,2,44,1,43,12,0,0,0,0,0,1.5,67,53,14,5.0,4.0,0,
Jerraud Powers,26,ARI,RCB,16,16,1,9,0,9,17,1,0,0,0,0,0.0,65,60,5,0.0,0.0,0,
Glover Quin,27,DET,SS,16,16,3,57,0,42,8,1,0,1,0,0,2.0,57,44,13,2.0,1.0,0,
Robert Quinn,23,STL,RDE,16,16,0,0,0,0,1,7,0,2,33,1,19.0,57,50,7,23.0,34.0,0,"PB,AP-1,AP DPoY-4"
B.J. Raji,27,GNB,LDE,16,16,0,0,0,0,0,0,0,0,0,0,0.0,17,12,5,3.0,1.0,0,
Brooks Reed,26,HOU,LOLB,16,16,0,0,0,0,0,0,0,0,0,0,3.0,56,43,13,9.0,6.0,0,
Eric Reid,22,SFO,FS,16,16,4,54,0,53,11,0,0,2,0,0,0.0,77,62,15,0.0,1.0,0,PB
Riley Reiff,25,DET,LT,16,16,0,0,0,0,0,0,0,1,0,0,0.0,0,0,0,0.0,0.0,0,
Darrelle Revis,28,TAM,LCB,16,16,2,3,0,3,11,2,0,1,0,0,1.0,50,43,7,3.0,1.0,0,"PB,AP CPoY-4"
Kendall Reyes,24,SDG,LDE,16,16,0,0,0,0,2,0,0,0,0,0,5.0,34,25,9,5.0,7.0,0,
Perry Riley,25,WAS,RILB,16,16,1,0,0,0,8,0,0,1,6,0,3.0,115,72,43,7.0,9.0,0,
Philip Rivers,32,SDG,QB,16,16,0,0,0,0,0,0,3,1,-6,0,0.0,0,0,0,0.0,0.0,0,"PB,AP CPoY-1"
Nick Roach,28,OAK,MLB,16,16,1,0,0,0,3,4,0,0,0,0,5.5,112,83,29,8.0,4.0,0,
Brian Robison,30,MIN,LDE,16,16,0,0,0,0,3,0,0,1,61,1,9.0,37,25,12,12.0,18.0,0,
Ben Roethlisberger,31,PIT,QB,16,16,0,0,0,0,0,0,9,3,0,0,0.0,0,0,0,0.0,0.0,0,
Carlos Rogers,32,SFO,LCB,16,16,2,14,0,11,8,0,0,0,0,0,0.0,47,39,8,0.0,0.0,0,
Antrel Rolle,31,NYG,SS,16,16,6,23,0,25,12,1,0,1,10,0,2.0,98,80,18,4.0,2.0,0,"PB,AP-2"
Michael Roos,31,TEN,LT,16,16,0,0,0,0,0,0,0,1,0,0,0.0,0,0,0,0.0,0.0,0,
Matt Ryan,28,ATL,QB,16,16,0,0,0,0,0,0,5,1,-2,0,0.0,0,0,0,0.0,0.0,0,
DeMeco Ryans,29,PHI,LILB,16,16,2,46,0,36,7,0,0,0,0,0,4.0,127,102,25,9.0,5.0,0,
George Selvie,26,DAL,LDE,16,16,0,0,0,0,1,1,0,1,0,0,7.0,45,37,8,13.0,14.0,0,
Lyle Sendlein,29,ARI,C,16,16,0,0,0,0,0,0,1,1,-7,0,0.0,0,0,0,0.0,0.0,0,
Richard Sherman,25,SEA,LCB,16,16,8,125,1,58,16,0,2,2,0,0,0.0,48,38,10,0.0,1.0,0,"PB,AP-1,AP DPoY-5"
Pat Sims,28,OAK,RDT,16,16,0,0,0,0,0,0,0,0,0,0,2.0,54,41,13,8.0,6.0,0,
Daryl Smith,31,BAL,RILB,16,16,3,41,1,37,18,2,0,0,0,0,5.0,123,57,66,8.0,7.0,0,
Geno Smith,23,NYJ,QB,16,16,0,0,0,0,0,0,8,3,-2,0,0.0,0,0,0,0.0,0.0,0,
Jimmy Smith,25,BAL,RCB,16,16,2,0,0,0,15,3,0,0,0,0,0.0,58,49,9,1.0,0.0,0,
Justin Smith,34,SFO,RDE,16,16,0,0,0,0,0,1,0,0,0,0,6.5,49,32,17,9.0,16.0,0,"PB,AP-2"
Torrey Smith,24,BAL,WR,16,16,0,0,0,0,0,0,1,1,0,0,0.0,0,0,0,0.0,0.0,0,
Tyron Smith,23,DAL,LT,16,16,0,0,0,0,0,0,0,1,0,0,0.0,0,0,0,0.0,0.0,0,"PB,AP-2"
Matthew Stafford,25,DET,QB,16,16,0,0,0,0,0,0,12,5,-35,0,0.0,1,0,1,0.0,0.0,0,
Terrell Suggs,31,BAL,LOLB,16,16,0,0,0,0,0,0,0,1,0,0,10.0,80,47,33,13.0,19.0,0,"PB,AP CPoY-6"
Ndamukong Suh,26,DET,RDT,16,16,0,0,0,0,6,1,0,0,0,0,5.5,49,36,13,9.0,20.0,1,"PB,AP-1"
Ryan Tannehill,25,MIA,QB,16,16,0,0,0,0,0,0,9,3,-7,0,0.0,0,0,0,0.0,0.0,0,
Ike Taylor,33,PIT,RCB,16,16,0,0,0,0,12,0,0,0,0,0,0.0,63,52,11,1.0,0.0,0,
Demaryius Thomas,26,DEN,WR,16,16,0,0,0,0,0,0,1,0,0,0,0.0,0,0,0,0.0,0.0,0,"PB,AP-2"
Earl Thomas,24,SEA,FS,16,16,5,9,0,11,9,2,0,0,0,0,0.0,105,78,27,0.0,0.0,0,"PB,AP-1,AP DPoY-3"
Joe Thomas,29,CLE,LT,16,16,0,0,0,0,0,0,0,2,2,0,0.0,0,0,0,0.0,0.0,0,"PB,AP-1"
Cedric Thornton,25,PHI,LDE,16,16,0,0,0,0,2,1,0,0,0,0,1.0,60,48,12,7.0,1.0,1,
Lawrence Timmons,27,PIT,RILB,16,16,2,26,0,23,5,1,0,1,29,0,3.0,126,86,40,7.0,6.0,0,
Danny Trevathan,23,DEN,RLB,16,16,3,29,0,29,10,3,1,1,0,0,2.0,129,88,41,7.0,5.0,0,
Desmond Trufant,23,ATL,LCB,16,16,2,0,0,0,17,1,0,1,18,0,0.0,70,55,15,1.0,0.0,0,
Stephen Tulloch,28,DET,MLB,16,16,1,0,0,0,3,0,0,0,0,0,3.5,135,93,42,7.0,6.0,0,
Kraig Urbik,28,BUF,RG,16,16,0,0,0,0,0,0,0,1,0,0,0.0,0,0,0,0.0,0.0,0,
Alterraun Verner,25,TEN,RCB,16,16,5,68,1,34,22,0,0,2,9,0,0.0,57,49,8,0.0,0.0,0,"PB,AP-2"
T.J. Ward,27,CLE,SS,16,16,2,57,1,44,5,0,0,1,51,1,1.5,112,75,37,9.0,2.0,0,"PB,AP-2"
Chance Warmack,22,TEN,RG,16,16,0,0,0,0,0,0,0,1,0,0,0.0,0,0,0,0.0,0.0,0,
J.J. Watt,24,HOU,LDE,16,16,0,0,0,0,7,4,0,2,0,0,10.5,80,65,15,22.0,46.0,0,"PB,AP-1,AP DPoY-6"
Lardarius Webb,28,BAL,LCB,16,16,2,19,0,19,22,0,0,0,0,0,0.0,74,63,11,2.0,0.0,0,
Eric Weddle,28,SDG,FS,16,16,2,21,0,21,9,1,0,2,27,0,1.0,115,88,27,5.0,2.0,0,"PB,AP-2"
Philip Wheeler,29,MIA,LLB,16,16,0,0,0,0,7,0,0,1,0,0,0.5,118,83,35,5.0,5.0,0,
Donte Whitner,28,SFO,SS,16,16,2,7,0,7,12,2,1,1,-5,0,0.0,73,58,15,3.0,0.0,0,
Muhammad Wilkerson,24,NYJ,LDE,16,16,1,6,0,6,3,2,0,0,0,0,10.5,63,43,20,13.0,18.0,0,AP-2
Cary Williams,29,PHI,RCB,16,16,3,16,0,15,12,0,0,1,0,0,1.0,67,57,10,1.0,1.0,0,
Kyle Williams,30,BUF,LDT,16,16,0,0,0,0,1,1,0,1,0,0,10.5,68,42,26,14.0,22.0,0,PB
Mario Williams,28,BUF,RDE,16,16,0,0,0,0,3,1,0,0,0,0,13.0,38,28,10,15.0,16.0,0,"PB,AP-2"
Tramon Williams,30,GNB,LCB,16,16,3,10,0,10,11,2,0,2,0,0,2.5,84,62,22,4.0,3.0,0,
Josh Wilson,28,WAS,RCB,16,16,1,0,0,0,7,2,0,3,1,0,2.0,93,68,25,5.0,5.0,0,
Russell Wilson,25,SEA,QB,16,16,0,0,0,0,0,0,10,5,-4,0,0.0,0,0,0,0.0,0.0,0,"PB,AP OPoY-4"
Charles Woodson,37,OAK,FS,16,16,1,13,0,13,3,3,0,2,25,1,2.0,97,75,22,5.0,2.0,0,
Marshal Yanda,29,BAL,RG,16,16,0,0,0,0,0,0,0,2,0,0,0.0,0,0,0,0.0,0.0,0,PB
Jeremy Zuttah,27,TAM,C,16,16,0,0,0,0,0,0,0,1,0,0,0.0,0,0,0,0.0,0.0,0,
Martellus Bennett,26,CHI,TE,16,15,0,0,0,0,0,0,1,0,0,0,0.0,0,0,0,0.0,0.0,0,
Brent Celek,28,PHI,TE,16,15,0,0,0,0,0,0,1,0,0,0,0.0,1,1,0,0.0,0.0,0,
Charles Clay,24,MIA,TE,16,15,0,0,0,0,0,0,0,0,0,0,0.0,1,0,1,0.0,0.0,0,
Louis Delmas,26,DET,FS,16,15,3,44,0,42,8,0,0,0,0,0,2.0,64,48,16,4.0,3.0,0,
Jim Dray,27,ARI,TE,16,15,0,0,0,0,0,0,1,0,0,0,0.0,0,0,0,0.0,0.0,0,
Carlos Dunlap,24,CIN,LDE,16,15,0,0,0,0,5,4,0,1,42,0,7.5,58,39,19,8.0,26.0,0,
Matt Elam,22,BAL,FS,16,15,1,18,0,18,3,0,0,2,7,0,0.0,77,54,23,5.0,0.0,0,
Aubrayo Franklin,33,IND,NT,16,15,0,0,0,0,1,0,0,0,0,0,0.0,29,17,12,2.0,0.0,0,
Junior Galette,25,NOR,LOLB,16,15,0,0,0,0,2,1,0,2,13,0,12.0,40,28,12,14.0,22.0,0,
Antonio Gates,33,SDG,TE,16,15,0,0,0,0,0,0,2,0,0,0,0.0,0,0,0,0.0,0.0,0,
Tashaun Gipson,23,CLE,FS,16,15,5,143,1,44,12,0,0,0,0,0,0.0,95,63,32,2.0,0.0,0,
Chris Harris Jr.,24,DEN,LCB,16,15,3,1,0,1,14,0,0,0,0,0,0.0,65,58,7,5.0,2.0,0,
David Hawthorne,28,NOR,LILB,16,15,0,0,0,0,0,1,0,0,0,0,3.0,91,60,31,8.0,4.0,0,
Rodney Hudson,24,KAN,C,16,15,0,0,0,0,0,0,1,0,0,0,0.0,0,0,0,0.0,0.0,0,
Cullen Jenkins,32,NYG,RDT,16,15,0,0,0,0,0,2,0,2,0,0,5.0,31,25,6,7.0,12.0,0,
Kendrick Lewis,25,KAN,FS,16,15,1,1,0,1,4,0,0,0,0,0,0.0,56,46,10,3.0,2.0,0,
Tony McDaniel,28,SEA,LDT,16,15,0,0,0,0,1,0,0,1,0,0,2.0,53,23,30,6.0,4.0,0,
Lamar Miller,22,MIA,RB,16,15,0,0,0,0,0,0,1,0,0,0,0.0,0,0,0,0.0,0.0,0,
Knowshon Moreno,26,DEN,RB,16,15,0,0,0,0,0,0,1,2,5,0,0.0,0,0,0,0.0,0.0,0,AP CPoY-2
Sheldon Richardson,23,NYJ,RDE,16,15,0,0,0,0,1,1,0,0,0,0,3.5,78,42,36,12.0,8.0,0,AP DRoY-1
Orlando Scandrick,26,DAL,RCB,16,15,2,0,0,0,12,1,0,0,0,0,2.0,64,59,5,4.0,2.0,0,
Buster Skrine,24,CLE,RCB,16,15,1,5,0,5,17,0,0,0,0,0,1.0,65,55,10,2.0,1.0,0,
Sean Smith,26,KAN,RCB,16,15,2,96,1,100,13,0,0,0,0,0,0.0,47,43,4,0.0,0.0,0,
Justin Tuck,30,NYG,LDE,16,15,1,-2,0,-2,3,2,0,0,0,0,11.0,63,41,22,15.0,23.0,0,
Corey Wootton,26,CHI,LDT,16,15,0,0,0,0,5,1,0,2,1,0,3.0,34,28,6,8.0,6.0,0,
Willie Young,28,DET,RDE,16,15,0,0,0,0,5,0,0,2,0,0,3.0,47,29,18,7.0,10.0,0,
Donnie Avery,29,KAN,WR,16,14,0,0,0,0,0,0,1,0,0,0,0.0,0,0,0,,,0,
Akeem Ayers,24,TEN,LLB,16,14,1,5,0,5,5,1,0,0,0,0,1.0,49,37,12,5.0,7.0,0,
Antonio Brown,25,PIT,WR,16,14,0,0,0,0,0,0,1,1,0,0,0.0,0,0,0,0.0,0.0,0,"PB,AP-2"
Marcell Dareus,23,BUF,RDT,16,14,0,0,0,0,3,1,0,0,0,0,7.5,71,46,25,8.0,12.0,0,PB
Ed Dickson,26,BAL,TE,16,14,0,0,0,0,0,0,0,0,0,0,0.0,3,2,1,0.0,0.0,0,
Dont'a Hightower,23,NWE,RLB,16,14,0,0,0,0,3,0,0,0,0,0,1.0,97,55,42,4.0,5.0,0,
Alshon Jeffery,23,CHI,WR,16,14,0,0,0,0,0,0,3,2,0,0,0.0,0,0,0,0.0,0.0,0,PB
Peria Jerry,29,ATL,LDE,16,14,0,0,0,0,1,0,0,1,0,0,3.5,33,25,8,5.0,6.0,0,
Ryan Mathews,26,SDG,RB,16,14,0,0,0,0,0,0,2,1,0,0,0.0,0,0,0,0.0,0.0,0,
Earl Mitchell,26,HOU,NT,16,14,0,0,0,0,0,0,0,0,0,0,1.5,48,30,18,2.0,3.0,0,
Logan Paulsen,26,WAS,TE,16,14,0,0,0,0,0,0,2,2,0,0,0.0,2,2,0,0.0,0.0,0,
Mohamed Sanu,24,CIN,WR,16,14,0,0,0,0,0,0,1,0,0,0,0.0,0,0,0,0.0,0.0,0,
Akeem Spence,22,TAM,RDT,16,14,0,0,0,0,0,0,0,1,0,0,1.0,29,19,10,2.0,1.0,0,
Randy Starks,30,MIA,LDT,16,14,0,0,0,0,1,1,0,1,0,0,4.0,49,36,13,7.0,9.0,0,
Rod Streater,25,OAK,WR,16,14,0,0,0,0,0,0,1,0,0,0,0.0,0,0,0,0.0,0.0,0,
Olivier Vernon,23,MIA,RDE,16,14,0,0,0,0,0,0,0,0,0,0,11.5,57,46,11,13.0,16.0,0,
John Abraham,35,ARI,ROLB,16,13,0,0,0,0,3,4,0,0,0,0,11.5,37,31,6,14.0,14.0,1,PB
Jason Avant,30,PHI,WR,16,13,0,0,0,0,0,0,1,0,0,0,0.0,0,0,0,0.0,0.0,0,
Joplo Bartu,23,ATL,LLB,16,13,0,0,0,0,1,0,0,0,0,0,3.5,85,47,38,8.0,8.0,0,
Alan Branch,29,BUF,LDE,16,13,0,0,0,0,1,0,0,0,0,0,0.0,39,21,18,2.0,6.0,0,
Zach Brown,24,TEN,RLB,16,13,1,3,0,3,5,1,0,1,0,0,4.0,91,72,19,9.0,7.0,0,
Jared Cook,26,STL,TE,16,13,0,0,0,0,0,0,1,0,0,0,0.0,0,0,0,0.0,0.0,0,
Glenn Dorsey,28,SFO,NT,16,13,0,0,0,0,0,0,0,0,0,0,2.0,41,28,13,3.0,3.0,0,
Kris Durham,25,DET,WR,16,13,0,0,0,0,0,0,1,0,0,0,0.0,1,0,1,0.0,0.0,0,
Chris Givens,24,STL,WR,16,13,0,0,0,0,0,0,1,0,0,0,0.0,0,0,0,0.0,0.0,0,
Greg Hardy,25,CAR,RDE,16,13,0,0,0,0,1,1,0,0,0,0,15.0,59,39,20,17.0,29.0,0,"PB,AP-2"
Cameron Heyward,24,PIT,LDE,16,13,0,0,0,0,7,0,0,1,8,0,5.0,59,35,24,7.0,10.0,0,
Adam Jones,30,CIN,RCB,16,13,3,60,1,60,12,1,0,2,43,0,0.0,56,44,12,2.0,0.0,0,
Ropati Pitoitua,28,TEN,RDE,16,13,0,0,0,0,4,0,0,0,0,0,4.0,44,34,10,7.0,5.0,0,
Brandian Ross,24,OAK,SS,16,13,0,0,0,0,3,1,0,0,0,0,2.0,75,56,19,1.0,4.0,0,
Golden Tate,25,SEA,WR,16,13,0,0,0,0,0,0,3,0,0,0,0.0,0,0,0,,,0,
Mike Tolbert,28,CAR,RB,16,13,0,0,0,0,0,0,0,1,0,0,0.0,1,1,0,0.0,0.0,0,"PB,AP-1"
Osi Umenyiora,32,ATL,RDE,16,13,1,68,1,68,3,3,0,0,0,0,7.5,47,31,16,6.0,10.0,0,
Courtney Upshaw,24,BAL,ROLB,16,13,0,0,0,0,2,0,0,0,0,0,1.5,30,19,11,2.0,5.0,0,
Kyle Arrington,27,NWE,CB,16,12,1,5,0,5,13,2,0,0,0,0,2.0,62,48,14,4.0,2.0,0,
Gary Barnidge,28,CLE,TE,16,12,0,0,0,0,0,0,0,0,0,0,0.0,4,4,0,0.0,0.0,0,
Nolan Carroll,26,MIA,RCB,16,12,3,24,0,24,11,0,0,0,0,0,2.0,47,43,4,2.0,2.0,0,
Coby Fleener,25,IND,TE,16,12,0,0,0,0,0,0,1,0,0,0,0.0,0,0,0,0.0,0.0,0,
Jimmy Graham,27,NOR,TE,16,12,0,0,0,0,0,0,0,1,-2,0,0.0,0,0,0,0.0,0.0,0,"PB,AP-1"
Trumaine Johnson,23,STL,LCB,16,12,3,36,0,29,11,1,0,0,0,0,0.0,67,58,9,2.0,0.0,0,
Jeron Mastrud,26,OAK,TE,16,12,0,0,0,0,0,0,0,1,0,0,0.0,0,0,0,0.0,0.0,0,
Arthur Moats,25,BUF,RLB,16,12,0,0,0,0,0,0,0,0,0,0,0.0,54,30,24,1.0,1.0,0,
Shaun Phillips,32,DEN,RDE,16,12,1,3,0,3,5,2,0,0,0,0,10.0,36,29,7,10.0,14.0,0,
Matt Shaughnessy,27,ARI,LOLB,16,12,0,0,0,0,1,1,0,3,6,1,3.0,36,31,5,9.0,6.0,0,
Daniel Te'o-Nesheim,27,TAM,LDE,16,12,0,0,0,0,0,0,0,0,0,0,0.0,14,9,5,2.0,6.0,0,
Paul Worrilow,23,ATL,RLB/MLB,16,12,0,0,0,0,1,0,0,0,0,0,2.0,127,79,48,4.0,3.0,0,
Kendall Wright,24,TEN,WR,16,12,0,0,0,0,0,0,2,1,0,0,0.0,0,0,0,0.0,0.0,0,
Derek Cox,27,SDG,LCB,16,11,1,2,0,2,7,0,0,0,0,0,0.0,38,34,4,0.0,0.0,0,
Harry Douglas,29,ATL,WR,16,11,0,0,0,0,0,0,3,0,0,0,0.0,0,0,0,0.0,0.0,0,
Julian Edelman,27,NWE,WR,16,11,0,0,0,0,0,0,6,5,0,0,0.0,0,0,0,0.0,0.0,0,
William Gay,28,PIT,LCB,16,11,1,21,1,21,9,2,0,0,0,0,1.0,63,55,8,4.0,1.0,0,
Darrius Heyward-Bey,26,IND,WR,16,11,0,0,0,0,0,0,0,0,0,0,0.0,2,2,0,0.0,0.0,0,
Shiloh Keo,26,HOU,FS,16,11,1,4,0,4,6,0,0,0,0,0,0.0,63,52,11,0.0,0.0,0,
Bilal Powell,25,NYJ,RB,16,11,0,0,0,0,0,0,1,1,0,0,0.0,1,1,0,0.0,0.0,0,
Brandon Spikes,26,NWE,MLB,16,11,1,3,0,3,2,0,0,1,0,0,0.0,86,48,38,6.0,0.0,0,
Ladarius Green,23,SDG,WR,16,10,0,0,0,0,0,0,0,1,0,0,0.0,10,10,0,0.0,0.0,0,
T.Y. Hilton,24,IND,WR,16,10,0,0,0,0,0,0,1,1,0,0,0.0,0,0,0,0.0,0.0,0,
Akeem Jordan,28,KAN,LILB,16,10,0,0,0,0,0,2,0,0,0,0,0.0,67,54,13,3.0,0.0,0,
Mathias Kiwanuka,30,NYG,RDE,16,10,0,0,0,0,2,2,0,0,0,0,6.0,41,25,16,8.0,20.0,0,
Marvin Mitchell,29,MIN,RLB,16,10,0,0,0,0,1,0,0,1,0,0,0.0,42,19,23,3.0,0.0,0,
Mike Neal,26,GNB,LOLB,16,10,1,5,0,5,1,1,0,0,0,0,5.0,47,36,11,7.0,8.0,0,
Ashlee Palmer,27,DET,LLB,16,10,0,0,0,0,1,0,0,1,0,0,0.0,33,24,9,6.0,1.0,0,
Spencer Paysinger,25,NYG,RLB,16,10,0,0,0,0,1,0,0,1,0,0,1.0,74,65,9,0.0,2.0,0,
Andrew Quarless,25,GNB,TE,16,10,0,0,0,0,0,0,0,0,0,0,0.0,1,1,0,0.0,0.0,0,
Emmanuel Sanders,26,PIT,WR,16,10,0,0,0,0,0,0,1,1,0,0,0.0,0,0,0,0.0,0.0,0,
Andrew Sendejo,26,MIN,FS,16,10,1,1,0,1,2,0,0,0,0,0,0.0,84,52,32,5.0,0.0,0,
D.J. Swearinger,22,HOU,SS,16,10,1,0,0,0,4,1,0,0,0,0,0.0,71,54,17,3.0,0.0,0,
Cam Thomas,27,SDG,NT,16,10,1,0,0,0,2,0,0,0,0,0,0.0,23,17,6,4.0,0.0,0,
Antonio Allen,25,NYJ,SS,16,9,1,23,1,23,7,0,0,0,0,0,1.0,63,42,21,2.0,1.0,0,
Jonathan Bostic,22,CHI,MLB,16,9,1,0,0,0,1,0,0,1,0,0,2.0,58,46,12,5.0,2.0,0,
Jeff Heath,22,DAL,SS,16,9,1,0,0,0,3,1,0,1,50,1,0.0,60,47,13,1.0,1.0,0,
Ryan Mundy,28,NYG,FS,16,9,1,91,0,91,2,0,0,1,0,0,1.0,77,50,27,4.0,1.0,0,
Pierre Thomas,29,NOR,RB,16,9,0,0,0,0,0,0,2,1,0,0,0.0,0,0,0,0.0,0.0,0,
David Amerson,22,WAS,SS,16,8,2,45,1,45,10,1,0,0,0,0,0.0,48,40,8,1.0,1.0,0,
Jarrett Boykin,24,GNB,WR,16,8,0,0,0,0,0,0,0,2,15,1,0.0,1,1,0,0.0,0.0,0,
Jamie Collins,24,NWE,LLB,16,8,0,0,0,0,4,0,0,1,0,0,0.0,43,24,19,2.0,3.0,0,
Jed Collins,27,NOR,RB,16,8,0,0,0,0,0,0,0,1,0,0,0.0,2,2,0,0.0,0.0,0,
Kedric Golston,30,WAS,LDE,16,8,0,0,0,0,0,0,0,0,0,0,0.0,21,10,11,1.0,1.0,0,
James Hanna,24,DAL,TE,16,8,0,0,0,0,0,0,0,0,0,0,0.0,1,1,0,0.0,0.0,0,
Parys Haralson,29,NOR,ROLB,16,8,0,0,0,0,1,0,0,0,0,0,3.5,30,16,14,5.0,8.0,0,
Leonard Johnson,23,TAM,DB,16,8,1,48,1,48,8,1,0,0,0,0,0.0,62,48,14,0.0,0.0,0,
Bennie Logan,24,PHI,NT,16,8,0,0,0,0,1,0,0,1,0,0,2.0,27,20,7,5.0,5.0,0,
Keith Rivers,27,NYG,LLB,16,8,0,0,0,0,1,0,0,1,0,0,1.0,45,23,22,2.0,1.0,0,
Anthony Sherman,25,KAN,RB,16,8,0,0,0,0,0,0,1,0,0,0,0.0,12,11,1,0.0,0.0,0,
Jerome Simpson,27,MIN,WR,16,8,0,0,0,0,0,0,1,1,1,0,0.0,0,0,0,0.0,0.0,0,
Dan Skuta,27,SFO,ROLB,16,8,0,0,0,0,2,0,0,1,47,1,0.0,28,21,7,3.0,3.0,0,
Joe Vellano,25,NWE,LDT,16,8,0,0,0,0,0,0,0,1,0,0,2.0,54,20,34,3.0,5.0,0,
Jacquian Williams,25,NYG,LLB,16,8,0,0,0,0,8,0,0,2,5,0,0.0,58,39,19,5.0,1.0,0,
Terrance Williams,24,DAL,WR,16,8,0,0,0,0,0,0,2,0,0,0,0.0,0,0,0,0.0,0.0,0,
Tim Wright,23,TAM,TE,16,8,0,0,0,0,0,0,0,0,0,0,0.0,2,1,1,0.0,0.0,0,
Mike Adams,32,DEN,FS,16,7,1,3,0,3,6,0,0,1,0,0,0.0,64,48,16,1.0,1.0,0,
LeGarrette Blount,27,NWE,RB,16,7,0,0,0,0,0,0,3,0,0,0,0.0,0,0,0,0.0,0.0,0,
Zackary Bowman,29,CHI,RCB,16,7,3,67,1,43,8,0,0,0,0,0,0.0,48,45,3,2.0,0.0,0,
Tramaine Brock,25,SFO,RCB,16,7,5,82,1,41,13,0,0,0,0,0,0.0,37,35,2,0.0,0.0,0,
Darius Butler,27,IND,LCB,16,7,4,79,1,41,15,0,0,1,0,0,0.0,55,45,10,1.0,1.0,0,
Scott Chandler,28,BUF,TE,16,7,0,0,0,0,0,0,1,0,0,0,0.0,0,0,0,0.0,0.0,0,
Tony Fiammetta,27,CHI,FB,16,7,0,0,0,0,0,0,0,0,0,0,0.0,1,0,1,0.0,0.0,0,
Clay Harbor,26,JAX,TE,16,7,0,0,0,0,0,0,2,0,0,0,0.0,3,2,1,0.0,0.0,0,
Joe Hawley,25,ATL,C,16,7,0,0,0,0,0,0,1,0,-16,0,0.0,0,0,0,0.0,0.0,0,
Evander Hood,26,PIT,DE,16,7,0,0,0,0,0,0,0,1,0,0,3.0,39,26,13,4.0,4.0,0,
Vonta Leach,32,BAL,RB,16,7,0,0,0,0,0,0,1,1,0,0,0.0,0,0,0,0.0,0.0,0,
Jim Leonhard,31,BUF,SS,16,7,4,72,0,41,6,0,0,0,0,0,0.0,41,30,11,1.0,0.0,0,
Chris Ogbonnaya,27,CLE,RB,16,7,0,0,0,0,0,0,2,0,0,0,0.0,5,4,1,0.0,0.0,0,
Logan Ryan,22,NWE,RCB,16,7,5,82,1,79,10,1,0,0,0,0,1.5,35,29,6,1.0,3.0,0,
Da'Norris Searcy,25,BUF,FS,16,7,1,32,1,32,7,0,0,2,74,1,3.5,71,48,23,5.0,4.0,0,
Will Ta'ufo'ou,27,JAX,RB,16,7,0,0,0,0,0,0,0,0,0,0,0.0,7,7,0,0.0,0.0,0,
Terrell Thomas,28,NYG,DB,16,7,1,65,0,65,7,1,0,0,0,0,1.0,67,58,9,1.0,1.0,0,
Brandon Thompson,24,CIN,RDT,16,7,0,0,0,0,1,0,0,0,0,0,1.5,23,14,9,2.0,3.0,0,
Marcus Cooper,23,KAN,DB,16,6,3,32,0,20,19,1,0,1,0,1,0.0,44,41,3,0.0,0.0,0,
Quintin Demps,28,KAN,DB,16,6,4,61,0,35,9,0,0,0,0,0,0.0,35,24,11,0.0,0.0,0,
Isaiah Frey,23,CHI,DB,16,6,0,0,0,0,1,0,0,0,0,0,0.0,47,37,10,1.0,2.0,0,
T.J. Graham,24,BUF,WR,16,6,0,0,0,0,0,0,1,0,0,0,0.0,0,0,0,0.0,0.0,0,
Fred Jackson,32,BUF,RB,16,6,0,0,0,0,0,0,3,1,0,0,0.0,0,0,0,0.0,0.0,0,
Antonio Johnson,29,TEN,LDT,16,6,0,0,0,0,1,0,0,0,0,0,3.0,22,15,7,4.0,3.0,0,
Richard Marshall,29,SDG,LCB,16,6,0,0,0,0,6,0,0,1,0,0,0.0,71,57,14,0.0,0.0,0,
Robert McClain,25,ATL,RCB,16,6,0,0,0,0,5,2,1,2,0,0,1.0,65,55,10,2.0,3.0,0,
Fili Moala,28,IND,RDE,16,6,0,0,0,0,1,0,0,1,5,0,1.5,19,9,10,0.0,4.0,0,
Austin Pettis,25,STL,WR,16,6,0,0,0,0,0,0,1,0,0,0,0.0,0,0,0,0.0,0.0,0,
Reggie Walker,27,SDG,LB,16,6,0,0,0,0,1,1,0,0,0,0,3.0,36,30,6,6.0,5.0,0,
Corey White,23,NOR,LCB,16,6,1,43,0,43,6,1,1,1,0,0,0.0,41,29,12,1.0,0.0,0,
Kyle Wilber,24,DAL,LLB,16,6,0,0,0,0,0,1,0,2,1,0,2.0,44,31,13,4.0,4.0,0,
E.J. Biggers,26,WAS,DB,16,5,1,15,0,15,2,0,0,0,0,0,0.0,35,23,12,1.0,0.0,0,
Donald Brown,26,IND,RB,16,5,0,0,0,0,0,0,0,2,0,0,0.0,3,3,0,0.0,0.0,0,
Corey Graham,28,BAL,DB,16,5,4,28,0,28,12,1,0,0,0,0,1.0,74,56,18,5.0,2.0,0,
Davon House,24,GNB,DB,16,5,1,11,0,11,10,0,0,0,0,0,1.0,44,36,8,1.0,1.0,0,
Malik Jackson,23,DEN,LDE,16,5,0,0,0,0,4,1,0,0,0,0,6.0,42,30,12,11.0,14.0,0,
John Jenkins,24,NOR,NT,16,5,0,0,0,0,0,0,0,0,0,0,0.0,21,13,8,2.0,2.0,0,
Greg Jones,32,HOU,RB,16,5,0,0,0,0,0,0,0,1,0,0,0.0,2,2,0,0.0,0.0,0,
Rishard Matthews,24,MIA,TE,16,5,0,0,0,0,0,0,0,0,0,0,0.0,2,1,1,0.0,0.0,0,
Byron Maxwell,25,SEA,RCB,16,5,4,6,0,6,12,2,0,1,0,0,0.0,28,23,5,1.0,0.0,0,
Colin McCarthy,24,TEN,MLB,16,5,1,1,0,1,1,1,0,0,0,0,0.0,55,38,17,2.0,0.0,0,
Jared Odrick,26,MIA,LDT,16,5,0,0,0,0,2,1,0,0,0,0,4.5,42,33,9,9.0,15.0,0,
Keith Tandy,24,TAM,FS,16,5,3,42,0,20,3,1,0,1,0,0,0.0,40,31,9,0.0,1.0,0,
Frank Zombo,26,KAN,LOLB,16,5,1,5,0,5,2,1,0,1,0,0,2.0,27,23,4,0.0,5.0,0,
Robert Alford,25,ATL,DB,16,4,2,0,0,0,8,1,1,1,-5,0,0.0,40,28,12,0.0,1.0,0,
Joique Bell,27,DET,RB,16,4,0,0,0,0,0,0,4,2,0,0,0.0,0,0,0,0.0,0.0,0,
Ted Larsen,26,TAM,G,16,4,0,0,0,0,0,0,1,2,-14,0,0.0,0,0,0,0.0,0.0,0,
Jonathan Massaquoi,25,ATL,DE,16,4,0,0,0,0,1,0,0,0,0,0,4.0,46,29,17,7.0,8.0,0,
Brice McCain,27,HOU,DB,16,4,1,0,0,0,7,0,0,0,0,0,0.0,32,25,7,0.0,0.0,0,
David Paulson,24,PIT,TE,16,4,0,0,0,0,0,0,1,0,0,0,0.0,0,0,0,,,0,
Cassius Vaughn,26,IND,DB,16,4,3,9,0,8,6,1,0,1,0,0,0.0,30,27,3,0.0,0.0,0,
Michael Bennett,28,SEA,DE,16,3,0,0,0,0,0,4,0,1,22,1,8.5,31,18,13,9.0,26.0,0,
Robert Blanton,24,MIN,DB,16,3,0,0,0,0,0,0,0,0,0,0,0.0,61,38,23,0.0,0.0,0,
Drew Davis,24,ATL,WR,16,3,0,0,0,0,0,0,0,0,0,0,0.0,7,6,1,0.0,0.0,0,
Andrew Gachkar,25,SDG,LB,16,3,0,0,0,0,0,1,0,0,0,0,0.0,33,24,9,1.0,0.0,0,
Virgil Green,25,DEN,TE,16,3,0,0,0,0,0,0,0,0,0,0,0.0,3,2,1,0.0,0.0,0,
Ryan Harris,28,HOU,T,16,3,0,0,0,0,0,0,0,0,0,0,0.0,1,1,0,,,0,
Ramon Humber,26,NOR,LB,16,3,0,0,0,0,1,0,0,0,0,0,0.5,29,18,11,2.0,2.0,0,
Micah Hyde,23,GNB,DB,16,3,0,0,0,0,2,2,2,1,0,0,1.0,54,40,14,2.0,0.0,0,
Marvin Jones,23,CIN,WR,16,3,0,0,0,0,0,0,0,0,0,0,0.0,3,2,1,0.0,0.0,0,
Karl Klug,25,TEN,DT,16,3,0,0,0,0,2,2,0,1,0,1,2.0,14,8,6,3.0,4.0,0,
Rueben Randle,22,NYG,WR,16,3,0,0,0,0,0,0,3,1,0,0,0.0,0,0,0,0.0,0.0,0,
Vincent Rey,26,CIN,LB,16,3,2,29,1,25,5,1,0,1,0,0,4.0,57,36,21,5.0,4.0,0,
Mychal Rivera,23,OAK,TE,16,3,0,0,0,0,0,0,0,1,0,0,0.0,2,1,1,0.0,0.0,0,
Marcus Sherels,26,MIN,DB,16,3,1,0,0,0,6,0,3,2,0,0,0.0,46,40,6,1.0,0.0,0,
Taylor Thompson,24,TEN,TE,16,3,0,0,0,0,0,0,0,0,0,0,0.0,7,5,2,0.0,0.0,0,
Levine Toilolo,22,ATL,TE,16,3,0,0,0,0,0,0,0,0,0,0,0.0,1,0,1,0.0,0.0,0,
Darrin Walls,25,NYJ,DB,16,3,0,0,0,0,4,0,0,0,0,0,0.0,21,18,3,1.0,0.0,0,
George Wilson,32,TEN,WR,16,3,1,0,0,0,4,0,0,0,0,0,0.0,40,29,11,2.0,1.0,0,
Jimmy Wilson,27,MIA,DB,16,3,2,21,0,23,5,1,0,0,0,0,0.0,39,38,1,0.0,0.0,0,
Will Witherspoon,33,STL,LB,16,3,1,20,0,20,1,0,0,1,0,0,0.0,13,12,1,1.0,0.0,0,
Jarius Wright,24,MIN,WR,16,3,0,0,0,0,0,0,0,1,0,0,0.0,0,0,0,0.0,0.0,0,
Husain Abdullah,28,KAN,DB,16,2,1,44,1,44,4,0,0,1,0,0,0.5,27,22,5,0.0,2.0,0,
Phillip Adams,25,OAK,DB,16,2,0,0,0,0,1,0,0,1,26,0,0.0,30,26,4,0.0,0.0,0,
Jahleel Addae,23,SDG,DB,16,2,0,0,0,0,3,1,0,0,0,0,1.0,38,34,4,2.0,1.0,0,
Mario Addison,26,CAR,DE,16,2,0,0,0,0,0,1,0,1,0,0,2.5,21,13,8,1.0,9.0,0,
Stedman Bailey,23,STL,WR,16,2,0,0,0,0,0,1,0,0,0,0,0.0,7,5,2,0.0,0.0,0,
Joe Berger,31,MIN,C,16,2,0,0,0,0,0,0,0,0,0,0,0.0,1,1,0,0.0,0.0,0,
Bront Bird,24,SDG,LB,16,2,0,0,0,0,0,0,0,0,0,0,0.0,29,17,12,0.0,0.0,0,
Brandon Boykin,23,PHI,DB,16,2,6,136,1,76,17,2,0,0,0,0,0.0,47,42,5,0.0,2.0,0,
Nigel Bradham,24,BUF,LB,16,2,0,0,0,0,1,0,0,0,0,0,0.0,51,29,22,1.0,0.0,0,
Andre Caldwell,28,DEN,WR,16,2,0,0,0,0,0,0,0,0,0,0,0.0,4,2,2,0.0,0.0,0,
Wallace Gilberry,29,CIN,DE,16,2,0,0,0,0,3,1,0,0,0,0,7.5,24,18,6,6.0,12.0,0,
Ted Ginn Jr.,28,CAR,WR,16,2,0,0,0,0,0,0,0,1,0,0,0.0,0,0,0,0.0,0.0,0,
Matt Giordano,31,STL,DB,16,2,1,82,1,82,1,1,0,0,0,0,0.0,14,13,1,0.0,0.0,0,
Mike Harris,24,JAX,DB,16,2,0,0,0,0,2,0,0,1,0,0,0.0,37,31,6,0.0,0.0,0,
Adam Hayward,29,TAM,LB,16,2,0,0,0,0,1,0,0,0,0,0,0.0,26,19,7,1.0,0.0,0,
Junior Hemingway,25,KAN,WR,16,2,0,0,0,0,0,0,2,1,0,0,0.0,9,7,2,0.0,0.0,0,
Mark Herzlich,26,NYG,LB,16,2,0,0,0,0,1,0,0,0,0,0,0.0,42,32,10,1.0,0.0,0,
Jaiquawn Jarrett,24,NYJ,DB,16,2,0,0,0,0,0,1,0,0,0,0,0.0,26,20,6,1.0,1.0,0,
Tony Jefferson,21,ARI,DB,16,2,0,0,0,0,0,0,0,1,0,0,0.0,24,19,5,1.0,2.0,0,
Felix Jones,26,PIT,RB,16,2,0,0,0,0,0,0,1,0,0,0,0.0,0,0,0,,,0,
A.J. Klein,22,CAR,LB,16,2,0,0,0,0,0,0,0,0,0,0,2.0,21,18,3,5.0,2.0,0,
Leon McFadden,23,CLE,DB,16,2,0,0,0,0,1,0,0,0,0,0,0.0,20,13,7,4.0,1.0,0,
Nickell Robey-Coleman,21,BUF,DB,16,2,1,19,1,19,10,1,0,1,0,0,3.0,39,30,9,8.0,6.0,0,
Jordan Todman,23,JAX,RB,16,2,0,0,0,0,0,0,0,2,0,0,0.0,4,3,1,0.0,0.0,0,
Jason Trusnik,29,MIA,DE,16,2,0,0,0,0,0,0,0,0,0,0,0.0,25,20,5,1.0,0.0,0,
Ricky Wagner,24,BAL,T,16,2,0,0,0,0,0,0,0,1,0,0,0.0,0,0,0,,,0,
Michael Wilhoite,27,SFO,LB,16,2,0,0,0,0,1,0,0,0,0,0,0.0,34,32,2,3.0,0.0,0,
Danny Woodhead,28,SDG,RB,16,2,0,0,0,0,0,0,2,0,0,0,0.0,0,0,0,0.0,0.0,0,
Al Woods,26,PIT,NT,16,2,0,0,0,0,2,0,0,0,0,0,2.0,16,8,8,1.0,4.0,0,
Chris Banjo,23,GNB,DB,16,1,0,0,0,0,2,0,0,0,0,0,0.0,19,17,2,0.0,0.0,0,
Omar Bolden,25,DEN,DB,16,1,0,0,0,0,0,0,0,0,0,0,0.0,14,11,3,0.0,0.0,0,
Jared Crick,24,HOU,DE,16,1,0,0,0,0,3,0,0,0,0,0,0.0,20,11,9,1.0,2.0,0,
Mike Daniels,24,GNB,DE,16,1,0,0,0,0,0,0,0,0,0,0,6.5,23,17,6,9.0,10.0,0,
Knile Davis,22,KAN,RB,16,1,0,0,0,0,0,0,3,0,0,0,0.0,1,1,0,0.0,0.0,0,
Anthony Dixon,26,SFO,RB,16,1,0,0,0,0,0,1,0,0,0,0,0.0,6,6,0,1.0,0.0,0,
Larry Donnell,25,NYG,TE,16,1,0,0,0,0,0,0,0,1,0,0,0.0,4,1,3,0.0,0.0,0,
Kenrick Ellis,26,NYJ,DT,16,1,0,0,0,0,0,0,0,0,0,0,0.0,16,11,5,1.0,0.0,0,
Gavin Escobar,22,DAL,TE,16,1,0,0,0,0,0,0,0,1,0,0,0.0,0,0,0,0.0,0.0,0,
Sharrif Floyd,21,MIN,DT,16,1,0,0,0,0,2,1,1,0,0,0,2.5,19,9,10,3.0,6.0,0,
Will Herring,30,NOR,LB,16,1,1,6,0,6,1,0,0,0,0,0,0.0,14,11,3,0.0,0.0,0,
Jerry Hughes,25,BUF,DE,16,1,0,0,0,0,2,2,0,0,0,0,10.0,46,32,14,9.0,18.0,0,
James-Michael Johnson,24,KAN,LB,16,1,0,0,0,0,1,1,0,0,0,0,1.0,17,17,0,1.0,1.0,0,
Ben Jones,24,HOU,C,16,1,0,0,0,0,0,0,0,1,0,0,0.0,0,0,0,0.0,0.0,0,
Brian Leonard,29,TAM,RB,16,1,0,0,0,0,0,1,0,0,0,0,0.0,4,4,0,0.0,0.0,0,
Keshawn Martin,23,HOU,WR,16,1,0,0,0,0,0,0,2,0,0,0,0.0,0,0,0,,,0,
Ricardo Mathews,26,IND,DT,16,1,0,0,0,0,1,0,0,0,0,0,0.5,18,11,7,1.0,4.0,0,
Demetrius McCray,22,JAX,DB,16,1,0,0,0,0,2,0,0,0,0,0,0.0,12,9,3,0.0,0.0,0,
C.J. Mosley,30,DET,DT,16,1,0,0,0,0,0,0,0,1,0,0,0.0,16,12,4,2.0,4.0,0,
Santana Moss,34,WAS,WR,16,1,0,0,0,0,0,0,2,0,0,0,0.0,0,0,0,0.0,0.0,0,
Jamize Olawale,24,OAK,FB,16,1,0,0,0,0,0,0,0,0,0,0,0.0,8,7,1,0.0,0.0,0,
Eric Page,22,TAM,WR,16,1,0,0,0,0,0,0,3,0,0,0,0.0,1,1,0,0.0,0.0,0,
Ron Parker,26,KAN,DB,16,1,2,29,0,15,3,1,0,3,22,0,1.0,17,17,0,0.0,0.0,0,
Mike Patterson,30,NYG,DT,16,1,0,0,0,0,0,0,0,0,0,0,0.0,23,18,5,2.0,0.0,0,
Eddie Pleasant,25,HOU,DB,16,1,0,0,0,0,2,0,0,0,0,0,0.0,21,20,1,0.0,0.0,0,
Chris Prosinski,26,JAX,DB,16,1,0,0,0,0,2,0,0,0,0,0,0.0,16,12,4,0.0,0.0,0,
Frostee Rucker,30,ARI,DE,16,1,0,0,0,0,0,0,0,0,0,0,1.0,11,9,2,1.0,7.0,0,
Derrick Shelby,24,MIA,DE,16,1,0,0,0,0,0,2,0,0,0,0,2.5,34,23,11,1.0,3.0,0,
Alex Smith,31,CIN,TE,16,1,0,0,0,0,0,0,1,0,0,0,0.0,3,2,1,0.0,0.0,0,
Craig Steltz,27,CHI,DB,16,1,0,0,0,0,0,0,0,0,0,0,0.0,24,21,3,1.0,1.0,0,
Jacob Tamme,28,DEN,TE,16,1,0,0,0,0,0,0,0,0,0,0,0.0,11,9,2,0.0,0.0,0,
Mitch Unrein,26,DEN,DE,16,1,0,0,0,0,0,0,0,0,0,0,0.0,20,15,5,1.0,3.0,0,
Joe Webb,27,MIN,WR,16,1,0,0,0,0,0,0,0,0,0,0,0.0,2,2,0,0.0,0.0,0,
Kyle Wilson,26,NYJ,DB,16,1,0,0,0,0,1,0,0,0,0,0,0.0,26,24,2,0.0,0.0,0,
Kamerion Wimbley,30,TEN,DE,16,1,0,0,0,0,0,0,0,0,0,0,3.0,11,8,3,4.0,7.0,0,
Danny Aiken,25,NWE,LS,16,0,0,0,0,0,0,0,0,0,0,0,0.0,4,4,0,0.0,0.0,0,
Ryan Allen,23,NWE,P,16,0,0,0,0,0,0,0,0,0,0,0,0.0,1,1,0,0.0,0.0,0,
Bryan Anger,25,JAX,P,16,0,0,0,0,0,0,0,1,2,0,0,0.0,2,2,0,0.0,0.0,0,
Javier Arenas,26,ARI,DB,16,0,0,0,0,0,0,0,2,0,0,0,1.0,12,11,1,1.0,1.0,0,
Ray-Ray Armstrong,22,STL,DB,16,0,0,0,0,0,0,0,0,1,0,0,0.0,13,12,1,0.0,0.0,0,
Johnson Bademosi,23,CLE,DB,16,0,0,0,0,0,0,0,0,0,0,0,0.0,14,11,3,2.0,1.0,0,
Dan Bailey,25,DAL,K,16,0,0,0,0,0,0,0,0,0,0,0,0.0,2,2,0,0.0,0.0,0,
Montee Ball,23,DEN,RB,16,0,0,0,0,0,0,0,3,0,0,0,0.0,6,6,0,0.0,0.0,0,
Jackie Battle,30,TEN,RB,16,0,0,0,0,0,0,0,0,0,0,0,0.0,6,4,2,0.0,0.0,0,
Nick Bellore,24,NYJ,LB,16,0,0,0,0,0,0,0,0,0,0,0,0.0,17,8,9,0.0,0.0,0,
Giovani Bernard,22,CIN,RB,16,0,0,0,0,0,0,0,1,1,0,0,0.0,0,0,0,0.0,0.0,0,AP ORoY-3
Justin Bethel,23,ARI,DB,16,0,0,0,0,0,0,0,0,1,-3,0,0.0,21,17,4,0.0,0.0,0,PB
Rob Bironas,35,TEN,K,16,0,0,0,0,0,0,0,0,0,0,0,0.0,4,4,0,0.0,0.0,0,
Matthew Bosher,26,ATL,P,16,0,0,0,0,0,0,0,0,0,0,0,0.0,4,4,0,0.0,0.0,0,
Bryan Braman,26,HOU,LB,16,0,0,0,0,0,0,0,0,0,0,0,0.0,9,9,0,0.0,0.0,0,
Andre Branch,24,JAX,DE,16,0,0,0,0,0,3,0,0,0,0,0,6.0,37,30,7,10.0,9.0,0,
Aaron Brewer,23,DEN,LS,16,0,0,0,0,0,0,0,0,0,0,0,0.0,2,2,0,0.0,0.0,0,
Beau Brinkley,23,TEN,TE,16,0,0,0,0,0,0,0,0,0,0,0,0.0,4,2,2,0.0,0.0,0,
Richie Brockel,27,CAR,TE,16,0,0,0,0,0,0,0,1,0,0,0,0.0,5,4,1,0.0,0.0,0,
Chykie Brown,27,BAL,DB,16,0,0,0,0,0,1,0,0,0,0,0,0.0,10,8,2,0.0,0.0,0,
Jaron Brown,23,ARI,WR,16,0,0,0,0,0,0,0,0,0,0,0,0.0,5,4,1,0.0,0.0,0,
David Bruton,26,DEN,DB,16,0,0,0,0,0,0,0,0,0,0,0,0.0,23,18,5,0.0,1.0,0,
Randy Bullock,24,HOU,K,16,0,0,0,0,0,0,0,0,0,0,0,0.0,1,1,0,0.0,0.0,0,
Kaelin Burnett,24,OAK,DE,16,0,0,0,0,0,0,1,0,0,0,0,0.0,10,6,4,0.0,0.0,0,
Josh Bush,24,NYJ,DB,16,0,0,0,0,0,0,1,0,0,0,0,0.0,17,13,4,1.0,0.0,0,
Dan Carpenter,28,BUF,K,16,0,0,0,0,0,0,0,0,0,0,0,0.0,1,1,0,0.0,0.0,0,
Antoine Cason,27,ARI,DB,16,0,2,36,1,20,3,0,0,3,59,0,0.0,14,12,2,0.0,0.0,0,
Dustin Colquitt,31,KAN,P,16,0,0,0,0,0,0,0,0,0,0,0,0.0,1,1,0,0.0,0.0,0,
Jon Condo,32,OAK,LS,16,0,0,0,0,0,0,0,0,0,0,0,0.0,6,4,2,0.0,0.0,0,
Kevin Cone,25,ATL,WR,16,0,0,0,0,0,0,0,0,0,0,0,0.0,7,6,1,0.0,0.0,0,
Blake Costanzo,29,CHI,LB,16,0,0,0,0,0,0,1,0,1,0,0,0.0,10,8,2,0.0,0.0,0,
Morgan Cox,27,BAL,LS,16,0,0,0,0,0,0,0,0,1,0,0,0.0,2,2,0,0.0,0.0,0,
Mason Crosby,29,GNB,K,16,0,0,0,0,0,0,0,0,0,0,0,0.0,2,1,1,0.0,0.0,0,
Billy Cundiff,33,CLE,K,16,0,0,0,0,0,0,0,0,0,0,0,0.0,1,1,0,0.0,0.0,0,
Craig Dahl,28,SFO,DB,16,0,0,0,0,0,0,0,0,0,0,0,0.0,13,9,4,0.0,0.0,0,
Larry Dean,25,MIN,LB,16,0,0,0,0,0,0,1,0,1,0,0,0.0,13,13,0,0.0,0.0,0,
John Denney,35,MIA,LS,16,0,0,0,0,0,0,0,0,1,0,0,0.0,4,2,2,0.0,0.0,0,
Zak DeOssie,29,NYG,LB,16,0,0,0,0,0,0,0,1,1,-35,0,0.0,10,8,2,0.0,0.0,0,
Jayson DiManche,23,CIN,LB,16,0,0,0,0,0,0,0,0,0,0,0,0.0,18,10,8,0.0,0.0,0,
Jon Dorenbos,33,PHI,LS,16,0,0,0,0,0,0,0,0,0,0,0,0.0,1,0,1,0.0,0.0,0,
Leger Douzable,27,NYJ,DE,16,0,0,0,0,0,0,0,0,1,0,0,1.5,20,5,15,2.0,5.0,0,
Marcus Easley,26,BUF,WR,16,0,0,0,0,0,0,0,0,0,0,0,0.0,23,19,4,0.0,0.0,0,
Andrew Economos,31,TAM,LS,16,0,0,0,0,0,0,0,0,0,0,0,0.0,3,2,1,0.0,0.0,0,
Heath Farwell,32,SEA,LB,16,0,0,0,0,0,0,1,0,0,0,0,0.0,16,9,7,0.0,0.0,0,
Jay Feely,37,ARI,K,16,0,0,0,0,0,0,0,0,0,0,0,0.0,3,2,1,0.0,0.0,0,
Brandon Fields,29,MIA,P,16,0,0,0,0,0,0,0,1,0,-7,0,0.0,2,2,0,0.0,0.0,0,"PB,AP-2"
Jonathan Freeny,24,MIA,DE,16,0,0,0,0,0,0,0,0,0,0,0,0.0,13,10,3,0.0,0.0,0,
Thomas Gafford,30,KAN,LB,16,0,0,0,0,0,0,0,0,0,0,0,0.0,3,2,1,0.0,0.0,0,
Clifton Geathers,26,PHI,DE,16,0,0,0,0,0,0,0,0,0,0,0,0.0,13,9,4,1.0,1.0,0,
Robert Golden,23,PIT,DB,16,0,0,0,0,0,0,1,0,0,0,0,0.0,15,11,4,0.0,0.0,0,
DeJon Gomes,24,DET,DB,16,0,0,0,0,0,0,0,0,0,0,0,0.0,9,8,1,0.0,0.0,0,
Brett Goode,29,GNB,LB,16,0,0,0,0,0,0,0,0,0,0,0,0.0,3,3,0,0.0,0.0,0,
Stephen Gostkowski,29,NWE,K,16,0,0,0,0,0,0,0,0,0,0,0,0.0,1,0,1,0.0,0.0,0,PB
Brandon Graham,25,PHI,DE,16,0,0,0,0,0,0,0,0,0,0,0,3.0,20,16,4,4.0,5.0,0,
Cyrus Gray,24,KAN,RB,16,0,0,0,0,0,0,0,0,2,0,0,0.0,6,5,1,0.0,0.0,0,
Clint Gresham,27,SEA,LB,16,0,0,0,0,0,0,0,0,0,0,0,0.0,2,0,2,0.0,0.0,0,
Everson Griffen,26,MIN,DE,16,0,0,0,0,0,0,1,0,0,0,0,5.5,27,18,9,7.0,10.0,0,
Brandon Harris,23,HOU,DB,16,0,0,0,0,0,4,0,0,0,0,0,0.0,20,17,3,0.0,0.0,0,
Clark Harris,29,CIN,TE,16,0,0,0,0,0,0,0,0,0,0,0,0.0,1,1,0,0.0,0.0,0,
Josh Harris,24,ATL,DB,16,0,0,0,0,0,0,0,0,0,0,0,0.0,2,0,2,0.0,0.0,0,
Johnny Hekker,23,STL,P,16,0,0,0,0,0,0,0,0,0,0,0,0.0,1,1,0,0.0,0.0,0,"PB,AP-1"
Roy Helu,25,WAS,RB,16,0,0,0,0,0,0,0,2,2,0,0,0.0,3,2,1,0.0,0.0,0,
Alex Henery,26,PHI,K,16,0,0,0,0,0,0,0,0,0,0,0,0.0,1,1,0,0.0,0.0,0,
Devin Hester,31,CHI,PR,16,0,0,0,0,0,0,0,5,2,0,0,0.0,0,0,0,0.0,0.0,0,
Chris Hogan,26,BUF,WR,16,0,0,0,0,0,0,0,0,0,0,0,0.0,10,8,2,0.0,0.0,0,
Kendall Hunter,25,SFO,RB,16,0,0,0,0,0,0,0,1,1,2,1,0.0,6,6,0,0.0,0.0,0,
J.J. Jansen,27,CAR,LS,16,0,0,0,0,0,0,0,0,0,0,0,0.0,4,3,1,0.0,0.0,0,PB
Jelani Jenkins,21,MIA,LB,16,0,0,0,0,0,0,0,0,0,0,0,0.0,17,15,2,0.0,1.0,0,
Steven Johnson,25,DEN,LB,16,0,0,0,0,0,0,0,0,0,0,0,0.0,8,6,2,0.0,0.0,0,
Chris Jones,24,DAL,P,16,0,0,0,0,0,0,0,0,0,0,0,0.0,1,1,0,0.0,0.0,0,
Colin Jones,26,CAR,DB,16,0,0,0,0,0,0,0,0,1,0,0,0.0,7,6,1,0.0,0.0,0,
Datone Jones,23,GNB,DE,16,0,0,0,0,0,0,0,0,1,20,0,3.5,10,7,3,3.0,7.0,0,
Don Jones,23,MIA,DB,16,0,0,0,0,0,0,1,0,0,0,0,0.0,11,10,1,0.0,0.0,0,
Donnie Jones,33,PHI,P,16,0,0,0,0,0,0,0,0,0,0,0,0.0,1,1,0,0.0,0.0,0,
Taiwan Jones,25,OAK,RB,16,0,0,0,0,0,0,1,2,0,0,0,0.0,15,13,2,0.0,0.0,0,
Dion Jordan,23,MIA,DE,16,0,0,0,0,0,2,0,0,0,0,0,2.0,26,19,7,2.0,5.0,0,
Kyle Juszczyk,22,BAL,RB,16,0,0,0,0,0,0,0,0,1,0,0,0.0,5,3,2,0.0,0.0,0,
Brett Kern,27,TEN,P,16,0,0,0,0,0,0,0,2,2,-30,0,0.0,0,0,0,0.0,0.0,0,
Marquette King,25,OAK,P,16,0,0,0,0,0,0,0,0,0,0,0,0.0,2,2,0,0.0,0.0,0,
Sam Koch,31,BAL,P,16,0,0,0,0,0,0,0,0,0,0,0,0.0,1,1,0,0.0,0.0,0,
Michael Koenen,31,TAM,P,16,0,0,0,0,0,0,0,0,1,5,0,0.0,0,0,0,0.0,0.0,0,
L.P. Ladouceur,32,DAL,DE,16,0,0,0,0,0,0,0,0,0,0,0,0.0,2,2,0,0.0,0.0,0,
Spencer Lanning,25,CLE,P,16,0,0,0,0,0,0,0,0,0,0,0,0.0,3,3,0,0.0,0.0,0,
Mike Leach,37,ARI,LS,16,0,0,0,0,0,0,0,0,0,0,0,0.0,3,1,2,0.0,0.0,0,
Shane Lechler,37,HOU,P,16,0,0,0,0,0,0,0,0,0,0,0,0.0,2,2,0,0.0,0.0,0,
Corey Lemonier,22,SFO,DE,16,0,0,0,0,0,2,1,0,0,0,0,1.0,15,12,3,1.0,3.0,1,
Anthony Levine,26,BAL,DB,16,0,0,0,0,0,0,0,0,0,0,0,0.0,11,10,1,0.0,0.0,0,
Cullen Loeffler,32,MIN,LS,16,0,0,0,0,0,0,0,0,1,0,0,0.0,2,2,0,0.0,0.0,0,
Jeff Maehl,24,PHI,WR,16,0,0,0,0,0,0,0,0,0,0,0,0.0,5,4,1,0.0,0.0,0,
Chris Maragos,26,SEA,DB,16,0,0,0,0,0,0,0,2,2,-19,0,0.0,12,9,3,1.0,0.0,0,
Eric Martin,22,CLE,LB,16,0,0,0,0,0,0,0,0,1,0,0,0.0,9,5,4,0.0,0.0,0,
Sam Martin,23,DET,P,16,0,0,0,0,0,0,0,2,1,-9,0,0.0,1,1,0,0.0,0.0,0,
Tim Masthay,26,GNB,P,16,0,0,0,0,0,0,0,0,0,0,0,0.0,4,4,0,0.0,0.0,0,
Casey Matthews,24,PHI,LB,16,0,0,0,0,0,0,0,0,1,0,0,0.0,12,10,2,0.0,0.0,0,
Pat McAfee,26,IND,P,16,0,0,0,0,0,0,0,0,0,0,0,0.0,4,4,0,0.0,0.0,0,
Terrell McClain,25,HOU,DT,16,0,0,0,0,0,0,0,0,1,0,0,0.0,10,8,2,0.0,1.0,0,
Rocky McIntosh,31,DET,LB,16,0,0,0,0,0,0,0,0,0,0,0,0.0,16,9,7,1.0,0.0,0,
Pernell McPhee,25,BAL,DE,16,0,0,0,0,0,1,1,0,0,0,0,2.0,21,13,8,5.0,6.0,0,
Mike Morgan,25,SEA,LB,16,0,0,0,0,0,0,0,0,0,0,0,0.0,11,6,5,0.0,0.0,0,
Thomas Morstead,27,NOR,P,16,0,0,0,0,0,0,0,0,0,0,0,0.0,2,2,0,0.0,0.0,0,
Brad Nortman,24,CAR,P,16,0,0,0,0,0,0,0,0,0,0,0,0.0,1,1,0,0.0,0.0,0,
Nick Novak,32,SDG,K,16,0,0,0,0,0,0,0,0,0,0,0,0.0,5,5,0,0.0,0.0,0,
Mike Nugent,31,CIN,K,16,0,0,0,0,0,0,0,0,0,0,0,0.0,3,3,0,0.0,0.0,0,
Matt Overton,28,IND,LS,16,0,0,0,0,0,0,0,0,0,0,0,0.0,4,3,1,0.0,0.0,0,PB
Michael Palmer,25,PIT,TE,16,0,0,0,0,0,0,0,0,0,0,0,0.0,2,2,0,0.0,0.0,0,
Cedric Peerman,27,CIN,RB,16,0,0,0,0,0,0,0,0,1,0,0,0.0,12,11,1,0.0,0.0,0,
Adam Podlesh,30,CHI,P,16,0,0,0,0,0,0,0,0,0,0,0,0.0,1,1,0,0.0,0.0,0,
Tanner Purdum,27,NYJ,LS,16,0,0,0,0,0,0,0,0,0,0,0,0.0,1,0,1,0.0,0.0,0,
Kevin Reddick,24,NOR,LB,16,0,0,0,0,0,0,1,0,0,0,0,0.0,12,10,2,0.0,0.0,0,
Chase Reynolds,26,STL,RB,16,0,0,0,0,0,0,0,0,0,0,0,0.0,7,7,0,0.0,0.0,0,
Denard Robinson,23,JAX,WR,16,0,0,0,0,0,0,0,3,1,0,0,0.0,2,1,1,0.0,0.0,0,
Saverio Rocca,40,WAS,P,16,0,0,0,0,0,0,0,0,1,0,0,0.0,1,1,0,0.0,0.0,0,
Garrison Sanborn,28,BUF,LS,16,0,0,0,0,0,0,0,0,0,0,0,0.0,9,4,5,0.0,0.0,0,
Mike Scifres,33,SDG,P,16,0,0,0,0,0,0,0,1,1,0,0,0.0,1,1,0,0.0,0.0,0,
Josh Scobee,31,JAX,K,16,0,0,0,0,0,0,0,0,0,0,0,0.0,1,1,0,0.0,0.0,0,
Kawann Short,24,CAR,DT,16,0,0,0,0,0,1,1,0,1,0,0,1.5,30,18,12,7.0,14.0,0,
Eugene Sims,27,STL,LB,16,0,0,0,0,0,1,0,0,0,0,0,2.0,27,20,7,6.0,6.0,1,
Alfonso Smith,26,ARI,RB,16,0,0,0,0,0,0,0,2,0,0,0,0.0,6,6,0,0.0,0.0,0,
C.J. Spillman,27,SFO,DB,16,0,0,0,0,0,0,0,0,0,0,0,0.0,25,19,6,0.0,0.0,0,
Daimion Stafford,22,TEN,DB,16,0,0,0,0,0,0,1,0,0,0,0,0.0,8,7,1,0.0,0.0,0,
Darrell Stuckey,26,SDG,DB,16,0,0,0,0,0,1,0,0,1,2,0,0.0,21,16,5,0.0,0.0,0,
Caleb Sturgis,24,MIA,K,16,0,0,0,0,0,0,0,0,0,0,0,0.0,2,1,1,0.0,0.0,0,
Ryan Succop,27,KAN,K,16,0,0,0,0,0,0,0,0,0,0,0,0.0,1,1,0,0.0,0.0,0,
Shaun Suisham,32,PIT,K,16,0,0,0,0,0,0,1,0,0,0,0,0.0,7,6,1,0.0,0.0,0,
Phillip Tanner,25,DAL,RB,16,0,0,0,0,0,0,0,1,0,0,0,0.0,5,3,2,0.0,0.0,0,
Brandon Tate,26,CIN,WR,16,0,0,0,0,0,0,0,2,1,0,0,0.0,0,0,0,,,0,
Stepfan Taylor,22,ARI,RB,16,0,0,0,0,0,0,0,0,0,0,0,0.0,2,2,0,0.0,0.0,0,
Marcus Thigpen,27,MIA,RB,16,0,0,0,0,0,0,0,3,2,0,0,0.0,0,0,0,0.0,0.0,0,
Carson Tinker,24,JAX,LS,16,0,0,0,0,0,0,0,1,0,-14,0,0.0,3,2,1,0.0,0.0,0,
Isaiah Trufant,31,NYJ,DB,16,0,0,0,0,0,0,0,0,0,0,0,0.0,20,14,6,1.0,0.0,0,
Robert Turbin,24,SEA,RB,16,0,0,0,0,0,0,0,1,0,0,0,0.0,1,1,0,0.0,0.0,0,
Raymond Ventrone,31,SFO,DB,16,0,0,0,0,0,0,0,0,1,0,0,0.0,11,8,3,0.0,0.0,0,
Blair Walsh,23,MIN,K,16,0,0,0,0,0,0,0,0,0,0,0,0.0,2,1,1,0.0,0.0,0,
Greg Warren,32,PIT,LS,16,0,0,0,0,0,0,0,0,0,0,0,0.0,1,0,1,0.0,0.0,0,
Jon Weeks,27,HOU,LS,16,0,0,0,0,0,0,0,0,0,0,0,0.0,7,2,5,0.0,0.0,0,
Eric Weems,28,CHI,WR,16,0,0,0,0,0,0,1,0,1,0,0,0.0,9,6,3,0.0,0.0,0,
John Wendling,30,DET,DB,16,0,0,0,0,0,0,0,0,0,0,0,0.0,14,10,4,0.0,0.0,0,
Chris White,24,NWE,LB,16,0,0,0,0,0,0,0,0,0,0,0,0.0,9,5,4,0.0,0.0,0,
Tahir Whitehead,23,DET,LB,16,0,0,0,0,0,0,1,0,0,0,0,0.0,9,7,2,0.0,0.0,0,
Duke Williams,23,BUF,DB,16,0,0,0,0,0,0,0,0,0,0,0,0.0,7,5,2,0.0,1.0,0,
Shawn Williams,22,CIN,DB,16,0,0,0,0,0,0,0,0,0,0,0,0.0,12,8,4,0.0,0.0,0,
Mike Windt,27,SDG,LS,16,0,0,0,0,0,0,0,0,0,0,0,0.0,2,2,0,0.0,0.0,0,
Christian Yount,25,CLE,LS,16,0,0,0,0,0,0,0,0,0,0,0,0.0,1,1,0,0.0,0.0,0,
Greg Zuerlein,26,STL,K,16,0,0,0,0,0,0,0,0,0,0,0,0.0,1,1,0,0.0,0.0,0,
Alan Ball,28,JAX,RCB,15,15,2,8,0,8,14,0,0,0,0,0,0.0,47,41,6,0.0,0.0,0,
Eric Berry,25,KAN,SS,15,15,3,134,2,49,11,2,0,2,24,0,3.5,74,66,8,11.0,7.0,0,"PB,AP-1"
Mike Brisiel,30,OAK,RG,15,15,0,0,0,0,0,0,0,1,0,0,0.0,0,0,0,0.0,0.0,0,
Brandon Brooks,24,HOU,RG,15,15,0,0,0,0,0,0,0,2,0,0,0.0,0,0,0,0.0,0.0,0,
Red Bryant,29,SEA,LDE,15,15,0,0,0,0,1,0,0,0,0,0,1.5,30,16,14,4.0,4.0,0,
Jamaal Charles,27,KAN,RB,15,15,0,0,0,0,0,0,4,1,0,0,0.0,0,0,0,0.0,0.0,0,"PB,AP-1,AP OPoY-3"
Johnathan Cyprien,23,JAX,SS,15,15,1,27,0,27,6,2,0,0,0,0,1.0,103,86,17,1.0,3.0,0,
Vernon Davis,29,SFO,TE,15,15,0,0,0,0,0,0,1,0,0,0,0.0,0,0,0,,,0,"PB,AP-2"
Thomas DeCoud,28,ATL,FS,15,15,0,0,0,0,2,0,0,1,30,1,0.0,65,44,21,1.0,0.0,0,
Dannell Ellerbe,28,MIA,MLB,15,15,2,25,0,16,5,0,0,2,0,0,1.0,101,70,31,3.0,4.0,0,
Nick Fairley,25,DET,LDT,15,15,0,0,0,0,1,2,0,2,4,1,6.0,34,22,12,9.0,19.0,1,
Joe Haden,24,CLE,LCB,15,15,4,57,1,29,20,0,0,0,0,0,0.0,54,43,11,0.0,0.0,0,"PB,AP-2"
Tamba Hali,30,KAN,ROLB,15,15,1,10,1,10,1,5,0,2,11,1,11.0,46,39,7,12.0,15.0,0,"PB,AP-2"
Jason Hatcher,31,DAL,RDT,15,15,0,0,0,0,3,2,0,0,0,0,11.0,41,34,7,15.0,15.0,0,PB
Mike Jenkins,28,OAK,LCB,15,15,2,0,0,0,6,1,0,1,20,0,0.0,65,57,8,5.0,0.0,0,
Derrick Johnson,31,KAN,RILB,15,15,2,44,0,41,6,0,0,2,11,0,4.5,107,95,12,12.0,10.0,0,PB
Michael Johnson,26,CIN,RDE,15,15,1,7,0,7,9,2,0,0,0,0,3.5,56,35,21,5.0,23.0,0,
Maurice Jones-Drew,28,JAX,RB,15,15,0,0,0,0,0,0,1,1,0,0,0.0,0,0,0,0.0,0.0,0,
Johnathan Joseph,29,HOU,RCB,15,15,3,64,0,32,16,0,0,0,0,0,0.0,47,44,3,1.0,1.0,0,
Linval Joseph,25,NYG,LDT,15,15,0,0,0,0,0,1,0,1,0,0,3.0,59,34,25,8.0,8.0,0,
Mychal Kendricks,23,PHI,RILB,15,15,3,25,0,18,4,2,0,4,6,0,4.0,106,81,25,8.0,8.0,0,
Eddie Lacy,23,GNB,RB,15,15,0,0,0,0,0,0,1,1,0,0,0.0,0,0,0,0.0,0.0,0,"PB,AP-2,AP ORoY-1"
Manny Lawson,29,BUF,LLB,15,15,1,0,0,0,1,1,0,1,1,0,4.0,73,52,21,10.0,6.0,0,
Devin McCourty,26,NWE,FS,15,15,1,0,0,0,9,2,0,1,44,0,0.0,69,48,21,1.0,0.0,0,AP-2
Rashard Mendenhall,26,ARI,RB,15,15,0,0,0,0,0,0,4,0,0,0,0.0,0,0,0,0.0,0.0,0,
Reggie Nelson,30,CIN,FS,15,15,2,0,0,0,7,1,2,2,12,0,1.0,65,49,16,4.0,3.0,0,
Haloti Ngata,29,BAL,NT,15,15,0,0,0,0,3,0,0,0,0,0,1.5,52,23,29,3.0,6.0,0,PB
Brian Orakpo,27,WAS,ROLB,15,15,1,29,1,29,4,0,0,2,0,0,10.0,60,43,17,16.0,18.0,0,PB
Corey Peters,25,ATL,LDT,15,15,0,0,0,0,2,0,0,0,0,0,5.0,46,29,17,6.0,7.0,0,
Dontari Poe,23,KAN,NT,15,15,0,0,0,0,4,0,0,0,0,0,4.5,51,43,8,5.0,7.0,0,"PB,AP-2"
Paul Posluszny,29,JAX,RILB,15,15,2,69,1,59,8,1,0,1,0,0,3.0,162,122,40,6.0,8.0,0,PB
Cory Redding,33,IND,LDE,15,15,0,0,0,0,2,0,0,1,0,0,4.5,36,22,14,10.0,10.0,1,
Ray Rice,26,BAL,RB,15,15,0,0,0,0,0,0,2,0,0,0,0.0,0,0,0,,,0,
Tony Romo,33,DAL,QB,15,15,0,0,0,0,0,0,4,4,-6,0,0.0,0,0,0,,,0,
Antonio Smith,32,HOU,RDE,15,15,0,0,0,0,0,1,0,0,0,0,5.0,30,22,8,8.0,13.0,0,
Paul Soliai,30,MIA,RDT,15,15,0,0,0,0,5,1,0,0,0,0,1.0,34,19,15,4.0,4.0,0,
Zach Strief,30,NOR,RT,15,15,0,0,0,0,0,1,0,0,0,0,0.0,1,1,0,,,0,
Phil Taylor,25,CLE,NT,15,15,0,0,0,0,1,0,0,0,0,0,2.0,26,14,12,5.0,6.0,0,
Cameron Wake,31,MIA,LDE,15,15,0,0,0,0,0,2,0,1,0,0,8.5,37,29,8,8.0,21.0,1,PB
Erik Walden,28,IND,LOLB,15,15,0,0,0,0,3,1,1,1,10,0,3.0,45,26,19,5.0,9.0,0,
Vance Walker,26,OAK,LDT/LDE,15,15,0,0,0,0,0,0,0,0,0,0,3.0,40,29,11,7.0,5.0,0,
DeAngelo Williams,30,CAR,RB,15,15,0,0,0,0,0,0,3,1,0,0,0.0,1,1,0,,,0,
Kevin Williams,33,MIN,RDT,15,15,1,0,0,0,4,0,0,1,0,0,3.5,29,17,12,4.0,8.0,0,
Major Wright,25,CHI,SS,15,15,2,46,1,38,3,2,0,0,0,0,0.0,101,79,22,0.0,0.0,0,
Jeff Allen,23,KAN,LG,15,14,0,0,0,0,0,0,0,0,0,0,0.0,1,1,0,0.0,0.0,0,
Keenan Allen,21,SDG,WR,15,14,0,0,0,0,0,0,2,0,0,0,0.0,1,1,0,0.0,0.0,0,AP ORoY-2
Jordan Cameron,25,CLE,TE,15,14,0,0,0,0,0,0,1,0,0,0,0.0,0,0,0,0.0,0.0,0,PB
Jurrell Casey,24,TEN,RDT,15,14,0,0,0,0,2,1,0,1,0,0,10.5,55,38,17,11.0,13.0,0,AP-2
Duke Ihenacho,24,DEN,SS,15,14,0,0,0,0,6,3,0,2,0,0,0.0,74,57,17,2.0,0.0,0,
Mike Mitchell,26,CAR,FS,15,14,4,63,0,38,8,2,0,0,0,0,4.0,66,50,16,4.0,6.0,0,
Derrick Morgan,24,TEN,LDE,15,14,0,0,0,0,2,1,0,1,0,0,6.0,35,29,6,9.0,21.0,0,
Craig Stevens,29,TEN,TE,15,14,0,0,0,0,0,0,0,0,0,0,0.0,1,1,0,0.0,0.0,0,
Chris Canty,31,BAL,RDE,15,13,0,0,0,0,4,2,0,0,0,0,2.0,30,20,10,2.0,7.0,0,
Bruce Carter,25,DAL,RLB,15,13,0,0,0,0,3,0,0,0,0,0,2.0,96,73,23,5.0,4.0,0,
Colin Cole,33,CAR,LDT,15,13,0,0,0,0,0,0,0,0,0,0,1.0,15,9,6,1.0,2.0,0,
Mason Foster,24,TAM,MLB,15,13,3,122,2,85,7,1,0,0,0,0,2.0,92,63,29,6.0,7.0,0,
Chad Henne,28,JAX,QB,15,13,0,0,0,0,0,0,2,2,-1,0,0.0,1,0,1,0.0,0.0,0,
Rashean Mathis,33,DET,RCB,15,13,0,0,0,0,15,0,0,0,0,0,0.0,47,44,3,2.0,0.0,0,
Leodis McKelvin,28,BUF,LCB,15,13,1,0,0,0,19,1,7,4,0,0,0.0,72,60,12,1.0,0.0,0,
Dominique Rodgers-Cromartie,27,DEN,RCB,15,13,3,75,1,75,14,0,0,0,0,0,0.0,31,25,6,3.0,0.0,0,
Jeff Cumberland,26,NYJ,TE,15,12,0,0,0,0,0,0,0,1,0,0,0.0,0,0,0,0.0,0.0,0,
Koa Misi,26,MIA,RLB,15,12,0,0,0,0,3,0,0,0,0,0,2.0,54,34,20,6.0,4.0,0,
Jon Beason,28,2TM,LB,15,13,1,9,0,9,1,0,0,0,0,0,0.0,104,72,32,1.0,1.0,0,
Josh Evans,22,JAX,FS,15,11,0,0,0,0,1,0,0,0,0,0,0.0,58,47,11,0.0,0.0,0,
Sio Moore,23,OAK,RLB,15,11,0,0,0,0,0,1,0,0,0,0,4.5,50,38,12,6.0,9.0,0,
Delanie Walker,29,TEN,TE,15,11,0,0,0,0,0,0,1,1,0,0,0.0,0,0,0,0.0,0.0,0,
Vince Williams,24,PIT,LILB,15,11,0,0,0,0,0,0,0,0,0,0,0.0,53,40,13,4.0,0.0,0,
Jason Worilds,25,PIT,ROLB,15,11,0,0,0,0,0,2,0,0,0,0,8.0,63,43,20,10.0,23.0,0,
James Harrison,35,CIN,LLB,15,10,1,9,0,9,1,0,0,1,0,0,2.0,31,16,15,5.0,6.0,0,
Trumaine McBride,28,NYG,LCB,15,10,2,17,0,17,15,1,1,0,0,0,0.0,37,32,5,1.0,0.0,0,
C.J. Spiller,26,BUF,RB,15,10,0,0,0,0,0,0,4,2,0,0,0.0,0,0,0,0.0,0.0,0,
Melvin White,23,CAR,RCB,15,10,2,9,1,8,5,1,0,0,0,0,0.0,47,40,7,1.0,0.0,0,
Tyson Jackson,27,KAN,LDE,15,9,0,0,0,0,3,0,0,0,0,0,4.0,34,25,9,3.0,3.0,0,
Erik Lorig,27,TAM,RB,15,9,0,0,0,0,0,0,0,0,0,0,0.0,1,1,0,,,0,
Will Blackmon,29,JAX,LCB,15,8,1,1,0,1,11,2,0,1,21,1,1.0,41,31,10,3.0,0.0,0,
Reed Doughty,31,WAS,SS,15,8,1,25,0,25,2,0,0,0,0,0,0.0,80,47,33,1.0,0.0,0,
Ryan Griffin,23,HOU,TE,15,8,0,0,0,0,0,0,0,1,0,0,0.0,4,3,1,0.0,0.0,0,
Rashad Jennings,28,OAK,RB,15,8,0,0,0,0,0,0,0,0,0,0,0.0,3,2,1,0.0,0.0,0,
Darryl Sharpton,25,HOU,LILB,15,8,0,0,0,0,1,2,0,0,0,0,0.0,87,56,31,2.0,4.0,0,
Malcolm Smith,24,SEA,RLB,15,8,2,69,1,37,4,1,0,0,0,0,1.0,54,34,20,5.0,1.0,0,
Akeem Dent,26,ATL,MLB,15,7,0,0,0,0,1,0,0,0,0,0,1.5,51,26,25,5.0,2.0,0,
Kelvin Sheppard,25,IND,LILB,15,7,0,0,0,0,1,0,0,0,0,0,1.0,46,20,26,3.0,2.0,0,
Josh Bynes,24,BAL,ROLB,15,6,0,0,0,0,3,0,0,0,0,0,0.0,45,22,23,1.0,1.0,0,
Chris Ivory,25,NYJ,RB,15,6,0,0,0,0,0,0,2,1,0,0,0.0,0,0,0,0.0,0.0,0,
John Kuhn,31,GNB,RB,15,6,0,0,0,0,0,0,1,0,0,0,0.0,1,1,0,0.0,0.0,0,
Dexter McCluster,24,KAN,WR,15,6,0,0,0,0,0,0,2,1,0,0,0.0,0,0,0,0.0,0.0,0,"PB,AP-2"
John Phillips,26,SDG,TE,15,6,0,0,0,0,0,0,0,0,0,0,0.0,4,3,1,0.0,0.0,0,
Bobby Rainey,26,2TM,RB,15,6,0,0,0,0,0,0,1,1,0,0,0.0,0,0,0,0.0,0.0,0,
Will Johnson,24,PIT,RB,15,5,0,0,0,0,0,0,0,0,0,0,0.0,7,6,1,0.0,0.0,0,
Jermaine Kearse,23,SEA,WR,15,5,0,0,0,0,0,0,1,1,0,0,0.0,5,4,1,0.0,0.0,1,
Stacy McGee,23,OAK,LDT,15,5,0,0,0,0,0,0,0,1,3,0,0.5,20,14,6,2.0,5.0,0,
Jack Doyle,23,IND,TE,15,4,0,0,0,0,0,0,0,0,0,0,0.0,2,2,0,0.0,0.0,0,
Khaseem Greene,24,CHI,LB,15,4,1,49,0,49,1,1,0,0,0,0,0.0,28,21,7,3.0,6.0,0,
Nate Irving,25,DEN,LB,15,4,0,0,0,0,1,0,0,0,0,0,1.0,41,29,12,8.0,3.0,0,
Jamari Lattimore,25,GNB,LB,15,4,0,0,0,0,1,1,0,0,0,0,2.0,35,24,11,3.0,2.0,0,
Matthew Mulligan,28,NWE,TE,15,4,0,0,0,0,0,0,0,1,0,0,0.0,0,0,0,,,0,
Niles Paul,24,WAS,WR,15,4,0,0,0,0,0,0,0,1,0,0,0.0,12,9,3,0.0,0.0,0,
Jacquizz Rodgers,23,ATL,RB,15,4,0,0,0,0,0,0,1,0,0,0,0.0,3,2,1,0.0,0.0,0,
Ace Sanders,22,JAX,WR,15,4,0,0,0,0,0,0,0,0,0,0,0.0,1,1,0,0.0,0.0,0,
Darren Sproles,30,NOR,RB,15,4,0,0,0,0,0,0,2,0,0,0,0.0,1,1,0,0.0,0.0,0,
Robert Ayers,28,DEN,DE,15,3,0,0,0,0,0,1,0,0,0,0,5.5,29,23,6,7.0,10.0,0,
Allen Bailey,24,KAN,DE,15,3,0,0,0,0,2,0,0,0,0,0,1.0,30,25,5,1.0,2.0,0,
Chris Baker,26,WAS,DE,15,3,0,0,0,0,1,0,0,0,0,0,1.0,27,16,11,5.0,6.0,0,
Jasper Brinkley,28,ARI,LB,15,3,0,0,0,0,1,0,0,0,0,0,0.0,27,23,4,4.0,2.0,0,
Landon Cohen,27,2TM,DT,15,3,0,0,0,0,0,0,0,0,0,0,0.0,15,9,6,1.0,0.0,0,
Elvis Dumervil,29,BAL,LB,15,3,0,0,0,0,2,2,0,0,0,0,9.5,31,18,13,8.0,15.0,0,
Duron Harmon,22,NWE,DB,15,3,2,44,0,42,4,0,0,0,0,0,0.0,31,24,7,0.0,0.0,0,
Jerrel Jernigan,24,NYG,WR,15,3,0,0,0,0,0,0,1,0,0,0,0.0,0,0,0,0.0,0.0,0,
Barkevious Mingo,23,CLE,LB,15,3,0,0,0,0,4,0,0,0,0,0,5.0,42,29,13,9.0,12.0,0,
Dante Rosario,29,CHI,TE,15,3,0,0,0,0,0,0,0,0,0,0,0.0,5,4,1,0.0,0.0,0,
Eddie Royal,27,SDG,WR,15,3,0,0,0,0,0,1,1,0,0,0,0.0,1,1,0,0.0,0.0,0,
Dekoda Watson,25,TAM,LB,15,3,1,0,0,0,1,1,0,1,0,0,2.0,42,33,9,5.0,4.0,0,
Cliff Avril,27,SEA,DE,15,2,0,0,0,0,4,6,0,1,0,0,8.0,20,14,6,4.0,14.0,0,
Corbin Bryant,25,BUF,DT,15,2,0,0,0,0,0,0,0,0,0,0,1.0,14,7,7,4.0,2.0,0,
Tandon Doss,24,BAL,WR,15,2,0,0,0,0,0,0,1,0,0,0,0.0,1,1,0,0.0,0.0,0,
John Hughes,25,CLE,DT,15,2,0,0,0,0,2,0,0,1,0,0,1.0,34,15,19,2.0,1.0,0,
Tony Jerod-Eddie,23,SFO,DE,15,2,1,6,0,6,2,0,0,1,0,0,0.0,28,21,7,2.0,3.0,0,
Sean Lissemore,26,SDG,NT,15,2,1,0,1,0,1,0,0,0,0,0,2.0,24,18,6,3.0,3.0,0,
O'Brien Schofield,26,SEA,LB,15,2,0,0,0,0,0,0,0,0,0,0,1.0,8,7,1,3.0,3.0,0,
J.T. Thomas,25,JAX,LB,15,2,0,0,0,0,0,1,0,0,0,0,0.0,23,18,5,2.0,0.0,1,
Jarius Wynn,27,2TM,DE,15,2,0,0,0,0,2,0,0,0,0,0,2.0,11,8,3,4.0,3.0,0,
Tank Carder,24,CLE,LB,15,1,0,0,0,0,0,0,0,0,0,0,0.0,15,9,6,0.0,0.0,0,
James Casey,29,PHI,TE,15,1,0,0,0,0,0,0,0,0,0,0,0.0,10,9,1,0.0,0.0,0,
Chimdi Chekwa,25,OAK,DB,15,1,0,0,0,0,0,0,0,1,0,0,0.0,23,19,4,0.0,0.0,0,
Andre Ellington,24,ARI,RB,15,1,0,0,0,0,0,0,1,1,0,0,0.0,1,1,0,0.0,0.0,0,
Dane Fletcher,27,NWE,DE,15,1,0,0,0,0,0,1,0,0,0,0,2.0,26,15,11,2.0,3.0,0,
Terence Garvin,22,PIT,LB,15,1,0,0,0,0,0,0,0,0,0,0,0.0,11,11,0,0.0,0.0,0,
Clinton McDonald,26,SEA,DT,15,1,1,3,0,3,2,0,0,2,0,0,5.5,35,19,16,7.0,14.0,0,
Sherrick McManis,26,CHI,DB,15,1,0,0,0,0,1,0,0,0,0,0,0.0,10,8,2,0.0,0.0,0,
Daniel Thomas,26,MIA,RB,15,1,0,0,0,0,0,0,0,1,0,0,0.0,3,3,0,0.0,0.0,0,
Justin Tuggle,23,HOU,LB,15,1,0,0,0,0,0,0,0,0,0,0,0.0,15,13,2,0.0,0.0,0,
Daren Bates,23,STL,LB,15,0,0,0,0,0,0,0,0,1,11,1,0.0,5,5,0,0.0,0.0,0,
Michael Buchanan,22,NWE,DE,15,0,0,0,0,0,0,0,0,1,0,0,2.0,9,7,2,2.0,5.0,0,
Mike Catapano,23,KAN,DE,15,0,0,0,0,0,0,0,0,0,0,0,1.0,4,3,1,1.0,3.0,0,
Tashard Choice,29,2TM,RB,15,0,0,0,0,0,0,0,0,1,0,0,0.0,5,4,1,0.0,0.0,0,
Kurt Coleman,25,PHI,DB,15,0,0,0,0,0,0,0,0,0,0,0,0.0,14,13,1,0.0,0.0,0,
Jack Crawford,25,OAK,DE,15,0,0,0,0,0,0,0,0,0,0,0,0.0,16,9,7,1.0,2.0,0,
Demarcus Dobbs,26,SFO,DE,15,0,0,0,0,0,1,0,0,0,0,0,0.0,14,6,8,0.0,2.0,0,
Nate Ebner,25,NWE,DB,15,0,0,0,0,0,0,0,0,2,0,0,0.0,9,3,6,0.0,0.0,0,
Dylan Gandy,31,DET,G,15,0,0,0,0,0,0,1,0,0,0,0,0.0,1,1,0,0.0,0.0,0,
Domenik Hixon,29,CAR,WR,15,0,0,0,0,0,0,0,0,0,0,0,0.0,1,1,0,0.0,0.0,0,
Trindon Holliday,27,DEN,WR,15,0,0,0,0,0,0,0,5,3,0,0,0.0,0,0,0,0.0,0.0,0,
Israel Idonije,33,DET,DE,15,0,0,0,0,0,0,0,0,0,0,0,0.5,11,7,4,5.0,6.0,0,
Jeremy Lane,23,SEA,DB,15,0,0,0,0,0,4,0,1,0,0,0,0.0,25,18,7,1.0,0.0,0,
Ellis Lankster,26,NYJ,DB,15,0,0,0,0,0,0,0,0,0,0,0,0.0,18,16,2,0.0,0.0,0,
Cliff Matthews,24,ATL,DE,15,0,0,0,0,0,0,0,0,0,0,0,0.0,13,7,6,0.0,0.0,0,
Albert McClellan,27,BAL,LB,15,0,0,0,0,0,0,0,0,0,0,0,0.0,12,12,0,0.0,0.0,0,
Danny McCray,25,DAL,DB,15,0,0,0,0,0,0,0,0,0,0,0,0.0,8,7,1,0.0,1.0,0,
Brandon McGee,23,STL,DB,15,0,0,0,0,0,0,0,0,0,0,0,0.0,14,11,3,0.0,0.0,0,
Damontre Moore,21,NYG,DE,15,0,0,0,0,0,1,1,0,0,0,0,0.0,11,9,2,0.0,3.0,0,
Chris Polk,24,PHI,RB,15,0,0,0,0,0,0,0,0,0,0,0,0.0,4,3,1,0.0,0.0,0,
Antone Smith,28,ATL,RB,15,0,0,0,0,0,0,0,0,0,0,0,0.0,11,10,1,0.0,0.0,0,
B.W. Webb,23,DAL,DB,15,0,0,0,0,0,1,0,0,0,0,0,0.0,16,13,3,0.0,0.0,0,
Don Barclay,24,GNB,RT,14,14,0,0,0,0,0,0,0,1,0,0,0.0,0,0,0,0.0,0.0,0,
Mark Barron,24,TAM,SS,14,14,2,3,0,3,7,0,0,1,0,0,2.0,88,70,18,3.0,3.0,0,
Duane Brown,28,HOU,LT,14,14,0,0,0,0,0,0,0,1,0,0,0.0,0,0,0,0.0,0.0,0,PB
Reggie Bush,28,DET,RB,14,14,0,0,0,0,0,0,5,1,0,0,0.0,0,0,0,0.0,0.0,0,
Jermaine Gresham,25,CIN,TE,14,14,0,0,0,0,0,0,3,0,0,0,0.0,0,0,0,0.0,0.0,0,
Michael Griffin,28,TEN,FS,14,14,1,0,0,0,4,2,0,1,0,0,0.0,82,61,21,1.0,1.0,0,
Geno Hayes,26,JAX,LILB,14,14,2,39,0,28,4,1,0,0,0,0,1.0,77,58,19,2.0,2.0,0,
Kareem Jackson,25,HOU,LCB,14,14,0,0,0,0,9,0,0,1,0,0,0.0,56,51,5,1.0,0.0,0,
Malcolm Jenkins,26,NOR,FS,14,14,2,35,0,31,6,2,0,0,0,0,2.5,68,44,24,4.0,3.0,0,
Calvin Johnson,28,DET,WR,14,14,0,0,0,0,0,0,1,1,1,0,0.0,0,0,0,0.0,0.0,0,"PB,AP-1"
Charles Johnson,27,CAR,LDE,14,14,0,0,0,0,0,1,0,1,0,0,11.0,31,25,6,13.0,17.0,0,
James Jones,29,GNB,WR,14,14,0,0,0,0,0,0,2,1,0,0,0.0,0,0,0,0.0,0.0,0,
Ray McDonald,29,SFO,LDE,14,14,0,0,0,0,1,0,0,0,0,0,3.5,37,29,8,6.0,7.0,0,
Heath Miller,31,PIT,TE,14,14,0,0,0,0,0,0,1,0,0,0,0.0,0,0,0,,,0,
Roy Miller,26,JAX,NT,14,14,0,0,0,0,0,0,0,0,0,0,0.0,24,19,5,3.0,1.0,0,
DeMarco Murray,25,DAL,RB,14,14,0,0,0,0,0,0,3,1,0,0,0.0,0,0,0,0.0,0.0,0,PB
Adrian Peterson,28,MIN,RB,14,14,0,0,0,0,0,0,5,1,0,0,0.0,0,0,0,0.0,0.0,0,"PB,AP-2"
Brandon Pettigrew,28,DET,TE,14,14,0,0,0,0,0,0,1,0,0,0,0.0,1,1,0,0.0,0.0,0,
Mike Pouncey,24,MIA,C,14,14,0,0,0,0,0,0,1,0,-18,0,0.0,0,0,0,0.0,0.0,0,PB
Craig Robertson,25,CLE,LILB,14,14,1,12,0,12,3,1,0,1,7,0,3.0,85,57,28,4.0,4.0,0,
Ahtyba Rubin,27,CLE,LDE,14,14,0,0,0,0,0,0,0,0,0,0,2.0,52,25,27,3.0,5.0,0,
Sam Shields,26,GNB,RCB,14,14,4,3,0,7,16,0,0,0,12,0,0.0,61,51,10,0.0,1.0,0,
Kenny Vaccaro,22,NOR,SS,14,14,1,29,0,29,8,1,0,0,0,0,1.0,79,62,17,4.0,3.0,0,AP DRoY-3
Bobby Wagner,23,SEA,MLB,14,14,2,9,0,9,7,0,0,1,0,0,5.0,120,72,48,4.0,6.0,0,
Andrew Whitworth,32,CIN,LT,14,14,0,0,0,0,0,0,0,1,0,0,0.0,0,0,0,0.0,0.0,0,
Aaron Williams,23,BUF,SS,14,14,4,43,0,34,11,1,0,0,0,0,0.0,82,60,22,2.0,0.0,0,
Patrick Willis,28,SFO,RILB,14,14,0,0,0,0,1,2,0,0,0,0,3.0,104,82,22,10.0,5.0,0,PB
Stefen Wisniewski,24,OAK,C,14,14,0,0,0,0,0,0,3,0,-4,0,0.0,0,0,0,0.0,0.0,0,
Robert Woods,21,BUF,WR,14,14,0,0,0,0,0,0,0,0,0,0,0.0,2,1,1,0.0,0.0,0,
Russell Allen,27,JAX,ROLB,14,13,0,0,0,0,0,0,0,2,0,0,1.0,64,46,18,4.0,1.0,0,
Quinton Coples,23,NYJ,LOLB,14,13,0,0,0,0,2,1,0,0,0,0,4.5,39,25,14,11.0,19.0,0,
Mike DeVito,29,KAN,RDE,14,13,0,0,0,0,1,0,0,0,0,0,0.0,28,18,10,1.0,0.0,0,
Eric Fisher,22,KAN,RT,14,13,0,0,0,0,0,0,0,1,0,0,0.0,0,0,0,0.0,0.0,0,
Arthur Jones,27,BAL,LDE,14,13,0,0,0,0,0,0,0,0,0,0,4.0,53,28,25,8.0,7.0,0,
Joe Mays,28,HOU,RILB,14,13,0,0,0,0,3,0,0,0,0,0,1.0,67,42,25,6.0,4.0,1,
Bruce Miller,26,SFO,RB,14,13,0,0,0,0,0,0,1,0,0,0,0.0,3,2,1,0.0,0.0,0,
Ezekiel Ansah,24,DET,LDE,14,12,0,0,0,0,1,2,0,0,0,0,8.0,32,19,13,7.0,11.0,0,
Victor Cruz,27,NYG,WR,14,12,0,0,0,0,0,0,1,0,0,0,0.0,0,0,0,0.0,0.0,0,
Erin Henderson,27,MIN,MLB,14,12,2,19,0,10,3,1,0,0,0,0,4.0,113,70,43,12.0,6.0,0,
Quintin Mikell,33,CAR,SS,14,12,0,0,0,0,6,2,0,1,0,0,3.0,59,41,18,2.0,2.0,0,
Zac Stacy,22,STL,RB,14,12,0,0,0,0,0,0,1,1,1,0,0.0,0,0,0,0.0,0.0,0,
Steve Gregory,30,NWE,SS,14,11,0,0,0,0,3,0,0,0,0,0,1.0,79,50,29,0.0,2.0,0,
Shea McClellin,24,CHI,LDE,14,10,0,0,0,0,0,0,0,1,0,0,4.0,30,14,16,5.0,11.0,0,
Steve McLendon,27,PIT,NT,14,10,0,0,0,0,0,1,0,0,0,0,0.0,33,20,13,2.0,2.0,0,
Dan Williams,26,ARI,NT,14,10,1,2,1,2,3,0,0,0,0,0,1.0,23,15,8,1.0,5.0,0,
Wesley Woodyard,27,DEN,LILB,14,10,1,0,0,0,4,2,0,0,0,0,1.5,84,48,36,3.0,9.0,0,
Cortez Allen,25,PIT,LCB,14,8,2,43,1,40,13,0,0,0,0,0,0.0,51,44,7,1.0,0.0,0,
Jarvis Jones,24,PIT,OLB,14,8,0,0,0,0,4,0,0,0,0,0,1.0,41,31,10,4.0,3.0,0,
Trent Richardson,23,IND,RB,14,8,0,0,0,0,0,0,2,0,0,0,0.0,0,0,0,,,0,
Patrick DiMarco,24,ATL,RB,14,7,0,0,0,0,0,0,0,0,0,0,0.0,1,0,1,0.0,0.0,0,
Josh Morgan,28,WAS,WR,14,7,0,0,0,0,0,0,2,1,0,0,0.0,0,0,0,,,0,
Isaac Sopoaga,32,2TM,DT,14,9,0,0,0,0,1,0,0,0,0,0,1.0,12,8,4,2.0,1.0,0,
Ben Tate,25,HOU,RB,14,7,0,0,0,0,0,0,5,1,0,0,0.0,0,0,0,0.0,0.0,0,
Paris Lenon,36,DEN,MLB,14,6,0,0,0,0,2,0,0,0,0,0,0.0,22,16,6,0.0,0.0,0,
Stevan Ridley,24,NWE,RB,14,6,0,0,0,0,0,0,4,0,0,0,0.0,0,0,0,,,0,
Drayton Florence,33,CAR,DB,14,5,2,40,1,38,9,0,1,0,0,0,0.0,26,19,7,0.0,0.0,0,
Ed Reed,35,2TM,FS,14,10,3,49,0,25,4,0,0,0,0,0,0.0,38,27,11,2.0,0.0,0,
Cole Beasley,24,DAL,WR,14,3,0,0,0,0,0,0,1,0,0,0,0.0,0,0,0,0.0,0.0,0,
Davone Bess,28,CLE,WR,14,3,0,0,0,0,0,0,1,0,0,0,0.0,0,0,0,0.0,0.0,0,
Don Carey,26,DET,DB,14,3,0,0,0,0,1,1,0,0,0,0,0.0,30,24,6,6.0,0.0,0,
Fred Evans,30,MIN,DT,14,3,0,0,0,0,3,1,0,0,0,0,0.0,20,16,4,3.0,1.0,0,
Josh Hill,23,NOR,TE,14,3,0,0,0,0,0,0,0,0,0,0,0.0,1,0,1,0.0,0.0,0,
Dre Kirkpatrick,24,CIN,DB,14,3,3,21,1,21,5,0,0,1,9,0,1.0,30,23,7,1.0,1.0,0,
Andy Mulumba,23,GNB,LB,14,3,0,0,0,0,0,0,0,1,0,0,1.0,30,15,15,2.0,1.0,0,
Stephen Nicholas,30,ATL,LB,14,3,0,0,0,0,1,1,0,0,0,0,1.0,35,21,14,2.0,1.0,0,
Coty Sensabaugh,25,TEN,DB,14,3,0,0,0,0,7,0,0,2,0,0,0.0,31,26,5,1.0,0.0,0,
Alameda Ta'amu,23,ARI,DT,14,3,0,0,0,0,0,0,0,0,0,0,0.0,7,5,2,2.0,1.0,0,
Winston Guy,23,JAX,DB,14,2,0,0,0,0,1,1,0,0,0,0,1.0,29,22,7,0.0,1.0,0,
John Lotulelei,22,2TM,LB,14,2,0,0,0,0,0,1,0,0,0,0,0.0,12,8,4,1.0,0.0,0,
Devin Taylor,24,DET,DE,14,2,0,0,0,0,1,2,0,0,0,0,2.5,14,9,5,2.0,7.0,0,
Shamarko Thomas,22,PIT,DB,14,2,0,0,0,0,0,0,0,0,0,0,0.0,29,22,7,1.0,3.0,0,
Kayvon Webster,22,DEN,DB,14,2,1,10,0,10,9,1,0,0,0,0,0.0,41,37,4,1.0,0.0,0,
Fozzy Whittaker,24,2TM,RB,14,2,0,0,0,0,0,0,1,1,0,0,0.0,0,0,0,0.0,0.0,0,
Michael Cox,25,NYG,RB,14,1,0,0,0,0,0,0,0,1,0,0,0.0,3,3,0,0.0,0.0,0,
Jacoby Ford,26,OAK,WR,14,1,0,0,0,0,0,0,4,1,0,0,0.0,0,0,0,0.0,0.0,0,
Najee Goode,24,PHI,LB,14,1,0,0,0,0,4,0,0,1,2,1,1.0,21,15,6,1.0,1.0,0,
Malliciah Goodman,23,ATL,DE,14,1,0,0,0,0,0,0,0,2,13,0,0.0,8,5,3,1.0,1.0,0,
Jason Snelling,30,ATL,RB,14,1,0,0,0,0,0,0,0,1,0,0,0.0,3,2,1,0.0,0.0,0,
Ryan Taylor,26,GNB,TE,14,1,0,0,0,0,0,0,1,1,0,0,0.0,2,2,0,0.0,0.0,0,
Seyi Ajirotutu,26,SDG,WR,14,0,0,0,0,0,0,1,0,0,0,0,0.0,15,15,0,0.0,0.0,0,
Colt Anderson,28,PHI,DB,14,0,0,0,0,0,1,1,0,0,0,0,0.0,11,9,2,0.0,0.0,0,
Nick Barnett,32,WAS,LB,14,0,0,0,0,0,0,0,0,0,0,0,0.0,12,7,5,1.0,0.0,0,
Antwon Blake,23,PIT,DB,14,0,0,0,0,0,0,0,0,0,0,0,0.0,11,8,3,0.0,0.0,0,
Kyle Bosworth,27,DAL,LB,14,0,0,0,0,0,0,0,0,0,0,0,0.0,6,3,3,0.0,0.0,0,
Arthur Brown,20,BAL,LB,14,0,0,0,0,0,0,1,0,0,0,0,0.5,15,11,4,0.0,3.0,0,
Sergio Brown,25,IND,DB,14,0,0,0,0,0,0,0,0,2,6,0,0.0,9,7,2,1.0,1.0,0,
Benny Cunningham,23,STL,RB,14,0,0,0,0,0,0,0,2,1,0,0,0.0,2,2,0,0.0,0.0,0,
Vinny Curry,25,PHI,DE,14,0,0,0,0,0,2,0,0,0,0,0,4.0,22,17,5,5.0,7.0,0,
Toby Gerhart,26,MIN,RB,14,0,0,0,0,0,0,0,1,0,0,0,0.0,0,0,0,0.0,0.0,0,
William Hayes,28,STL,DE,14,0,1,5,0,5,3,0,0,2,0,0,5.0,28,21,7,9.0,11.0,0,
Kevin Huber,28,CIN,P,14,0,0,0,0,0,0,0,1,1,-15,0,0.0,0,0,0,0.0,0.0,0,
Michael Mauti,23,MIN,LB,14,0,0,0,0,0,0,0,0,0,0,0,0.0,13,12,1,0.0,0.0,0,
Louis Murphy,26,NYG,WR,14,0,0,0,0,0,0,0,1,0,0,0,0.0,0,0,0,,,0,
Kassim Osgood,33,SFO,WR,14,0,0,0,0,0,0,0,0,1,0,1,0.0,10,7,3,0.0,0.0,0,
Ryan Quigley,23,NYJ,P,14,0,0,0,0,0,0,0,0,0,0,0,0.0,1,1,0,0.0,0.0,0,
Theo Riddick,22,DET,RB,14,0,0,0,0,0,0,0,0,0,0,0,0.0,7,7,0,0.0,0.0,0,
Jordan Senn,29,CAR,LB,14,0,0,0,0,0,0,0,0,0,0,0,0.0,7,4,3,0.0,0.0,0,
Russell Shepard,23,TAM,WR,14,0,0,0,0,0,0,1,0,0,0,0,0.0,6,6,0,0.0,0.0,0,
Le'Veon Bell,21,PIT,RB,13,13,0,0,0,0,0,0,1,0,0,0,0.0,0,0,0,,,0,
Morgan Burnett,24,GNB,SS,13,13,0,0,0,0,6,0,0,3,12,1,0.0,96,60,36,0.0,0.0,0,
Bradley Fletcher,27,PHI,LCB,13,13,2,30,0,25,15,1,0,1,0,0,0.0,70,62,8,0.0,0.0,0,
Brandon Flowers,27,KAN,LCB,13,13,1,32,0,32,8,0,0,0,0,0,1.0,68,63,5,3.0,3.0,0,PB
Mike Glennon,24,TAM,QB,13,13,0,0,0,0,0,0,7,3,-16,0,0.0,0,0,0,0.0,0.0,0,
Dashon Goldson,29,TAM,FS,13,13,1,0,0,0,8,1,0,1,0,0,0.0,72,54,18,1.0,0.0,0,
Robert Griffin III,23,WAS,QB,13,13,0,0,0,0,0,0,11,2,-36,0,0.0,0,0,0,0.0,0.0,0,
Letroy Guion,26,MIN,LDT,13,13,0,0,0,0,1,1,0,1,0,0,1.0,21,10,11,3.0,1.0,0,
Rey Maualuga,26,CIN,MLB,13,13,1,14,0,14,2,0,0,0,0,0,1.0,75,52,23,0.0,1.0,0,
Brandon Meriweather,29,WAS,FS,13,13,2,62,0,32,3,1,0,1,0,0,1.0,69,53,16,3.0,2.0,0,
Terence Newman,35,CIN,LCB,13,13,2,8,0,9,11,0,0,1,58,1,0.0,52,45,7,4.0,0.0,0,
Jamarca Sanford,28,MIN,SS,13,13,0,0,0,0,1,2,0,1,0,0,0.0,75,58,17,2.0,1.0,0,
Jabaal Sheard,24,CLE,ROLB,13,13,0,0,0,0,4,1,0,1,0,0,5.5,36,19,17,5.0,9.0,0,
Aqib Talib,27,NWE,LCB,13,13,4,12,0,14,14,1,0,1,0,0,0.0,41,35,6,1.0,0.0,0,"PB,AP-2"
Manti Te'o,22,SDG,LILB,13,13,0,0,0,0,4,0,0,0,0,0,0.0,61,41,20,6.0,0.0,0,
Max Unger,27,SEA,C,13,13,0,0,0,0,0,0,0,2,0,0,0.0,0,0,0,0.0,0.0,0,PB
DeMarcus Ware,31,DAL,RDE,13,13,1,0,0,0,2,0,0,1,0,0,6.0,40,28,12,9.0,12.0,0,
Wes Welker,32,DEN,WR,13,13,0,0,0,0,0,0,1,0,0,0,0.0,1,1,0,0.0,0.0,0,
Roddy White,32,ATL,WR,13,13,0,0,0,0,0,0,2,0,0,0,0.0,0,0,0,,,0,
K.J. Wright,24,SEA,RLB,13,13,0,0,0,0,4,0,0,1,0,0,1.5,80,46,34,4.0,2.0,0,
Shareece Wright,26,SDG,RCB,13,13,1,41,0,41,9,0,0,0,0,0,0.0,56,54,2,1.0,0.0,0,
Donald Butler,25,SDG,RILB,13,12,1,30,0,30,4,1,0,1,0,0,0.5,84,71,13,4.0,1.0,0,
Dee Milliner,22,NYJ,RCB,13,12,3,31,0,19,17,0,0,0,0,0,0.0,56,45,11,1.0,0.0,0,
Garrett Graham,27,HOU,TE,13,11,0,0,0,0,0,0,2,1,0,0,0.0,0,0,0,0.0,0.0,0,
Tyrann Mathieu,21,ARI,FS,13,11,2,7,0,7,9,1,0,0,0,0,1.0,68,65,3,6.0,3.0,0,AP DRoY-4
Tarell Brown,28,SFO,RCB,13,10,0,0,0,0,10,0,0,2,16,0,0.0,32,29,3,0.0,0.0,0,
Nick Foles,24,PHI,QB,13,10,0,0,0,0,0,0,4,1,-10,0,0.0,0,0,0,0.0,0.0,0,PB
Sammie Lee Hill,27,TEN,LDT,13,10,0,0,0,0,5,0,0,1,0,0,0.0,25,17,8,,,0,
Rob Housler,25,ARI,TE,13,10,0,0,0,0,0,0,1,0,0,0,0.0,0,0,0,0.0,0.0,0,
Jason Hunter,30,OAK,RDE,13,10,0,0,0,0,2,1,0,1,15,0,3.0,27,19,8,4.0,7.0,0,
Stephen Paea,25,CHI,RDT,13,10,0,0,0,0,3,0,0,0,0,0,1.5,23,11,12,3.0,2.0,0,
Alfonzo Dennard,24,NWE,RCB,13,9,1,0,0,0,8,0,0,0,0,0,0.0,40,34,6,0.0,0.0,0,
John Carlson,29,MIN,TE,13,8,0,0,0,0,0,0,1,1,0,0,0.0,1,1,0,0.0,0.0,0,
Stanley Havili,26,IND,RB,13,8,0,0,0,0,0,1,0,0,0,0,0.0,7,5,2,0.0,0.0,0,
Johnny Jolly,30,GNB,RDE,13,8,0,0,0,0,1,0,0,1,0,0,1.0,21,11,10,6.0,2.0,0,
Chase Blackburn,30,CAR,RLB,13,7,0,0,0,0,1,0,0,0,0,0,0.0,27,18,9,1.0,0.0,0,
Rashad Johnson,27,ARI,FS,13,7,3,35,0,18,5,0,0,0,0,0,0.0,58,52,6,0.0,0.0,0,
Darrel Young,26,WAS,RB,13,7,0,0,0,0,0,0,0,0,0,0,0.0,6,4,2,0.0,0.0,0,
Rafael Bush,26,NOR,DB,13,6,0,0,0,0,5,0,0,1,0,0,0.0,41,29,12,0.0,0.0,0,
Xavier Rhodes,23,MIN,LCB,13,6,0,0,0,0,10,1,0,0,0,0,0.0,48,41,7,1.0,0.0,0,
Darian Stewart,25,STL,SS,13,6,0,0,0,0,5,1,0,1,19,0,0.0,36,30,6,0.0,2.0,0,
Josh Thomas,24,CAR,LCB,13,6,1,0,0,0,2,0,1,0,0,0,0.0,28,21,7,0.0,0.0,0,
Tourek Williams,22,SDG,ROLB,13,6,0,0,0,0,0,1,0,0,0,0,1.0,11,9,2,0.0,0.0,0,
Bill Bentley,24,DET,DB,13,5,0,0,0,0,5,0,0,0,0,0,0.0,29,20,9,,,0,
Audie Cole,24,MIN,MLB,13,5,0,0,0,0,1,0,0,0,0,0,1.0,45,27,18,2.0,5.0,0,
Lance Moore,30,NOR,WR,13,5,0,0,0,0,0,0,1,0,0,0,0.0,1,1,0,0.0,0.0,0,
J.J. Wilcox,22,DAL,SS,13,5,0,0,0,0,1,0,0,0,0,0,0.0,38,22,16,0.0,0.0,0,
Johnny Patrick,25,SDG,DB,13,4,1,0,0,0,2,1,0,0,0,0,1.5,38,36,2,2.0,4.0,0,
Darius Slay,22,DET,DB,13,4,0,0,0,0,5,0,0,0,0,0,0.0,34,27,7,0.0,0.0,0,
Sylvester Williams,25,DEN,DT,13,4,0,0,0,0,0,0,0,1,0,0,2.0,19,12,7,5.0,3.0,0,
Tavon Austin,23,STL,WR,13,3,0,0,0,0,0,0,4,2,0,0,0.0,0,0,0,0.0,0.0,0,
Dwayne Harris,26,DAL,WR,13,3,0,0,0,0,0,0,2,2,0,0,0.0,9,9,0,0.0,0.0,0,
Garrett McIntyre,29,NYJ,LB,13,3,0,0,0,0,0,0,0,0,0,0,2.0,19,10,9,3.0,2.0,0,
Da'Quan Bowers,23,TAM,DE,13,2,0,0,0,0,0,0,0,0,0,0,1.0,7,2,5,0.0,3.0,0,
Roc Carmichael,25,PHI,DB,13,2,0,0,0,0,4,0,0,0,0,0,0.0,16,14,2,0.0,0.0,0,
Chris Owens,27,2TM,DB,13,2,0,0,0,0,3,1,0,1,0,0,2.5,58,46,12,1.0,2.0,0,
Joseph Randle,22,DAL,RB,13,2,0,0,0,0,0,0,0,1,-7,0,0.0,3,3,0,0.0,0.0,0,
Jeremy Ross,25,2TM,WR,13,2,0,0,0,0,0,0,2,0,0,0,0.0,1,1,0,0.0,0.0,0,
Chris Carter,24,PIT,LB,13,1,0,0,0,0,0,0,0,1,0,0,0.0,5,4,1,0.0,0.0,0,
Brandon Deaderick,26,JAX,DT,13,1,0,0,0,0,1,1,0,1,0,0,0.5,9,7,2,0.0,0.0,0,
Gary Gibson,31,TAM,DT,13,1,0,0,0,0,0,0,0,0,0,0,0.0,3,1,2,1.0,2.0,0,
Spencer Larsen,29,TAM,FB,13,1,0,0,0,0,0,0,0,0,0,0,0.0,3,3,0,0.0,0.0,0,
Mike Martin,23,TEN,DT,13,1,0,0,0,0,1,0,0,0,0,0,1.0,15,11,4,6.0,4.0,0,
James Starks,27,GNB,RB,13,1,0,0,0,0,0,0,1,0,0,0,0.0,0,0,0,,,0,
Bjoern Werner,23,IND,DE,13,1,0,0,0,0,3,0,0,0,0,0,2.5,18,14,4,3.0,3.0,0,
Patrick Bailey,28,TEN,LB,13,0,0,0,0,0,0,0,1,0,0,0,0.0,9,8,1,0.0,0.0,0,
Travaris Cadet,24,NOR,RB,13,0,0,0,0,0,0,0,0,0,0,0,0.0,5,2,3,0.0,0.0,0,
Josh Chapman,24,IND,NT,13,0,0,0,0,0,0,0,0,0,0,0,0.0,15,9,6,0.0,1.0,0,
Orson Charles,22,CIN,TE,13,0,0,0,0,0,0,0,0,0,0,0,0.0,6,4,2,0.0,0.0,0,
Marquice Cole,30,NWE,DB,13,0,1,0,0,0,2,0,0,1,0,0,0.0,15,10,5,0.0,0.0,0,
Jermelle Cudjo,27,STL,DT,13,0,0,0,0,0,1,0,0,0,0,0,0.0,11,7,4,1.0,1.0,0,
Joel Dreessen,31,DEN,TE,13,0,0,0,0,0,0,0,0,0,0,0,0.0,3,0,3,0.0,0.0,0,
Andre Fluellen,28,DET,DT,13,0,0,0,0,0,0,0,0,0,0,0,0.0,3,1,2,1.0,0.0,0,
Alex Green,25,NYJ,RB,13,0,0,0,0,0,0,0,0,0,0,0,0.0,6,3,3,0.0,0.0,0,
Paul Hazel,23,CLE,DE,13,0,0,0,0,0,0,0,0,0,0,0,0.0,3,1,2,0.0,1.0,0,
Lestar Jean,25,HOU,WR,13,0,0,0,0,0,0,0,0,0,0,0,0.0,1,1,0,0.0,0.0,0,
Damaris Johnson,24,PHI,WR,13,0,0,0,0,0,0,0,1,0,0,0,0.0,0,0,0,,,0,
Ishmaa'ily Kitchen,25,CLE,DT,13,0,0,0,0,0,0,0,0,0,0,0,0.0,18,7,11,3.0,2.0,0,
Jeromy Miles,26,2TM,DB,13,0,0,0,0,0,0,0,0,0,0,0,0.0,10,10,0,1.0,0.0,0,
Kevin Minter,23,ARI,LB,13,0,0,0,0,0,0,0,0,0,0,0,0.0,4,4,0,0.0,0.0,0,
Darryl Morris,23,SFO,DB,13,0,0,0,0,0,0,0,0,0,0,0,0.0,6,4,2,0.0,0.0,0,
Dezman Moses,24,KAN,LB,13,0,0,0,0,0,0,0,0,0,0,0,0.0,5,3,2,0.0,0.0,0,
R.J. Stanford,25,MIA,DB,13,0,0,0,0,0,0,0,0,0,0,0,0.0,5,5,0,0.0,0.0,0,
Jeremy Stewart,24,OAK,RB,13,0,0,0,0,0,0,0,0,0,0,0,0.0,5,5,0,0.0,0.0,0,
DeAngelo Tyson,24,BAL,DT,13,0,1,0,0,0,1,0,0,0,0,0,2.0,10,9,1,2.0,2.0,0,
Anthony Walters,25,CHI,DB,13,0,0,0,0,0,0,0,0,0,0,0,0.0,5,5,0,0.0,0.0,0,
Tavon Wilson,23,NWE,DB,13,0,1,74,1,74,1,0,0,0,0,0,0.0,3,3,0,0.0,0.0,0,
Blidi Wreh-Wilson,24,TEN,DB,13,0,0,0,0,0,1,1,0,0,0,0,0.0,13,9,4,1.0,0.0,0,
Desmond Bryant,28,CLE,RDE,12,12,0,0,0,0,0,0,0,0,0,0,3.5,31,11,20,3.0,16.0,0,
Moise Fokou,28,TEN,MLB,12,12,0,0,0,0,0,2,0,1,0,0,1.0,78,62,16,2.0,3.0,0,
Chris Houston,29,DET,LCB,12,12,2,34,0,30,9,0,0,0,0,0,0.0,44,38,6,1.0,0.0,0,
Bruce Irvin,26,SEA,LLB,12,12,1,8,0,8,2,1,0,0,0,0,2.0,40,31,9,2.0,4.0,0,
Stevie Johnson,27,BUF,WR,12,12,0,0,0,0,0,0,1,1,0,0,0.0,0,0,0,0.0,0.0,0,
Brad Jones,27,GNB,RILB,12,12,0,0,0,0,0,1,0,1,3,0,3.0,84,60,24,8.0,5.0,0,
Brett Keisel,35,PIT,RDE,12,12,0,0,0,0,1,1,0,2,1,0,4.0,29,20,9,3.0,7.0,0,
LaRon Landry,29,IND,FS,12,12,0,0,0,0,2,0,0,0,0,0,0.0,87,62,25,1.0,1.0,0,
Daryl Washington,27,ARI,LILB,12,12,2,49,0,41,11,0,0,1,0,0,3.0,75,59,16,8.0,12.0,0,
Chris Cook,26,MIN,RCB,12,11,0,0,0,0,2,0,0,0,0,0,0.0,47,41,6,1.0,0.0,0,
Stephen Hill,22,NYJ,WR,12,11,0,0,0,0,0,0,1,1,0,0,0.0,0,0,0,0.0,0.0,0,
Doug Legursky,27,BUF,LG,12,11,0,0,0,0,0,0,0,1,0,0,0.0,0,0,0,0.0,0.0,0,
Brodrick Bunkley,30,NOR,NT,12,10,0,0,0,0,0,0,0,0,0,0,0.0,13,8,5,1.0,1.0,0,
Patrick Chung,26,PHI,FS,12,10,0,0,0,0,3,0,0,1,0,0,0.0,59,39,20,1.0,0.0,0,
Jo-Lonn Dunbar,28,STL,RLB,12,10,0,0,0,0,0,0,0,0,0,0,0.0,39,33,6,4.0,2.0,0,
Will Hill,23,NYG,FS,12,10,2,38,1,38,2,2,0,1,8,0,0.0,77,60,17,1.0,1.0,0,
Aaron Dobson,22,NWE,WR,12,9,0,0,0,0,0,0,1,1,0,0,0.0,0,0,0,0.0,0.0,0,
Tiquan Underwood,26,TAM,WR,12,7,0,0,0,0,0,0,0,0,0,0,0.0,1,1,0,0.0,0.0,0,
Willis McGahee,32,CLE,RB,12,6,0,0,0,0,0,0,1,0,0,0,0.0,0,0,0,,,0,
Ernie Sims,29,DAL,LB,12,6,0,0,0,0,0,1,0,0,0,0,0.0,42,31,11,0.0,0.0,0,
Jarvis Jenkins,25,WAS,LDE,12,5,0,0,0,0,0,0,0,0,0,0,2.0,22,12,10,1.0,3.0,0,
Jonathan Casillas,26,TAM,LB,12,4,0,0,0,0,2,1,0,0,0,0,0.0,35,23,12,1.0,0.0,0,
Robert Lester,25,CAR,DB,12,4,3,5,0,5,4,0,0,1,0,0,0.0,21,16,5,2.0,3.0,0,
Collin Mooney,27,TEN,RB,12,4,0,0,0,0,0,0,0,0,0,0,0.0,3,2,1,0.0,0.0,0,
Frank Alexander,24,CAR,DE,12,3,0,0,0,0,2,0,0,1,-3,0,1.0,15,9,6,3.0,2.0,0,
Derrick Coleman,23,SEA,RB,12,3,0,0,0,0,0,0,1,0,0,0,0.0,4,2,2,0.0,0.0,0,
Chris Crocker,33,CIN,DB,12,3,2,41,1,32,7,0,0,0,0,0,1.5,37,28,9,5.0,1.0,0,
Thomas Keiser,24,SDG,LB,12,3,1,6,0,6,2,0,0,0,0,0,4.5,21,17,4,4.0,8.0,0,
Walter Thurmond,26,SEA,DB,12,3,1,29,1,29,6,1,0,1,-2,0,1.0,33,24,9,3.0,1.0,0,
Brandon Bolden,23,NWE,RB,12,2,0,0,0,0,0,0,0,0,0,0,0.0,1,0,1,0.0,0.0,0,
Tony Carter,27,DEN,DB,12,2,1,0,0,0,6,0,1,0,0,0,0.0,13,12,1,1.0,0.0,0,
William Gholston,22,TAM,DE,12,2,0,0,0,0,3,0,0,0,0,0,2.0,30,14,16,3.0,5.0,0,
MarQueis Gray,24,CLE,TE,12,2,0,0,0,0,0,0,0,0,0,0,0.0,1,1,0,0.0,0.0,0,
Jerron McMillian,24,GNB,DB,12,2,0,0,0,0,1,0,0,0,0,0,0.0,15,15,0,0.0,1.0,0,
Mistral Raymond,26,MIN,DB,12,2,0,0,0,0,2,0,0,0,0,0,0.0,15,10,5,0.0,0.0,0,
David Bass,23,CHI,DE,12,1,1,24,1,24,1,0,0,0,0,0,1.0,23,15,8,4.0,2.0,0,
Marcus Benard,28,ARI,LB,12,1,0,0,0,0,1,1,0,0,0,0,2.5,17,15,2,1.0,10.0,0,
Garrett Celek,25,SFO,TE,12,1,0,0,0,0,0,0,1,0,0,0,0.0,0,0,0,,,0,
Terrence Cody,25,BAL,DT,12,1,0,0,0,0,0,0,0,0,0,0,0.0,15,7,8,1.0,0.0,0,
Marquise Goodwin,23,BUF,WR,12,1,0,0,0,0,0,0,1,0,0,0,0.0,0,0,0,0.0,0.0,0,
Rob Jackson,28,WAS,DE,12,1,1,4,0,4,1,0,0,0,0,0,2.0,19,8,11,1.0,2.0,0,
Markus Wheaton,22,PIT,WR,12,1,0,0,0,0,0,0,0,0,0,0,0.0,6,6,0,0.0,0.0,0,
Usama Young,28,OAK,DB,12,1,1,26,0,26,3,0,1,1,0,0,2.5,26,20,6,2.0,3.0,0,
Armonty Bryant,23,CLE,DE,12,0,0,0,0,0,0,0,0,0,0,0,2.0,12,8,4,3.0,4.0,0,
Jarrett Bush,29,GNB,DB,12,0,1,0,0,0,5,0,0,1,0,0,0.0,14,11,3,0.0,0.0,0,
Crezdon Butler,26,SDG,DB,12,0,0,0,0,0,0,1,0,0,0,0,0.0,4,3,1,0.0,0.0,0,
Cody Davis,24,STL,DB,12,0,0,0,0,0,0,0,0,0,0,0,0.0,5,5,0,0.0,0.0,0,
Michael Ford,23,CHI,RB,12,0,0,0,0,0,0,0,0,1,0,0,0.0,4,4,0,0.0,0.0,0,
Glenn Foster,23,NOR,DE,12,0,0,0,0,0,1,0,0,0,0,0,3.0,7,4,3,4.0,6.0,0,
Josh Gordy,26,IND,DB,12,0,1,7,0,7,2,0,0,0,0,0,0.0,12,10,2,0.0,0.0,0,
Lawrence Guy,23,2TM,DE,12,0,0,0,0,0,4,0,0,0,0,0,0.0,20,12,8,2.0,4.0,0,
Mario Harvey,26,IND,LB,12,0,0,0,0,0,0,0,0,0,0,0,0.0,15,13,2,1.0,0.0,0,
Charles James,23,NYG,DB,12,0,0,0,0,0,0,0,1,0,0,0,0.0,4,2,2,0.0,0.0,0,
Cam Johnson,23,IND,DE,12,0,0,0,0,0,0,0,0,0,0,0,0.0,5,4,1,0.0,0.0,0,
Tom Johnson,29,NOR,DT,12,0,0,0,0,0,0,0,0,0,0,0,2.0,12,6,6,2.0,4.0,0,
Jake Knott,23,PHI,LB,12,0,0,0,0,0,0,0,0,0,0,0,0.0,8,6,2,0.0,0.0,0,
Travis Lewis,25,DET,LB,12,0,0,0,0,0,0,0,0,0,0,0,0.0,6,4,2,0.0,0.0,0,
Stansly Maponga,22,ATL,DE,12,0,0,0,0,0,0,0,0,0,0,0,0.0,5,2,3,0.0,1.0,0,
Drake Nevis,24,2TM,DT,12,0,0,0,0,0,0,0,0,0,0,0,0.0,15,11,4,1.0,0.0,0,
Jordan Poyer,22,2TM,DB,12,0,0,0,0,0,0,0,0,0,0,0,0.0,21,20,1,0.0,0.0,0,
LaRoy Reynolds,23,JAX,LB,12,0,0,0,0,0,1,0,0,0,0,0,0.0,15,13,2,0.0,0.0,0,
Matthew Slater,28,NWE,WR,12,0,0,0,0,0,0,0,0,0,0,0,0.0,11,8,3,0.0,0.0,0,PB
Austin Spitler,27,MIA,LB,12,0,0,0,0,0,0,0,0,0,0,0,0.0,8,8,0,0.0,0.0,0,
Nathan Stupar,25,2TM,LB,12,0,0,0,0,0,0,0,0,0,0,0,0.0,10,7,3,0.0,0.0,0,
Jamaal Westerman,28,BUF,DE,12,0,0,0,0,0,0,0,0,0,0,0,0.5,9,6,3,2.0,3.0,0,
Jay Cutler,30,CHI,QB,11,11,0,0,0,0,0,0,5,1,-10,0,0.0,0,0,0,0.0,0.0,0,
David Diehl,33,NYG,RG,11,11,0,0,0,0,0,0,0,2,0,0,0.0,0,0,0,0.0,0.0,0,
Justin Houston,24,KAN,LOLB,11,11,0,0,0,0,4,1,0,2,0,0,11.0,44,41,3,11.0,15.0,0,PB
Sean Lee,27,DAL,MLB,11,11,4,174,1,74,6,0,0,1,10,0,0.0,99,68,31,3.0,1.0,0,AP CPoY-11
Marcedes Lewis,29,JAX,TE,11,11,0,0,0,0,0,0,1,0,0,0,0.0,0,0,0,0.0,0.0,0,
Clay Matthews,27,GNB,ROLB,11,11,0,0,0,0,1,3,0,0,0,0,7.5,41,26,15,9.0,11.0,0,
Kevin Vickerson,30,DEN,LDT,11,11,0,0,0,0,3,0,0,0,0,0,1.0,22,18,4,7.0,2.0,0,
Derek Wolfe,23,DEN,LDE,11,11,0,0,0,0,0,0,0,1,1,0,4.0,16,11,5,7.0,8.0,0,
LaMarr Woodley,29,PIT,LOLB,11,11,0,0,0,0,1,1,0,1,0,0,5.0,36,20,16,4.0,11.0,0,
Asante Samuel,32,ATL,RCB,11,10,1,1,0,1,4,1,0,0,0,0,0.0,30,29,1,0.0,0.0,0,
Pat Angerer,26,IND,LILB,11,9,1,4,0,4,2,0,0,0,0,0,0.5,63,37,26,2.0,2.0,0,
Jairus Byrd,27,BUF,FS,11,9,4,85,0,57,6,1,0,0,0,0,1.0,48,37,11,1.0,1.0,0,"PB,AP-2"
Ryan Fitzpatrick,31,TEN,QB,11,9,0,0,0,0,0,0,9,4,-3,0,0.0,0,0,0,0.0,0.0,0,
Stephon Gilmore,23,BUF,RCB,11,9,2,0,0,0,10,0,0,1,0,0,0.0,35,30,5,0.0,0.0,0,
Jarret Johnson,32,SDG,ROLB,11,9,0,0,0,0,3,0,0,0,0,0,3.0,33,22,11,4.0,5.0,0,
Terrelle Pryor,24,OAK,QB,11,9,0,0,0,0,0,0,7,4,-9,0,0.0,0,0,0,0.0,0.0,0,
Aldon Smith,24,SFO,ROLB,11,8,0,0,0,0,0,1,0,0,0,0,8.5,34,29,5,11.0,18.0,0,
Mike Brown,24,JAX,WR,11,6,0,0,0,0,0,0,2,1,0,0,0.0,0,0,0,0.0,0.0,0,
Rhett Ellison,25,MIN,RB,11,6,0,0,0,0,0,0,0,0,0,0,0.0,1,0,1,0.0,0.0,0,
Nick Perry,23,GNB,LOLB,11,6,0,0,0,0,1,3,0,0,0,0,4.0,28,20,8,2.0,1.0,0,
Jason Pierre-Paul,24,NYG,RDE,11,6,1,24,1,24,4,0,0,0,0,0,2.0,27,20,7,6.0,6.0,0,
Earl Wolff,24,PHI,FS,11,6,1,0,0,0,5,0,0,0,0,0,0.0,45,37,8,1.0,1.0,0,
Dwan Edwards,32,CAR,DT,11,3,0,0,0,0,0,0,0,2,0,0,3.0,19,12,7,3.0,7.0,0,
Bacarri Rambo,23,WAS,DB,11,3,0,0,0,0,0,0,0,0,0,0,1.0,43,32,11,2.0,1.0,0,
Billy Winn,24,CLE,DT,11,3,0,0,0,0,0,1,0,0,0,0,2.0,21,18,3,6.0,4.0,0,
Matt Asiata,26,MIN,RB,11,1,0,0,0,0,0,0,1,0,0,0,0.0,4,3,1,0.0,0.0,0,
Jayron Hosley,23,NYG,DB,11,1,0,0,0,0,2,0,0,0,0,0,0.0,9,6,3,0.0,0.0,0,
Quentin Jammer,34,DEN,DB,11,1,0,0,0,0,2,0,0,1,0,0,0.0,14,13,1,0.0,0.0,0,
Isa Abdul-Quddus,24,NOR,DB,11,0,0,0,0,0,1,0,0,0,0,0,0.0,13,12,1,0.0,0.0,0,
Brandon Bostick,24,GNB,TE,11,0,0,0,0,0,0,0,0,0,0,0,0.0,8,6,2,0.0,0.0,0,
Ron Brooks,25,BUF,DB,11,0,0,0,0,0,0,0,0,0,0,0,0.0,9,7,2,0.0,1.0,0,
Chris Carr,30,NOR,DB,11,0,1,0,0,0,4,0,0,0,0,0,0.0,16,11,5,0.0,0.0,0,
Perrish Cox,26,2TM,DB,11,0,0,0,0,0,0,0,1,0,0,0,0.0,5,5,0,0.0,0.0,0,
Johnathan Franklin,24,GNB,RB,11,0,0,0,0,0,0,0,2,0,0,0,0.0,3,3,0,0.0,0.0,0,
Johnathan Hankins,21,NYG,DT,11,0,0,0,0,0,0,0,0,0,0,0,0.0,16,9,7,2.0,2.0,0,
Gerald Hodges,22,MIN,LB,11,0,0,0,0,0,0,0,0,0,0,0,0.0,5,4,1,0.0,0.0,0,
Josh Hull,26,WAS,LB,11,0,0,0,0,0,0,0,0,0,0,0,0.0,14,8,6,0.0,0.0,0,
Cameron Lawrence,22,DAL,LB,11,0,0,0,0,0,0,0,0,0,0,0,0.0,10,10,0,0.0,0.0,0,
Kelcie McCray,25,TAM,DB,11,0,0,0,0,0,1,0,0,1,17,0,0.0,12,8,4,1.0,0.0,0,
Brian Moorman,37,BUF,P,11,0,0,0,0,0,0,0,1,1,0,0,0.0,0,0,0,0.0,0.0,0,
Jerome Murphy,26,WAS,DB,11,0,0,0,0,0,0,0,0,0,0,0,0.0,6,5,1,0.0,0.0,0,
Kyle Nelson,27,WAS,LS,11,0,0,0,0,0,0,0,1,0,0,0,0.0,0,0,0,,,0,
Ryan Robinson,23,OAK,DE,11,0,0,0,0,0,1,0,0,0,0,0,0.0,4,3,1,0.0,0.0,0,
Trent Robinson,23,WAS,DB,11,0,0,0,0,0,2,0,0,0,0,0,0.0,10,6,4,0.0,0.0,0,
Micheal Spurlock,30,2TM,WR,11,0,0,0,0,0,0,0,0,0,0,0,0.0,2,2,0,0.0,0.0,0,
Andy Studebaker,28,IND,LB,11,0,0,0,0,0,1,0,0,0,0,0,0.0,12,7,5,0.0,2.0,0,
Darryl Tapp,29,WAS,DE,11,0,0,0,0,0,0,0,0,0,0,0,1.0,10,7,3,2.0,1.0,0,
Jason Williams,27,CAR,LB,11,0,0,0,0,0,0,0,0,0,0,0,0.0,4,3,1,0.0,0.0,0,
Stephen Bowen,29,WAS,RDE,10,10,0,0,0,0,1,0,0,0,0,0,0.0,19,11,8,2.0,2.0,0,
Jabari Greer,31,NOR,LCB,10,10,1,22,0,22,12,0,0,0,0,0,0.0,30,26,4,1.0,0.0,0,
Ricky Jean-Francois,27,IND,RDE,10,10,0,0,0,0,2,0,0,0,0,0,2.5,19,13,6,5.0,5.0,0,
EJ Manuel,23,BUF,QB,10,10,0,0,0,0,0,0,6,2,-5,0,0.0,0,0,0,0.0,0.0,0,
Jameel McClain,28,BAL,LILB,10,10,0,0,0,0,0,1,0,0,0,0,0.0,52,29,23,1.0,0.0,0,
T.J. McDonald,22,STL,SS,10,10,1,-2,0,-2,4,0,0,0,0,0,1.0,53,45,8,4.0,1.0,0,
Rahim Moore,23,DEN,FS,10,10,2,18,0,18,6,0,0,0,0,0,0.0,44,38,6,0.0,0.0,0,
Josh Robinson,22,MIN,LCB,10,10,0,0,0,0,4,1,0,0,0,0,0.0,58,48,10,3.0,1.0,0,
Kellen Clemens,30,STL,QB,10,9,0,0,0,0,0,0,7,1,-3,0,0.0,0,0,0,0.0,0.0,0,
Dwayne Gratz,23,JAX,LCB,10,8,2,20,0,17,3,0,0,0,0,0,0.0,32,26,6,0.0,0.0,0,
Matt Schaub,32,HOU,QB,10,8,0,0,0,0,0,0,2,0,-1,0,0.0,0,0,0,,,0,
Morris Claiborne,23,DAL,LCB,10,7,1,0,0,0,5,0,0,1,0,0,0.0,26,24,2,0.0,0.0,0,
Darren McFadden,26,OAK,RB,10,7,0,0,0,0,0,0,1,0,0,0,0.0,0,0,0,,,0,
Justin Durant,28,DAL,LLB,10,6,0,0,0,0,1,1,0,1,5,0,0.0,24,14,10,2.0,0.0,0,
Andre Gurode,35,OAK,C,10,4,0,0,0,0,0,0,0,1,0,0,0.0,0,0,0,0.0,0.0,0,
Andre Holmes,25,OAK,WR,10,4,0,0,0,0,0,0,0,1,22,0,0.0,0,0,0,0.0,0.0,0,
Brice Butler,23,OAK,WR,10,2,0,0,0,0,0,0,0,1,0,0,0.0,0,0,0,0.0,0.0,0,
Darius Johnson,22,ATL,WR,10,2,0,0,0,0,0,0,1,0,0,0,0.0,2,2,0,0.0,0.0,0,
Michael Boley,31,CIN,LB,10,1,0,0,0,0,0,0,0,0,0,0,0.0,10,7,3,0.0,0.0,0,
Michael Huff,30,2TM,DB,10,1,0,0,0,0,0,0,0,0,0,0,0.0,8,7,1,0.0,0.0,0,
Zeke Motta,23,ATL,DB,10,1,0,0,0,0,1,0,0,0,0,0,0.0,16,8,8,0.0,0.0,0,
Daniel Muir,30,OAK,DT,10,1,0,0,0,0,0,0,0,0,0,0,1.0,17,12,5,2.0,3.0,0,
Damian Williams,25,TEN,WR,10,1,0,0,0,0,0,0,2,1,0,0,0.0,0,0,0,0.0,0.0,0,
LaVon Brazill,24,IND,WR,10,0,0,0,0,0,0,1,1,0,0,0,0.0,4,4,0,0.0,0.0,0,
Kavell Conner,26,IND,LB,10,0,0,0,0,0,1,0,0,1,0,0,0.0,21,20,1,0.0,0.0,0,
Jerry Franklin,25,CHI,LB,10,0,0,0,0,0,0,0,0,0,0,0,0.0,6,2,4,0.0,0.0,0,
Brandon Ghee,26,CIN,DB,10,0,0,0,0,0,5,0,0,0,0,0,0.0,7,4,3,0.0,0.0,0,
Ronnie Hillman,22,DEN,RB,10,0,0,0,0,0,0,0,2,0,0,0,0.0,0,0,0,,,0,
Wes Horton,23,CAR,DE,10,0,0,0,0,0,0,0,0,0,0,0,2.0,8,6,2,2.0,2.0,0,
Margus Hunt,26,CIN,DE,10,0,0,0,0,0,0,0,0,0,0,0,0.5,3,1,2,0.0,2.0,0,
LaMichael James,24,SFO,RB,10,0,0,0,0,0,0,0,2,2,0,0,0.0,0,0,0,,,0,
A.J. Jefferson,25,MIN,DB,10,0,1,1,0,1,1,0,0,0,0,0,0.0,5,5,0,0.0,0.0,0,
Steven Means,23,TAM,DE,10,0,0,0,0,0,0,0,0,0,0,0,0.0,5,3,2,0.0,2.0,0,
Jeremy Mincey,30,2TM,DE,10,0,0,0,0,0,1,0,0,0,0,0,2.0,17,10,7,4.0,4.0,0,
Isaiah Pead,24,STL,RB,10,0,0,0,0,0,0,0,0,0,0,0,0.0,3,2,1,0.0,0.0,0,
Konrad Reuland,26,NYJ,TE,10,0,0,0,0,0,0,0,0,0,0,0,0.0,2,1,1,0.0,0.0,0,
Khiry Robinson,24,NOR,RB,10,0,0,0,0,0,0,0,0,0,0,0,0.0,1,1,0,0.0,0.0,0,
Evan Royster,26,WAS,RB,10,0,0,0,0,0,0,0,0,0,0,0,0.0,4,3,1,0.0,0.0,0,
Ricky Sapp,27,2TM,LB,10,0,0,0,0,0,0,0,0,1,0,0,0.0,3,1,2,0.0,0.0,0,
Damion Square,24,PHI,DE,10,0,0,0,0,0,1,0,0,0,0,0,0.0,4,4,0,1.0,0.0,0,
Devon Still,24,CIN,DT,10,0,0,0,0,0,3,0,0,0,0,0,0.0,7,3,4,0.0,0.0,0,
Cooper Taylor,23,NYG,DB,10,0,0,0,0,0,0,0,0,0,0,0,0.0,4,3,1,0.0,0.0,0,
Geno Atkins,25,CIN,RDT,9,9,0,0,0,0,0,0,0,0,0,0,6.0,20,9,11,5.0,13.0,0,
Lance Briggs,33,CHI,LLB,9,9,0,0,0,0,6,2,0,0,0,0,3.0,71,51,20,10.0,3.0,0,
Anthony Fasano,29,KAN,TE,9,9,0,0,0,0,0,0,0,1,0,0,0.0,0,0,0,,,0,
Von Miller,24,DEN,LLB,9,9,0,0,0,0,1,3,0,1,60,1,5.0,34,27,7,9.0,10.0,0,
Christian Ponder,25,MIN,QB,9,9,0,0,0,0,0,0,7,1,-7,0,0.0,1,1,0,,,0,
Aaron Rodgers,30,GNB,QB,9,9,0,0,0,0,0,0,4,1,-6,0,0.0,0,0,0,,,0,
Brian Schwenke,22,TEN,C,9,9,0,0,0,0,0,0,0,1,2,0,0.0,0,0,0,0.0,0.0,0,
Michael Bowie,22,SEA,RT,9,8,0,0,0,0,0,0,0,1,0,0,0.0,0,0,0,0.0,0.0,0,
Nate Burleson,32,DET,WR,9,8,0,0,0,0,0,0,1,0,0,0,0.0,0,0,0,0.0,0.0,0,
Jason Campbell,32,CLE,QB,9,8,0,0,0,0,0,0,3,0,0,0,0.0,0,0,0,,,0,
Corey Hilliard,28,DET,RT,9,7,0,0,0,0,0,0,0,0,0,0,0.0,1,0,1,0.0,0.0,0,
Greg Toler,28,IND,LCB,9,7,1,26,0,26,7,0,0,0,0,0,0.0,23,17,6,0.0,0.0,0,
Matt Cassel,31,MIN,QB,9,6,0,0,0,0,0,0,3,1,-3,0,0.0,0,0,0,0.0,0.0,0,
Larry English,27,SDG,LOLB,9,5,0,0,0,0,1,0,0,0,0,0,2.5,18,12,6,2.0,4.0,0,
Roman Harper,31,NOR,SS,9,5,1,0,0,0,1,0,0,1,19,0,0.0,39,27,12,0.0,2.0,0,
Michael Robinson,30,SEA,FB,9,3,0,0,0,0,0,0,0,0,0,0,0.0,1,1,0,0.0,0.0,0,
Griff Whalen,23,IND,WR,9,3,0,0,0,0,0,0,0,0,0,0,0.0,2,1,1,0.0,0.0,0,
Jonte Green,24,DET,DB,9,2,0,0,0,0,3,0,0,0,0,0,0.0,9,6,3,2.0,2.0,0,
DeVonte Holloman,22,DAL,LB,9,2,0,0,0,0,0,0,0,1,0,0,2.0,26,14,12,2.0,2.0,0,
Darius Eubanks,22,CLE,DB,9,1,0,0,0,0,0,0,0,0,0,0,0.0,12,7,5,0.0,0.0,0,
Zaviar Gooden,23,TEN,LB,9,1,0,0,0,0,0,0,0,0,0,0,0.0,12,9,3,0.0,0.0,0,
Derek Landri,30,TAM,DT,9,1,0,0,0,0,0,0,0,0,0,0,1.0,9,6,3,1.0,1.0,0,
Kaluka Maiava,26,OAK,LB,9,1,0,0,0,0,0,0,0,0,0,0,0.0,17,10,7,0.0,0.0,0,
Stevenson Sylvester,25,PIT,LB,9,1,0,0,0,0,0,0,0,0,0,0,0.0,12,7,5,0.0,0.0,0,
Josh Boyd,24,GNB,DE,9,0,0,0,0,0,0,0,0,0,0,0,0.0,6,5,1,1.0,0.0,0,
Allen Bradford,25,NYG,RB,9,0,0,0,0,0,0,0,0,0,0,0,0.0,4,3,1,0.0,0.0,0,
Andre Carter,34,NWE,DE,9,0,0,0,0,0,2,0,0,0,0,0,2.0,4,3,1,2.0,7.0,0,
Lance Dunbar,23,DAL,RB,9,0,0,0,0,0,0,0,1,0,0,0,0.0,0,0,0,,,0,
Justin Forsett,28,JAX,RB,9,0,0,0,0,0,0,0,1,1,0,0,0.0,0,0,0,,,0,
Jordan Kovacs,23,MIA,DB,9,0,0,0,0,0,0,0,0,0,0,0,0.0,1,1,0,0.0,0.0,0,
J.K. Schaffer,23,CIN,LB,9,0,0,0,0,0,0,0,0,0,0,0,0.0,7,5,2,0.0,0.0,0,
Jake Stoneburner,24,GNB,TE,9,0,0,0,0,0,0,0,0,0,0,0,0.0,1,1,0,0.0,1.0,0,
Rod Sweeting,23,NOR,DB,9,0,0,0,0,0,0,0,0,0,0,0,0.0,3,2,1,0.0,0.0,0,
Jamar Taylor,23,MIA,DB,9,0,0,0,0,0,0,0,0,0,0,0,0.0,3,3,0,0.0,0.0,0,
Brandon Williams,26,CAR,TE,9,0,0,0,0,0,0,0,0,0,0,0,0.0,1,1,0,0.0,0.0,0,
Andre Brown,27,NYG,RB,8,8,0,0,0,0,0,0,3,1,0,0,0.0,0,0,0,0.0,0.0,0,
Brandon Browner,29,SEA,RCB,8,8,1,49,0,49,10,0,0,0,0,0,0.0,19,18,1,1.0,0.0,0,
Case Keenum,25,HOU,QB,8,8,0,0,0,0,0,0,6,0,0,0,0.0,0,0,0,,,0,
Charles Tillman,32,CHI,RCB,8,8,3,69,0,41,6,3,0,0,0,0,0.0,42,33,9,2.0,0.0,0,
Sebastian Vollmer,29,NWE,RT,8,8,0,0,0,0,0,0,0,1,0,0,0.0,0,0,0,0.0,0.0,0,
Harrison Smith,24,MIN,FS,8,7,2,4,0,4,3,0,0,1,0,0,0.0,58,47,11,2.0,0.0,0,
Sidney Rice,27,SEA,WR,8,6,0,0,0,0,0,0,1,0,0,0,0.0,0,0,0,,,0,
Josh McCown,34,CHI,QB,8,5,0,0,0,0,0,0,3,2,0,0,0.0,0,0,0,0.0,0.0,0,
Brandon Weeden,30,CLE,QB,8,5,0,0,0,0,0,0,6,0,0,0,0.0,0,0,0,,,0,
Travis Benjamin,24,CLE,WR,8,3,0,0,0,0,0,0,2,1,0,0,0.0,0,0,0,0.0,0.0,0,
Shaun Prater,24,MIN,DB,8,3,1,30,0,30,1,0,0,0,0,0,0.0,9,6,3,0.0,0.0,0,
Daryl Richardson,23,STL,RB,8,3,0,0,0,0,0,0,0,1,0,0,0.0,0,0,0,,,0,
Jeff Tarpinian,26,HOU,LB,8,3,0,0,0,0,1,0,0,0,0,0,0.5,23,16,7,2.0,2.0,0,
D.J. Hayden,23,OAK,DB,8,2,1,0,0,0,2,1,0,0,0,0,0.0,25,22,3,0.0,0.0,0,
Nate Palmer,24,GNB,LB,8,2,0,0,0,0,0,0,0,0,0,0,0.0,17,8,9,1.0,1.0,0,
Dunta Robinson,31,KAN,DB,8,2,0,0,0,0,4,0,0,1,0,0,0.0,13,13,0,1.0,0.0,0,
Kory Sperry,28,ARI,TE,8,2,0,0,0,0,0,0,0,0,0,0,0.0,1,1,0,0.0,0.0,0,
Omar Gaither,29,ATL,LB,8,1,0,0,0,0,0,0,0,0,0,0,0.0,8,3,5,0.0,0.0,0,
Jose Gumbs,25,WAS,DB,8,1,1,2,0,2,1,0,0,0,0,0,0.0,6,6,0,0.0,0.0,0,
Ricardo Lockette,27,SEA,WR,8,1,0,0,0,0,0,1,0,0,0,0,0.0,2,2,0,0.0,0.0,0,
Taylor Mays,25,CIN,DB,8,1,0,0,0,0,3,0,0,1,0,0,0.0,19,12,7,0.0,0.0,0,
Danny Noble,24,JAX,TE,8,1,0,0,0,0,0,0,0,1,0,0,0.0,2,2,0,0.0,0.0,0,
Shane Vereen,24,NWE,RB,8,1,0,0,0,0,0,0,1,0,0,0,0.0,0,0,0,,,0,
Kenjon Barner,24,CAR,RB,8,0,0,0,0,0,0,0,1,0,0,0,0.0,0,0,0,,,0,
Tommie Campbell,26,TEN,DB,8,0,0,0,0,0,0,0,0,0,0,0,0.0,11,8,3,0.0,0.0,0,
Stefan Charles,25,BUF,DT,8,0,0,0,0,0,0,1,0,0,0,0,1.0,12,8,4,4.0,2.0,0,
Tyler Clutts,29,2TM,RB,8,0,0,0,0,0,0,0,1,1,0,0,0.0,0,0,0,0.0,0.0,0,
Matt Conrath,24,STL,DE,8,0,0,0,0,0,0,0,0,0,0,0,1.0,7,5,2,0.0,2.0,0,
Marcus Dowtin,24,2TM,LB,8,0,0,0,0,0,0,0,0,0,0,0,0.0,8,6,2,0.0,0.0,0,
Andrew Hawkins,27,CIN,WR,8,0,0,0,0,0,0,0,1,1,0,0,0.0,3,3,0,0.0,0.0,0,
Abry Jones,22,JAX,DT,8,0,0,0,0,0,0,0,0,0,0,0,0.5,9,8,1,0.0,1.0,0,
Corey Lynch,28,2TM,DB,8,0,0,0,0,0,0,0,0,0,0,0,0.0,6,4,2,0.0,0.0,0,
Elbert Mack,27,HOU,WR,8,0,0,0,0,0,0,0,0,0,0,0,0.0,8,8,0,0.0,0.0,0,
Brandon Magee,23,CLE,LB,8,0,0,0,0,0,0,0,0,0,0,0,0.0,5,3,2,0.0,0.0,0,
Jonathan Meeks,24,BUF,DB,8,0,0,0,0,0,0,0,0,0,0,0,0.0,2,1,1,0.0,0.0,0,
Mike Mohamed,25,HOU,LB,8,0,0,0,0,0,0,0,0,0,0,0,0.0,3,3,0,0.0,0.0,0,
Marlon Moore,26,MIA,WR,8,0,0,0,0,0,0,1,0,0,0,0,0.0,5,4,1,0.0,0.0,0,
Chris Neild,26,WAS,DT,8,0,0,0,0,0,0,0,0,0,0,0,0.0,6,4,2,2.0,0.0,0,
Anthony Toribio,28,KAN,DT,8,0,0,0,0,0,0,0,0,0,0,0,0.0,5,3,2,0.0,0.0,0,
Brynden Trawick,24,BAL,DB,8,0,0,0,0,0,0,0,0,0,0,0,0.0,8,8,0,0.0,0.0,0,
Josh Victorian,25,HOU,DB,8,0,0,0,0,0,0,0,0,0,0,0,0.0,5,4,1,0.0,0.0,0,
C.J. Wilson,26,GNB,DE,8,0,0,0,0,0,0,0,0,0,0,0,0.0,8,5,3,1.0,0.0,0,
Sam Bradford,26,STL,QB,7,7,0,0,0,0,0,0,3,1,0,0,0.0,0,0,0,0.0,0.0,0,
Brian Cushing,26,HOU,LILB,7,7,1,18,1,18,3,1,0,0,0,0,1.5,48,36,12,6.0,4.0,0,
Jake Locker,25,TEN,QB,7,7,0,0,0,0,0,0,3,1,-13,0,0.0,0,0,0,0.0,0.0,0,
Sean Weatherspoon,26,ATL,LLB,7,7,1,71,1,71,2,0,0,0,0,0,0.0,38,26,12,1.0,1.0,0,
Matt McGloin,24,OAK,QB,7,6,0,0,0,0,0,0,4,3,-12,0,0.0,0,0,0,0.0,0.0,0,
Michael Vick,33,PHI,QB,7,6,0,0,0,0,0,0,4,2,0,0,0.0,0,0,0,0.0,0.0,0,
Cortland Finnegan,29,STL,LCB,7,5,1,1,0,1,1,0,0,0,0,0,0.0,27,23,4,0.0,1.0,0,
Matt Flynn,28,2TM,QB,7,5,0,0,0,0,0,0,7,1,-5,0,0.0,0,0,0,0.0,0.0,0,
Shaun Rogers,34,NYG,DT,7,2,0,0,0,0,0,0,0,0,0,0,0.0,9,7,2,1.0,6.0,0,
Kion Wilson,27,PIT,LB,7,2,0,0,0,0,0,0,0,0,0,0,0.0,12,8,4,0.0,1.0,0,
Lavar Edwards,23,TEN,DE,7,1,0,0,0,0,1,0,0,0,0,0,0.0,9,5,4,1.0,1.0,0,
Peyton Hillis,27,NYG,RB,7,1,0,0,0,0,0,0,2,1,0,0,0.0,0,0,0,0.0,0.0,0,
Brandon Jacobs,31,NYG,RB,7,1,0,0,0,0,0,0,1,0,0,0,0.0,0,0,0,0.0,0.0,0,
D.J. Williams,25,JAX,TE,7,1,0,0,0,0,0,0,0,0,0,0,0.0,1,1,0,0.0,0.0,0,
Sam Barrington,23,GNB,LB,7,0,0,0,0,0,0,0,0,0,0,0,0.0,2,2,0,0.0,0.0,0,
Curtis Brown,25,PIT,DB,7,0,0,0,0,0,0,0,0,0,0,0,0.0,7,6,1,0.0,0.0,0,
Everette Brown,26,DAL,DE,7,0,0,0,0,0,0,1,0,0,0,0,1.0,10,5,5,2.0,1.0,0,
Ryan Davis,24,JAX,LB,7,0,1,8,0,8,1,0,0,0,0,0,1.0,4,4,0,2.0,6.0,0,
Skye Dawson,23,TAM,WR,7,0,0,0,0,0,0,0,1,1,0,0,0.0,0,0,0,0.0,0.0,0,
Kwame Geathers,23,SDG,DT,7,0,0,0,0,0,0,0,0,0,0,0,0.0,4,1,3,0.0,0.0,0,
Ka'lial Glaud,23,TAM,LB,7,0,0,0,0,0,0,0,0,0,0,0,0.0,2,2,0,0.0,0.0,0,
Danny Gorrer,27,TAM,DB,7,0,0,0,0,0,1,1,0,0,0,0,0.0,10,9,1,0.0,0.0,0,
Jeron Johnson,25,SEA,DB,7,0,0,0,0,0,0,0,0,0,0,0,0.0,6,4,2,0.0,0.0,0,
Edgar Jones,29,DAL,DE,7,0,0,0,0,0,1,0,0,0,0,0,0.0,6,5,1,0.0,0.0,0,
Deji Karim,27,HOU,RB,7,0,0,0,0,0,0,0,0,0,0,0,0.0,1,1,0,0.0,0.0,0,
Derrick Martin,28,CHI,DB,7,0,0,0,0,0,0,0,0,0,0,0,0.0,3,2,1,0.0,0.0,0,
Josh Norman,26,CAR,DB,7,0,0,0,0,0,0,0,0,0,0,0,0.0,4,3,1,1.0,0.0,0,
Cheta Ozougwu,25,CHI,DE,7,0,0,0,0,0,0,1,0,0,0,0,1.0,5,4,1,0.0,0.0,0,
Caesar Rayford,27,DAL,LB,7,0,0,0,0,0,0,0,0,0,0,0,0.0,5,2,3,0.0,0.0,0,
David Reed,26,IND,WR,7,0,0,0,0,0,0,1,0,0,0,0,0.0,2,2,0,0.0,0.0,0,
Darius Reynaud,29,TEN,WR,7,0,0,0,0,0,0,0,1,0,0,0,0.0,1,1,0,0.0,0.0,0,
Evan Rodriguez,25,BUF,TE,7,0,0,0,0,0,0,0,0,0,0,0,0.0,5,2,3,0.0,0.0,0,
John Simon,23,BAL,LB,7,0,0,0,0,0,0,0,0,0,0,0,0.0,4,4,0,0.0,0.0,0,
Tyrunn Walker,23,NOR,DE,7,0,0,0,0,0,1,0,0,0,0,0,1.0,9,4,5,1.0,3.0,0,
Eric Wright,28,SFO,DB,7,0,1,0,0,0,2,0,0,0,0,0,0.0,7,7,0,0.0,0.0,0,
Danieal Manning,31,HOU,SS,6,6,0,0,0,0,2,0,0,0,0,0,1.0,24,21,3,1.0,1.0,0,
Doug Martin,24,TAM,RB,6,6,0,0,0,0,0,0,2,1,0,0,0.0,0,0,0,0.0,0.0,0,
Jerod Mayo,27,NWE,LLB,6,6,0,0,0,0,1,0,0,1,2,0,1.5,55,35,20,1.0,2.0,0,
Thaddeus Lewis,28,BUF,QB,6,5,0,0,0,0,0,0,7,1,-5,0,0.0,0,0,0,0.0,0.0,0,
Dimitri Patterson,30,MIA,DB,6,4,4,7,0,3,6,0,0,0,0,0,1.0,19,18,1,1.0,1.0,0,
Delano Howell,24,IND,DB,6,3,0,0,0,0,1,0,0,0,0,0,0.0,19,15,4,1.0,1.0,0,
Billy Bajema,31,BAL,TE,6,1,0,0,0,0,0,0,0,0,0,0,0.0,2,2,0,0.0,0.0,0,
Nico Johnson,23,KAN,LB,6,1,0,0,0,0,0,0,0,0,0,0,0.0,7,5,2,0.0,0.0,0,
Brian Sanford,26,2TM,DT,6,1,0,0,0,0,0,0,0,0,0,0,0.0,8,4,4,3.0,0.0,0,
Weslye Saunders,24,IND,TE,6,1,0,0,0,0,0,0,0,0,0,0,0.0,1,0,1,0.0,0.0,0,
Jonathan Stewart,26,CAR,RB,6,1,0,0,0,0,0,0,1,0,0,0,0.0,0,0,0,,,0,
Emmanuel Acho,23,PHI,LB,6,0,0,0,0,0,0,0,0,0,0,0,0.0,2,1,1,0.0,0.0,0,
Michael Adams,28,TAM,DB,6,0,0,0,0,0,1,0,0,0,0,0,1.0,12,11,1,1.0,1.0,0,
Joe Anderson,25,CHI,WR,6,0,0,0,0,0,0,0,0,0,0,0,0.0,1,1,0,0.0,0.0,0,
Josh Aubrey,22,CLE,DB,6,0,0,0,0,0,0,0,0,0,0,0,0.0,1,1,0,0.0,1.0,0,
A.J. Bouye,22,HOU,DB,6,0,0,0,0,0,0,0,0,0,0,0,0.0,2,2,0,0.0,0.0,0,
Miles Burris,25,OAK,LB,6,0,0,0,0,0,0,0,0,1,0,0,0.0,4,3,1,0.0,0.0,0,
Dan Connor,28,2TM,LB,6,0,0,0,0,0,0,0,0,0,0,0,0.0,4,2,2,0.0,0.0,0,
Josh Cribbs,30,NYJ,WR,6,0,0,0,0,0,0,0,0,0,0,0,0.0,6,4,2,0.0,0.0,0,
Keyunta Dawson,28,NOR,DE,6,0,0,0,0,0,0,1,0,0,0,0,0.5,3,2,1,0.0,3.0,0,
Dan Herron,24,IND,RB,6,0,0,0,0,0,0,0,0,1,0,0,0.0,1,1,0,0.0,0.0,0,
Michael Hill,24,TAM,RB,6,0,0,0,0,0,0,0,0,0,0,0,0.0,1,1,0,0.0,0.0,0,
Corvey Irvin,28,DAL,DT,6,0,0,0,0,0,0,0,0,0,0,0,0.0,3,2,1,0.0,1.0,0,
Willie Jefferson,22,HOU,LB,6,0,0,0,0,0,0,0,0,0,0,0,0.0,2,1,1,0.0,0.0,0,
Greg Jenkins,24,OAK,WR,6,0,0,0,0,0,0,0,1,1,23,1,0.0,1,1,0,0.0,0.0,0,
Chris Lewis-Harris,24,CIN,DB,6,0,0,0,0,0,0,0,0,0,0,0,0.0,3,2,1,0.0,0.0,0,
Bryan McCann,26,ARI,DB,6,0,0,0,0,0,0,0,0,0,0,0,0.0,2,2,0,0.0,0.0,0,
Sean Richardson,23,GNB,DB,6,0,0,0,0,0,0,0,0,0,0,0,0.0,13,10,3,0.0,0.0,0,
Adrian Robinson,24,DEN,LB,6,0,0,0,0,0,0,0,0,0,0,0,0.0,3,2,1,1.0,0.0,0,
Caleb Schlauderaff,26,NYJ,G,6,0,0,0,0,0,0,0,0,0,0,0,0.0,1,0,1,,,0,
Brad Smith,30,PHI,WR,6,0,0,0,0,0,0,0,1,1,-4,0,0.0,5,4,1,0.0,0.0,0,
Ronald Talley,27,ARI,DE,6,0,0,0,0,0,0,0,0,0,0,0,0.0,4,4,0,0.0,0.0,0,
Justin Trattou,25,2TM,DE,6,0,0,0,0,0,0,0,0,0,0,0,0.0,4,4,0,0.0,0.0,0,
Leon Hall,29,CIN,RCB,5,5,1,0,0,0,5,0,0,0,0,0,0.0,20,14,6,2.0,0.0,0,
Julio Jones,24,ATL,WR,5,5,0,0,0,0,0,0,2,1,18,0,0.0,0,0,0,0.0,0.0,0,
Tommy Kelly,33,NWE,RDT,5,5,0,0,0,0,0,0,0,1,0,0,2.5,22,12,10,2.0,6.0,0,
Justin Rogers,25,BUF,RCB,5,5,1,0,0,0,5,0,0,0,0,0,0.0,23,18,5,1.0,0.0,0,
Jay Ratliff,32,CHI,NT,5,4,0,0,0,0,0,0,0,0,0,0,1.5,9,7,2,2.0,5.0,0,
Sealver Siliga,23,NWE,DT,5,4,0,0,0,0,0,1,0,0,0,0,3.0,23,9,14,2.0,2.0,0,
David Wilson,22,NYG,RB,5,4,0,0,0,0,0,0,2,0,0,0,0.0,0,0,0,0.0,0.0,0,
Champ Bailey,35,DEN,DB,5,3,0,0,0,0,3,0,0,0,0,0,0.0,14,12,2,0.0,0.0,0,
Kirk Cousins,25,WAS,QB,5,3,0,0,0,0,0,0,3,0,0,0,0.0,0,0,0,,,0,
Nate Collins,26,CHI,DT,5,2,0,0,0,0,0,0,0,0,0,0,1.0,13,6,7,1.0,3.0,0,
Josh Martin,22,KAN,LB,5,1,0,0,0,0,0,1,0,0,0,0,0.0,12,11,1,0.0,0.0,0,
Julian Posey,25,CLE,DB,5,1,0,0,0,0,0,0,0,0,0,0,1.0,6,3,3,1.0,1.0,0,
Marcus Spears,30,BAL,DE,5,1,0,0,0,0,0,0,0,0,0,0,0.0,10,5,5,2.0,0.0,0,
Victor Aiyewa,26,GNB,LB,5,0,0,0,0,0,0,0,0,0,0,0,0.0,4,4,0,0.0,0.0,0,
C.J. Anderson,22,DEN,RB,5,0,0,0,0,0,0,0,0,1,0,0,0.0,0,0,0,,,0,
Chase Baker,25,MIN,DT,5,0,0,0,0,0,0,0,0,0,0,0,0.0,4,2,2,0.0,0.0,0,
Antwan Barnes,29,NYJ,LB,5,0,0,0,0,0,0,0,0,0,0,0,2.0,3,2,1,2.0,4.0,0,
Josh Bellamy,24,WAS,WR,5,0,0,0,0,0,0,0,0,0,0,0,0.0,2,1,1,0.0,0.0,0,
Christo Bilukidi,24,OAK,DE,5,0,0,0,0,0,0,0,0,0,0,0,1.0,5,5,0,1.0,1.0,0,
Jalil Brown,26,IND,DB,5,0,0,0,0,0,0,0,0,0,0,0,0.0,4,3,1,0.0,0.0,0,
Brandon Burton,24,BUF,DB,5,0,0,0,0,0,1,0,0,0,0,0,0.0,6,4,2,0.0,0.0,0,
Will Davis,23,MIA,DB,5,0,0,0,0,0,0,0,0,0,0,0,0.0,8,8,0,0.0,0.0,0,
James Dockery,25,CAR,DB,5,0,0,0,0,0,0,0,0,0,0,0,0.0,5,5,0,0.0,0.0,0,
Brittan Golden,25,ARI,WR,5,0,0,0,0,0,0,0,0,0,0,0,0.0,1,1,0,0.0,0.0,0,
Quentin Groves,29,CLE,LB,5,0,0,0,0,0,0,1,0,0,0,0,2.0,4,4,0,3.0,2.0,0,
Tim Jamison,27,HOU,DE,5,0,0,0,0,0,1,0,0,0,0,0,0.0,1,1,0,0.0,0.0,0,
Brandon Jenkins,23,WAS,DE,5,0,0,0,0,0,0,0,0,0,0,0,0.0,2,1,1,0.0,0.0,0,
Bryan Kehl,29,WAS,LB,5,0,0,0,0,0,0,0,0,0,0,0,0.0,6,5,1,0.0,0.0,0,
Markus Kuhn,27,NYG,DT,5,0,0,0,0,0,0,0,0,0,0,0,0.0,1,1,0,0.0,0.0,0,
Josh McNary,25,IND,LB,5,0,0,0,0,0,0,0,0,0,0,0,0.0,14,10,4,0.0,4.0,0,
Sterling Moore,23,DAL,DB,5,0,1,21,0,21,3,0,0,0,0,0,0.0,5,5,0,0.0,0.0,0,
Micah Pellerin,25,2TM,DB,5,0,0,0,0,0,0,0,0,0,0,0,0.0,2,2,0,0.0,0.0,0,
Shawn Powell,25,BUF,P,5,0,0,0,0,0,0,0,0,0,0,0,0.0,1,1,0,0.0,0.0,0,
Ty Powell,25,BUF,DE,5,0,0,0,0,0,0,0,0,0,0,0,0.0,9,7,2,1.0,0.0,0,
Travian Robertson,25,ATL,DT,5,0,0,0,0,0,0,0,0,0,0,0,0.0,2,2,0,0.0,0.0,0,
Jay Ross,26,BUF,DT,5,0,0,0,0,0,0,0,0,0,0,0,0.0,1,1,0,0.0,0.0,0,
DeShawn Shead,24,SEA,DB,5,0,0,0,0,0,0,0,0,0,0,0,0.0,2,2,0,0.0,0.0,0,
Armond Smith,27,CAR,RB,5,0,0,0,0,0,0,0,0,0,0,0,0.0,1,1,0,0.0,0.0,0,
Nick Sundberg,26,WAS,LS,5,0,0,0,0,0,0,0,0,0,0,0,0.0,1,1,0,0.0,0.0,0,
Christian Tupou,24,CHI,DT,5,0,0,0,0,0,0,0,0,0,0,0,0.0,3,1,2,0.0,0.0,0,
Leon Washington,31,TEN,RB,5,0,0,0,0,0,0,0,1,1,0,0,0.0,0,0,0,0.0,0.0,0,
Nick Williams,23,WAS,WR,5,0,0,0,0,0,0,0,1,1,0,0,0.0,1,1,0,0.0,0.0,0,
Levi Brown,29,ARI,T,4,4,0,0,0,0,0,0,0,1,0,0,0.0,0,0,0,,,0,
Dwight Freeney,33,SDG,DE,4,4,0,0,0,0,0,0,0,0,0,0,0.5,2,1,1,0.0,5.0,0,
Vince Wilfork,32,NWE,DT,4,4,0,0,0,0,0,0,0,0,0,0,0.0,9,4,5,0.0,1.0,0,
Ahmad Black,24,TAM,DB,4,2,0,0,0,0,0,0,0,0,0,0,0.0,12,8,4,0.0,0.0,0,
Aaron Ross,31,NYG,DB,4,2,1,9,0,9,5,0,0,0,0,0,0.0,4,4,0,0.0,0.0,0,
Corey Webster,31,NYG,DB,4,2,0,0,0,0,1,0,0,0,0,0,0.0,13,8,5,0.0,0.0,0,
Desmond Bishop,29,MIN,LB,4,1,0,0,0,0,0,0,0,0,0,0,0.0,5,4,1,1.0,0.0,0,
Melvin Ingram,24,SDG,LB,4,1,0,0,0,0,0,1,0,0,0,0,1.0,8,4,4,1.0,1.0,0,
Isaako Aaitui,26,MIA,DT,4,0,0,0,0,0,0,0,0,0,0,0,0.0,3,1,2,0.0,0.0,0,
D.J. Campbell,24,MIA,DB,4,0,0,0,0,0,0,0,0,0,0,0,0.0,3,3,0,0.0,0.0,0,
Da'Mon Cromartie-Smith,26,PIT,DB,4,0,0,0,0,0,0,0,0,0,0,0,0.0,1,1,0,0.0,0.0,0,
Troy Davis,22,NYJ,LB,4,0,0,0,0,0,0,0,0,0,0,0,0.0,5,3,2,0.0,0.0,0,
Hebron Fangupo,28,PIT,DT,4,0,0,0,0,0,0,0,0,0,0,0,0.0,1,0,1,0.0,0.0,0,
Rob Francois,28,GNB,LB,4,0,0,0,0,0,0,1,0,0,0,0,0.0,2,1,1,0.0,0.0,0,
Chris Harper,24,GNB,WR,4,0,0,0,0,0,0,0,0,0,0,0,0.0,1,1,0,0.0,0.0,0,
Jordan Hill,22,SEA,DT,4,0,0,0,0,0,0,0,0,0,0,0,1.5,7,4,3,2.0,2.0,0,
Montori Hughes,23,IND,DT,4,0,0,0,0,0,0,0,0,0,0,0,0.0,6,4,2,0.0,0.0,0,
Kemal Ishmael,22,ATL,DB,4,0,0,0,0,0,0,0,0,0,0,0,0.0,1,1,0,0.0,0.0,0,
Shelton Johnson,23,OAK,DB,4,0,0,0,0,0,0,0,0,1,-1,0,0.0,4,3,1,0.0,0.0,0,
Joe Lefeged,25,IND,DB,4,0,0,0,0,0,0,0,0,1,0,0,0.0,1,1,0,,,0,
Marshall McFadden,27,OAK,LB,4,0,0,0,0,0,0,0,0,0,0,0,0.0,2,1,1,0.0,0.0,0,
Dontay Moch,25,ARI,LB,4,0,0,0,0,0,0,0,0,0,0,0,1.0,3,3,0,1.0,2.0,0,
Nick Moody,23,SFO,LB,4,0,0,0,0,0,0,0,0,0,0,0,0.0,4,3,1,0.0,0.0,0,
Jordan Pugh,25,WAS,DB,4,0,1,16,0,16,1,0,0,0,0,0,0.0,1,1,0,0.0,0.0,0,
Trevor Scott,29,TAM,DE,4,0,0,0,0,0,0,0,0,0,0,0,0.0,3,2,1,0.0,0.0,0,
Rodney Smith,23,MIN,WR,4,0,0,0,0,0,0,0,0,0,0,0,0.0,1,0,1,0.0,0.0,0,
Julian Stanford,23,DET,LB,4,0,0,0,0,0,0,0,0,0,0,0,0.0,3,2,1,0.0,0.0,0,
Ryan Whalen,24,CIN,WR,4,0,0,0,0,0,0,0,0,0,0,0,0.0,1,1,0,0.0,0.0,0,
Martez Wilson,25,NOR,LB,4,0,0,0,0,0,0,0,0,0,0,0,1.0,4,4,0,1.0,2.0,0,
Lorenzo Alexander,30,ARI,LB,3,3,0,0,0,0,1,0,0,0,0,0,0.0,4,4,0,0.0,1.0,0,
Alex Carrington,26,BUF,DE,3,3,0,0,0,0,0,0,0,0,0,0,0.0,10,4,6,2.0,1.0,0,
Josh Freeman,25,TAM,QB,3,3,0,0,0,0,0,0,2,0,-8,0,0.0,0,0,0,,,0,
Blaine Gabbert,24,JAX,QB,3,3,0,0,0,0,0,0,2,0,0,0,0.0,0,0,0,,,0,
Jason Jones,27,DET,DE,3,3,0,0,0,0,1,0,0,0,0,0,0.0,1,1,0,0.0,0.0,0,
Dwight Lowery,27,JAX,DB,3,3,0,0,0,0,1,0,0,1,0,0,0.0,6,4,2,1.0,0.0,0,
Henry Melton,27,CHI,DE,3,3,0,0,0,0,0,0,0,1,-1,0,0.0,5,3,2,0.0,0.0,0,
Sam Acho,25,ARI,LB,3,2,0,0,0,0,0,1,0,1,0,0,1.0,5,4,1,1.0,1.0,0,
Nnamdi Asomugha,32,SFO,DB,3,1,0,0,0,0,1,0,0,0,0,0,0.0,2,2,0,0.0,0.0,0,
Casey Hayward,24,GNB,DB,3,1,0,0,0,0,0,0,0,0,0,0,0.0,8,5,3,0.0,0.0,0,
Jaye Howard,25,KAN,DT,3,1,0,0,0,0,0,0,0,0,0,0,0.0,6,5,1,0.0,0.0,0,
Isaac Redman,29,PIT,RB,3,1,0,0,0,0,0,0,1,1,0,0,0.0,0,0,0,,,0,
Marvin Austin,24,2TM,DT,3,0,0,0,0,0,0,0,0,0,0,0,0.0,2,2,0,1.0,0.0,0,
Justin Bannan,34,DET,DT,3,0,0,0,0,0,0,0,0,0,0,0,0.0,1,0,1,0.0,0.0,0,
Matt Barkley,23,PHI,QB,3,0,0,0,0,0,0,0,3,2,0,0,0.0,0,0,0,,,0,
David Carter,26,DAL,DT,3,0,0,0,0,0,0,0,0,0,0,0,0.0,1,0,1,0.0,0.0,0,
Kanorris Davis,23,NWE,DB,3,0,0,0,0,0,0,0,0,0,0,0,0.0,1,0,1,0.0,0.0,0,
Quinton Dial,23,SFO,DE,3,0,0,0,0,0,0,0,0,0,0,0,0.0,1,1,0,0.0,0.0,0,
Marcus Forston,24,NWE,DT,3,0,0,0,0,0,0,0,0,0,0,0,0.0,3,2,1,2.0,0.0,0,
Mike Gillislee,23,MIA,RB,3,0,0,0,0,0,0,0,0,0,0,0,0.0,2,2,0,0.0,0.0,0,
Chris Greenwood,24,DET,DB,3,0,0,0,0,0,0,0,0,0,0,0,0.0,6,6,0,0.0,0.0,0,
Saalim Hakim,23,NYJ,DB,3,0,0,0,0,0,0,0,0,0,0,0,0.0,1,1,0,0.0,0.0,0,
Jakar Hamilton,24,DAL,DB,3,0,0,0,0,0,0,0,0,0,0,0,0.0,2,1,1,0.0,0.0,0,
Vaughn Martin,27,MIA,DT,3,0,0,0,0,0,0,0,0,0,0,0,0.0,1,1,0,0.0,0.0,0,
Phillip Merling,28,WAS,DE,3,0,0,0,0,0,0,0,0,0,0,0,0.0,2,1,1,0.0,0.0,0,
Curtis Painter,28,NYG,QB,3,0,0,0,0,0,0,0,2,2,-6,0,0.0,0,0,0,0.0,0.0,0,
Matt Simms,25,NYJ,QB,3,0,0,0,0,0,0,0,1,0,-2,0,0.0,0,0,0,,,0,
Kerry Taylor,24,ARI,WR,3,0,0,0,0,0,0,0,0,0,0,0,0.0,1,1,0,0.0,0.0,0,
Michael Thomas,23,MIA,DB,3,0,1,0,0,0,2,0,0,0,0,0,0.0,3,3,0,0.0,0.0,0,
Teddy Williams,25,ARI,DB,3,0,0,0,0,0,0,0,0,0,0,0,0.0,1,0,1,0.0,0.0,0,
T.J. Yates,26,HOU,QB,3,0,0,0,0,0,0,0,1,1,0,0,0.0,0,0,0,0.0,0.0,0,
Kroy Biermann,28,ATL,LB,2,2,0,0,0,0,0,0,0,0,0,0,0.0,7,5,2,1.0,0.0,0,
Tyvon Branch,27,OAK,DB,2,2,0,0,0,0,0,0,0,0,0,0,1.0,5,4,1,1.0,2.0,0,
Charles Godfrey,28,CAR,DB,2,2,0,0,0,0,2,0,0,0,0,0,1.0,10,8,2,0.0,1.0,0,
Jonathan Grimes,24,HOU,RB,2,1,0,0,0,0,0,0,1,0,0,0,0.0,1,1,0,0.0,0.0,0,
Jordan Miller,25,JAX,DT,2,1,0,0,0,0,0,0,0,0,0,0,0.0,2,2,0,0.0,0.0,0,
Jerrell Powe,26,KAN,DT,2,1,0,0,0,0,1,0,0,0,0,0,1.0,2,1,1,1.0,1.0,0,
Ian Williams,24,SFO,DT,2,1,0,0,0,0,0,0,0,0,0,0,0.0,1,1,0,0.0,0.0,0,
Steve Beauharnais,23,NWE,LB,2,0,0,0,0,0,0,0,0,0,0,0,0.0,1,0,1,0.0,0.0,0,
Sanders Commings,23,KAN,DB,2,0,0,0,0,0,0,0,0,0,0,0,0.0,1,1,0,0.0,0.0,0,
Kenny Demens,23,ARI,LB,2,0,0,0,0,0,0,0,0,0,0,0,0.0,3,3,0,0.0,0.0,0,
Zach Diles,28,TEN,LB,2,0,0,0,0,0,0,0,0,0,0,0,0.0,2,2,0,0.0,0.0,0,
Eric Frampton,29,NOR,DB,2,0,0,0,0,0,0,0,0,0,0,0,0.0,2,2,0,0.0,0.0,0,
Sione Fua,25,DEN,DT,2,0,0,0,0,0,0,0,0,0,0,0,0.0,1,0,1,0.0,0.0,0,
Richard Gordon,26,KAN,TE,2,0,0,0,0,0,0,0,0,0,0,0,0.0,1,1,0,0.0,0.0,0,
Larry Grant,28,CHI,LB,2,0,0,0,0,0,0,0,0,0,0,0,0.0,1,1,0,0.0,0.0,0,
Josh Johnson,27,CIN,QB,2,0,0,0,0,0,0,0,1,1,0,0,0.0,0,0,0,0.0,0.0,0,
Keelan Johnson,24,PHI,DB,2,0,0,0,0,0,0,0,0,0,0,0,0.0,1,1,0,0.0,0.0,0,
Frank Kearse,25,DAL,DT,2,0,0,0,0,0,0,0,0,0,0,0,0.0,1,1,0,0.0,0.0,0,
Benson Mayowa,22,SEA,DE,2,0,0,0,0,0,0,0,0,0,0,0,0.0,2,1,1,0.0,0.0,0,
D.J. Moore,26,CAR,DB,2,0,0,0,0,0,0,0,0,0,0,0,0.0,5,4,1,0.0,0.0,0,
Quinton Pointer,25,STL,DB,2,0,0,0,0,0,0,0,0,0,0,0,0.0,1,1,0,0.0,0.0,0,
Chris Rainey,25,IND,RB,2,0,0,0,0,0,0,0,2,1,0,0,0.0,0,0,0,,,0,
Gerald Rivers,23,STL,DE,2,0,0,0,0,0,0,0,0,0,0,0,0.0,1,1,0,0.0,0.0,0,
Patrick Robinson,26,NOR,DB,2,0,0,0,0,0,0,0,0,0,0,0,0.0,2,1,1,0.0,0.0,0,
D'Anthony Smith,25,SEA,DT,2,0,0,0,0,0,0,0,0,0,0,0,0.0,5,2,3,0.0,0.0,0,
Jawanza Starling,22,HOU,DB,2,0,0,0,0,0,0,0,0,0,0,0,0.0,1,1,0,0.0,0.0,0,
Julian Talley,24,NYG,WR,2,0,0,0,0,0,0,0,0,0,0,0,0.0,2,2,0,0.0,0.0,0,
DeMarcus Van Dyke,24,PIT,DB,2,0,0,0,0,0,0,0,0,0,0,0,0.0,1,1,0,0.0,0.0,0,
Jason Vega,26,DAL,DE,2,0,0,0,0,0,0,0,0,0,0,0,0.0,1,1,0,0.0,0.0,0,
Cornelius Washington,24,CHI,LB,2,0,0,0,0,0,0,0,0,0,0,0,0.0,1,1,0,1.0,0.0,0,
Jerel Worthy,23,GNB,DT,2,0,0,0,0,0,0,0,0,0,0,0,0.0,1,0,1,0.0,0.0,0,
Devon Wylie,25,TEN,WR,2,0,0,0,0,0,0,0,2,1,0,0,0.0,0,0,0,0.0,0.0,0,
Larry Foote,33,PIT,LB,1,1,0,0,0,0,0,0,0,0,0,0,0.0,8,3,5,0.0,0.0,0,
Michael Brooks,22,SEA,DT,1,0,0,0,0,0,0,0,0,0,0,0,0.0,1,1,0,0.0,0.0,0,
William Compton,24,WAS,LB,1,0,0,0,0,0,0,0,0,0,0,0,0.0,1,1,0,0.0,0.0,0,
Tony Dye,23,CIN,DB,1,0,0,0,0,0,0,0,0,0,0,0,0.0,1,0,1,0.0,0.0,0,
Tavares Gooden,29,HOU,LB,1,0,0,0,0,0,0,0,0,0,0,0,0.0,1,1,0,0.0,0.0,0,
Brandon Hughes,27,PHI,DB,1,0,0,0,0,0,0,0,0,0,0,0,0.0,1,1,0,0.0,0.0,0,
Robert Hughes,24,IND,RB,1,0,0,0,0,0,0,0,0,0,0,0,0.0,1,0,1,0.0,0.0,0,
Kyle Love,27,JAX,DT,1,0,0,0,0,0,0,0,0,0,0,0,0.0,4,1,3,0.0,0.0,0,
Brandon Marshall,24,DEN,LB,1,0,0,0,0,0,0,0,0,0,0,0,0.0,2,2,0,0.0,0.0,0,
Matt Moore,29,MIA,QB,1,0,0,0,0,0,0,0,1,1,0,0,0.0,0,0,0,0.0,0.0,0,
Alex Okafor,22,ARI,DE,1,0,0,0,0,0,0,0,0,0,0,0,0.0,1,1,0,0.0,0.0,0,
Jeris Pendleton,30,IND,DT,1,0,0,0,0,0,0,0,0,0,0,0,0.0,2,1,1,0.0,0.0,0,
Brian Robiskie,26,ATL,WR,1,0,0,0,0,0,0,0,0,0,0,0,0.0,1,1,0,0.0,0.0,0,
D.J. Smith,24,HOU,LB,1,0,0,0,0,0,0,0,0,0,0,0,0.0,1,1,0,0.0,0.0,0,
Anthony Spencer,29,DAL,DE,1,0,0,0,0,0,0,0,0,0,0,0,0.0,2,2,0,0.0,1.0,0,
Jonathan Vilma,31,NOR,LB,1,0,0,0,0,0,0,0,0,0,0,0,0.0,1,1,0,0.0,0.0,0,
Kyle Knox,24,NOR,LB,0,0,0,0,0,0,0,0,0,0,0,0,0.0,1,1,0,,,0,
