Player,Age,Team,G,GS,Att,Yds,TD,1D,Succ%,Lng,Y/A,Y/G,A/G,Fmb,Awards
LeSean McCoy,25.0,PHI,16.0,16.0,314.0,1607.0,9.0,79.0,49.7,57.0,5.1,100.4,19.6,1.0,"PB,AP-1,AP OPoY-2,AP CPoY-11"
Marshawn Lynch,27.0,SEA,16.0,16.0,301.0,1257.0,12.0,73.0,48.2,43.0,4.2,78.6,18.8,4.0,PB
Matt Forte,28.0,CHI,16.0,16.0,289.0,1339.0,9.0,73.0,42.2,55.0,4.6,83.7,18.1,2.0,PB
Ryan Mathews,26.0,SDG,16.0,14.0,285.0,1255.0,6.0,55.0,47.7,51.0,4.4,78.4,17.8,2.0,
Eddie Lacy,23.0,GNB,15.0,15.0,284.0,1178.0,11.0,63.0,44.4,60.0,4.1,78.5,18.9,1.0,"PB,AP-2,AP ORoY-1"
Chris Johnson,28.0,TEN,16.0,16.0,279.0,1077.0,6.0,57.0,44.8,30.0,3.9,67.3,17.4,3.0,
Adrian Peterson,28.0,MIN,14.0,14.0,279.0,1266.0,10.0,61.0,43.7,78.0,4.5,90.4,19.9,5.0,"PB,AP-2"
Frank Gore,30.0,SFO,16.0,16.0,276.0,1128.0,9.0,50.0,38.8,51.0,4.1,70.5,17.3,3.0,PB
Alfred Morris,25.0,WAS,16.0,16.0,276.0,1275.0,7.0,61.0,48.2,45.0,4.6,79.7,17.3,5.0,PB
Jamaal Charles,27.0,KAN,15.0,15.0,259.0,1287.0,12.0,72.0,49.4,46.0,5.0,85.8,17.3,4.0,"PB,AP-1,AP OPoY-3"
Zac Stacy,22.0,STL,14.0,12.0,250.0,973.0,7.0,48.0,41.6,40.0,3.9,69.5,17.9,1.0,
Le'Veon Bell,21.0,PIT,13.0,13.0,244.0,860.0,8.0,53.0,45.5,43.0,3.5,66.2,18.8,1.0,
Knowshon Moreno,26.0,DEN,16.0,15.0,241.0,1038.0,10.0,56.0,47.7,31.0,4.3,64.9,15.1,1.0,AP CPoY-2
Maurice Jones-Drew,28.0,JAX,15.0,15.0,234.0,803.0,5.0,46.0,36.3,48.0,3.4,53.5,15.6,1.0,
Reggie Bush,28.0,DET,14.0,14.0,223.0,1006.0,4.0,49.0,44.8,39.0,4.5,71.9,15.9,5.0,
BenJarvus Green-Ellis,28.0,CIN,16.0,16.0,220.0,756.0,7.0,49.0,47.3,25.0,3.4,47.3,13.8,2.0,
Rashard Mendenhall,26.0,ARI,15.0,15.0,217.0,687.0,8.0,45.0,40.6,28.0,3.2,45.8,14.5,4.0,
DeMarco Murray,25.0,DAL,14.0,14.0,217.0,1121.0,9.0,65.0,51.6,43.0,5.2,80.1,15.5,3.0,PB
Ray Rice,26.0,BAL,15.0,15.0,214.0,660.0,4.0,28.0,33.6,47.0,3.1,44.0,14.3,2.0,
Fred Jackson,32.0,BUF,16.0,6.0,206.0,890.0,9.0,54.0,51.0,59.0,4.3,55.6,12.9,3.0,
C.J. Spiller,26.0,BUF,15.0,10.0,202.0,933.0,2.0,27.0,34.7,77.0,4.6,62.2,13.5,4.0,
DeAngelo Williams,30.0,CAR,15.0,15.0,201.0,843.0,3.0,36.0,41.3,43.0,4.2,56.2,13.4,3.0,
Trent Richardson,23.0,2TM,16.0,10.0,188.0,563.0,3.0,28.0,42.0,22.0,3.0,35.2,11.8,2.0,
Chris Ivory,25.0,NYJ,15.0,6.0,182.0,833.0,3.0,35.0,44.0,69.0,4.6,55.5,12.1,2.0,
Ben Tate,25.0,HOU,14.0,7.0,181.0,771.0,4.0,37.0,49.7,60.0,4.3,55.1,12.9,5.0,
Stevan Ridley,24.0,NWE,14.0,6.0,178.0,773.0,7.0,40.0,49.4,29.0,4.3,55.2,12.7,4.0,
Lamar Miller,22.0,MIA,16.0,15.0,177.0,709.0,2.0,27.0,44.6,49.0,4.0,44.3,11.1,1.0,
Bilal Powell,25.0,NYJ,16.0,11.0,176.0,697.0,1.0,36.0,41.5,39.0,4.0,43.6,11.0,1.0,
Giovani Bernard,22.0,CIN,16.0,0.0,170.0,695.0,5.0,33.0,47.1,35.0,4.1,43.4,10.6,1.0,AP ORoY-3
Joique Bell,27.0,DET,16.0,4.0,166.0,650.0,8.0,43.0,50.6,20.0,3.9,40.6,10.4,4.0,
Rashad Jennings,28.0,OAK,15.0,8.0,163.0,733.0,6.0,35.0,46.6,80.0,4.5,48.9,10.9,0.0,
Steven Jackson,30.0,ATL,12.0,12.0,157.0,543.0,6.0,26.0,40.1,50.0,3.5,45.3,13.1,0.0,
LeGarrette Blount,27.0,NWE,16.0,7.0,153.0,772.0,7.0,37.0,52.3,47.0,5.0,48.3,9.6,3.0,
Bernard Pierce,22.0,BAL,16.0,1.0,152.0,436.0,2.0,23.0,34.2,28.0,2.9,27.3,9.5,0.0,
Bobby Rainey,26.0,2TM,15.0,6.0,150.0,566.0,5.0,23.0,27.3,80.0,3.8,37.7,10.0,1.0,
Pierre Thomas,29.0,NOR,16.0,9.0,147.0,549.0,2.0,32.0,51.7,18.0,3.7,34.3,9.2,2.0,
Andre Brown,27.0,NYG,8.0,8.0,139.0,492.0,3.0,31.0,48.2,23.0,3.5,61.5,17.4,3.0,
Willis McGahee,32.0,CLE,12.0,6.0,138.0,377.0,2.0,31.0,43.5,16.0,2.7,31.4,11.5,1.0,
Doug Martin,24.0,TAM,6.0,6.0,127.0,456.0,1.0,18.0,37.8,28.0,3.6,76.0,21.2,2.0,
Arian Foster,27.0,HOU,8.0,8.0,121.0,542.0,1.0,31.0,49.6,23.0,4.5,67.8,15.1,0.0,
Montee Ball,23.0,DEN,16.0,0.0,120.0,559.0,4.0,35.0,51.7,45.0,4.7,34.9,7.5,3.0,
Andre Ellington,24.0,ARI,15.0,1.0,118.0,652.0,3.0,27.0,44.1,80.0,5.5,43.5,7.9,1.0,
Darren McFadden,26.0,OAK,10.0,7.0,114.0,379.0,5.0,17.0,30.7,30.0,3.3,37.9,11.4,1.0,
Cam Newton,24.0,CAR,16.0,16.0,111.0,585.0,6.0,45.0,55.0,56.0,5.3,36.6,6.9,3.0,PB
Daniel Thomas,26.0,MIA,15.0,1.0,109.0,406.0,4.0,17.0,46.8,55.0,3.7,27.1,7.3,0.0,
Danny Woodhead,28.0,SDG,16.0,2.0,106.0,429.0,2.0,27.0,60.4,14.0,4.0,26.8,6.6,2.0,
Donald Brown,26.0,IND,16.0,5.0,102.0,537.0,6.0,21.0,49.0,51.0,5.3,33.6,6.4,0.0,
Mike Tolbert,28.0,CAR,16.0,13.0,101.0,361.0,5.0,32.0,50.5,22.0,3.6,22.6,6.3,0.0,"PB,AP-1"
Jacquizz Rodgers,23.0,ATL,15.0,4.0,96.0,332.0,2.0,19.0,43.8,19.0,3.5,22.1,6.4,1.0,
Russell Wilson,25.0,SEA,16.0,16.0,96.0,539.0,1.0,31.0,47.9,27.0,5.6,33.7,6.0,10.0,"PB,AP OPoY-4"
Colin Kaepernick,26.0,SFO,16.0,16.0,92.0,524.0,4.0,28.0,45.7,28.0,5.7,32.8,5.8,6.0,
James Starks,27.0,GNB,13.0,1.0,89.0,493.0,3.0,27.0,55.1,41.0,5.5,37.9,6.8,1.0,
Robert Griffin III,23.0,WAS,13.0,13.0,86.0,489.0,0.0,26.0,53.5,26.0,5.7,37.6,6.6,11.0,
Terrelle Pryor,24.0,OAK,11.0,9.0,83.0,576.0,2.0,28.0,49.4,93.0,6.9,52.4,7.5,7.0,
Kendall Hunter,25.0,SFO,16.0,0.0,78.0,358.0,3.0,19.0,35.9,45.0,4.6,22.4,4.9,1.0,
Mark Ingram,24.0,NOR,11.0,3.0,78.0,386.0,1.0,18.0,46.2,34.0,4.9,35.1,7.1,0.0,
Shonn Greene,28.0,TEN,11.0,0.0,77.0,295.0,4.0,20.0,58.4,29.0,3.8,26.8,7.0,0.0,
Robert Turbin,24.0,SEA,16.0,0.0,77.0,264.0,0.0,10.0,39.0,15.0,3.4,16.5,4.8,1.0,
Alex Smith,29.0,KAN,15.0,15.0,76.0,431.0,1.0,24.0,47.4,26.0,5.7,28.7,5.1,7.0,"PB,AP CPoY-6"
Jordan Todman,23.0,JAX,16.0,2.0,76.0,256.0,2.0,17.0,38.2,33.0,3.4,16.0,4.8,0.0,
Bryce Brown,22.0,PHI,16.0,1.0,75.0,314.0,2.0,16.0,48.0,65.0,4.2,19.6,4.7,0.0,
Peyton Hillis,27.0,NYG,7.0,1.0,73.0,247.0,2.0,13.0,45.2,27.0,3.4,35.3,10.4,2.0,
Geno Smith,23.0,NYJ,16.0,16.0,72.0,366.0,6.0,24.0,50.0,32.0,5.1,22.9,4.5,8.0,
Knile Davis,22.0,KAN,16.0,1.0,70.0,242.0,4.0,10.0,31.4,20.0,3.5,15.1,4.4,3.0,
Daryl Richardson,23.0,STL,8.0,3.0,69.0,215.0,0.0,12.0,42.0,14.0,3.1,26.9,8.6,0.0,
Michael Bush,29.0,CHI,15.0,0.0,63.0,197.0,3.0,10.0,33.3,40.0,3.1,13.1,4.2,0.0,
Andrew Luck,24.0,IND,16.0,16.0,63.0,377.0,4.0,23.0,55.6,29.0,6.0,23.6,3.9,6.0,PB
Roy Helu,25.0,WAS,16.0,0.0,62.0,274.0,4.0,20.0,45.2,24.0,4.4,17.1,3.9,2.0,
Andy Dalton,26.0,CIN,16.0,16.0,61.0,183.0,2.0,15.0,39.3,12.0,3.0,11.4,3.8,4.0,
Mike James,22.0,TAM,8.0,3.0,60.0,295.0,0.0,14.0,50.0,24.0,4.9,36.9,7.5,0.0,
Brandon Jacobs,31.0,NYG,7.0,1.0,58.0,238.0,4.0,16.0,44.8,37.0,4.1,34.0,8.3,1.0,
Nick Foles,24.0,PHI,13.0,10.0,57.0,221.0,3.0,16.0,40.4,21.0,3.9,17.0,4.4,4.0,PB
Brandon Bolden,23.0,NWE,12.0,2.0,55.0,271.0,3.0,16.0,47.3,46.0,4.9,22.6,4.6,0.0,
Ronnie Hillman,22.0,DEN,10.0,0.0,55.0,218.0,1.0,14.0,52.7,19.0,4.0,21.8,5.5,2.0,
Joseph Randle,22.0,DAL,13.0,2.0,54.0,164.0,2.0,7.0,40.7,19.0,3.0,12.6,4.2,0.0,
Khiry Robinson,24.0,NOR,10.0,0.0,54.0,224.0,1.0,12.0,40.7,25.0,4.1,22.4,5.4,0.0,
EJ Manuel,23.0,BUF,10.0,10.0,53.0,186.0,2.0,18.0,41.5,19.0,3.5,18.6,5.3,6.0,
Darren Sproles,30.0,NOR,15.0,4.0,53.0,220.0,2.0,13.0,49.1,38.0,4.2,14.7,3.5,2.0,
Jonathan Dwyer,24.0,PIT,15.0,0.0,49.0,197.0,0.0,16.0,42.9,30.0,4.0,13.1,3.3,0.0,
Dennis Johnson,23.0,HOU,8.0,1.0,49.0,183.0,0.0,8.0,42.9,29.0,3.7,22.9,6.1,0.0,
Chris Ogbonnaya,27.0,CLE,16.0,7.0,49.0,240.0,0.0,14.0,53.1,43.0,4.9,15.0,3.1,2.0,
Felix Jones,26.0,PIT,16.0,2.0,48.0,184.0,0.0,9.0,37.5,14.0,3.8,11.5,3.0,1.0,
Jonathan Stewart,26.0,CAR,6.0,1.0,48.0,180.0,0.0,7.0,41.7,16.0,3.8,30.0,8.0,1.0,
Benny Cunningham,23.0,STL,14.0,0.0,47.0,261.0,1.0,11.0,44.7,56.0,5.6,18.6,3.4,2.0,
Brian Leonard,29.0,TAM,16.0,1.0,47.0,182.0,0.0,12.0,40.4,24.0,3.9,11.4,2.9,0.0,
Marcel Reece,28.0,OAK,16.0,15.0,46.0,218.0,2.0,8.0,37.0,63.0,4.7,13.6,2.9,0.0,"PB,AP-2"
Tashard Choice,29.0,2TM,15.0,0.0,46.0,170.0,0.0,8.0,47.8,20.0,3.7,11.3,3.1,0.0,
Ronnie Brown,32.0,SDG,16.0,0.0,45.0,157.0,1.0,10.0,35.6,13.0,3.5,9.8,2.8,0.0,
Matt Asiata,26.0,MIN,11.0,1.0,44.0,166.0,3.0,11.0,52.3,39.0,3.8,15.1,4.0,1.0,
Jason Snelling,30.0,ATL,14.0,1.0,44.0,164.0,1.0,9.0,50.0,17.0,3.7,11.7,3.1,0.0,
Shane Vereen,24.0,NWE,8.0,1.0,44.0,208.0,1.0,12.0,38.6,21.0,4.7,26.0,5.5,1.0,
David Wilson,22.0,NYG,5.0,4.0,44.0,146.0,1.0,10.0,45.5,18.0,3.3,29.2,8.8,2.0,
Edwin Baker,22.0,CLE,3.0,2.0,43.0,171.0,2.0,11.0,53.5,20.0,4.0,57.0,14.3,0.0,
Ryan Fitzpatrick,31.0,TEN,11.0,9.0,43.0,225.0,3.0,17.0,46.5,26.0,5.2,20.5,3.9,9.0,
Ahmad Bradshaw,27.0,IND,3.0,2.0,41.0,186.0,2.0,11.0,51.2,27.0,4.5,62.0,13.7,0.0,
Ryan Tannehill,25.0,MIA,16.0,16.0,40.0,238.0,1.0,12.0,47.5,48.0,6.0,14.9,2.5,9.0,
Matthew Stafford,25.0,DET,16.0,16.0,37.0,69.0,2.0,13.0,40.5,14.0,1.9,4.3,2.3,12.0,
Jackie Battle,30.0,TEN,16.0,0.0,36.0,142.0,1.0,7.0,33.3,37.0,3.9,8.9,2.3,0.0,
Toby Gerhart,26.0,MIN,14.0,0.0,36.0,283.0,2.0,13.0,55.6,41.0,7.9,20.2,2.6,1.0,
Stepfan Taylor,22.0,ARI,16.0,0.0,36.0,115.0,0.0,6.0,30.6,15.0,3.2,7.2,2.3,0.0,
Michael Vick,33.0,PHI,7.0,6.0,36.0,306.0,2.0,17.0,61.1,61.0,8.5,43.7,5.1,4.0,
Drew Brees,34.0,NOR,16.0,16.0,35.0,52.0,3.0,6.0,28.6,16.0,1.5,3.3,2.2,6.0,"PB,AP OPoY-4"
Christian Ponder,25.0,MIN,9.0,9.0,34.0,151.0,4.0,12.0,41.2,19.0,4.4,16.8,3.8,7.0,
Tom Brady,36.0,NWE,16.0,16.0,32.0,18.0,0.0,5.0,18.8,11.0,0.6,1.1,2.0,9.0,"PB,AP MVP-2,AP OPoY-4"
Peyton Manning,37.0,DEN,16.0,16.0,32.0,-31.0,1.0,1.0,3.1,1.0,-1.0,-1.9,2.0,10.0,"PB,AP-1,AP MVP-1,AP OPoY-1"
Lance Dunbar,23.0,DAL,9.0,0.0,30.0,150.0,0.0,9.0,56.7,45.0,5.0,16.7,3.3,1.0,
Aaron Rodgers,30.0,GNB,9.0,9.0,30.0,120.0,0.0,11.0,50.0,18.0,4.0,13.3,3.3,4.0,
Anthony Dixon,26.0,SFO,16.0,1.0,28.0,56.0,2.0,6.0,39.3,9.0,2.0,3.5,1.8,0.0,
Philip Rivers,32.0,SDG,16.0,16.0,28.0,72.0,0.0,5.0,32.1,18.0,2.6,4.5,1.8,3.0,"PB,AP CPoY-1"
Fozzy Whittaker,24.0,CLE,11.0,2.0,28.0,79.0,0.0,3.0,42.9,11.0,2.8,7.2,2.5,0.0,
Joe Flacco,28.0,BAL,16.0,16.0,27.0,131.0,1.0,12.0,59.3,22.0,4.9,8.2,1.7,8.0,
Mike Glennon,24.0,TAM,13.0,13.0,27.0,37.0,0.0,4.0,22.2,16.0,1.4,2.8,2.1,7.0,
Chad Henne,28.0,JAX,15.0,13.0,27.0,77.0,0.0,7.0,37.0,14.0,2.9,5.1,1.8,2.0,
Carson Palmer,34.0,ARI,16.0,16.0,27.0,3.0,0.0,1.0,3.7,10.0,0.1,0.2,1.7,6.0,
Ben Roethlisberger,31.0,PIT,16.0,16.0,27.0,99.0,1.0,5.0,33.3,19.0,3.7,6.2,1.7,9.0,
Thaddeus Lewis,28.0,BUF,6.0,5.0,24.0,52.0,1.0,6.0,37.5,8.0,2.2,8.7,4.0,7.0,
Jake Locker,25.0,TEN,7.0,7.0,24.0,155.0,2.0,10.0,50.0,39.0,6.5,22.1,3.4,3.0,
Kellen Clemens,30.0,STL,10.0,9.0,23.0,64.0,0.0,5.0,30.4,16.0,2.8,6.4,2.3,7.0,
Jay Cutler,30.0,CHI,11.0,11.0,23.0,118.0,0.0,7.0,43.5,18.0,5.1,10.7,2.1,5.0,
Michael Cox,25.0,NYG,14.0,1.0,22.0,43.0,0.0,1.0,22.7,9.0,2.0,3.1,1.6,0.0,
Jonathan Grimes,24.0,HOU,2.0,1.0,21.0,73.0,1.0,6.0,47.6,12.0,3.5,36.5,10.5,1.0,
Denard Robinson,23.0,JAX,16.0,0.0,20.0,66.0,0.0,3.0,35.0,24.0,3.3,4.1,1.3,3.0,
Tony Romo,33.0,DAL,15.0,15.0,20.0,38.0,0.0,5.0,20.0,15.0,1.9,2.5,1.3,4.0,
Da'Rel Scott,25.0,NYG,5.0,1.0,20.0,73.0,0.0,3.0,35.0,16.0,3.7,14.6,4.0,0.0,
Matt Flynn,28.0,2TM,7.0,5.0,20.0,65.0,0.0,5.0,15.0,17.0,3.3,9.3,2.9,7.0,
Johnathan Franklin,24.0,GNB,11.0,0.0,19.0,107.0,1.0,7.0,52.6,51.0,5.6,9.7,1.7,2.0,
Matt Cassel,31.0,MIN,9.0,6.0,18.0,57.0,1.0,3.0,27.8,13.0,3.2,6.3,2.0,3.0,
Eli Manning,32.0,NYG,16.0,16.0,18.0,36.0,0.0,3.0,16.7,14.0,2.0,2.3,1.1,7.0,
Christine Michael,23.0,SEA,4.0,0.0,18.0,79.0,0.0,5.0,61.1,13.0,4.4,19.8,4.5,0.0,
Alfonso Smith,26.0,ARI,16.0,0.0,18.0,54.0,1.0,5.0,50.0,21.0,3.0,3.4,1.1,2.0,
Tommy Bohanon,23.0,NYJ,16.0,8.0,17.0,62.0,0.0,4.0,58.8,8.0,3.6,3.9,1.1,0.0,
Matt Ryan,28.0,ATL,16.0,16.0,17.0,55.0,0.0,5.0,35.3,17.0,3.2,3.4,1.1,5.0,
Alshon Jeffery,23.0,CHI,16.0,14.0,16.0,105.0,0.0,7.0,43.8,38.0,6.6,6.6,1.0,3.0,PB
Sam Bradford,26.0,STL,7.0,7.0,15.0,31.0,0.0,2.0,20.0,23.0,2.1,4.4,2.1,3.0,
Jed Collins,27.0,NOR,16.0,8.0,15.0,45.0,1.0,9.0,66.7,12.0,3.0,2.8,0.9,0.0,
Jason Campbell,32.0,CLE,9.0,8.0,14.0,107.0,0.0,6.0,50.0,21.0,7.6,11.9,1.6,3.0,
Chase Daniel,27.0,KAN,5.0,1.0,14.0,52.0,0.0,3.0,35.7,29.0,3.7,10.4,2.8,0.0,
Case Keenum,25.0,HOU,8.0,8.0,14.0,72.0,1.0,6.0,64.3,22.0,5.1,9.0,1.8,6.0,
Vick Ballard,23.0,IND,1.0,1.0,13.0,63.0,0.0,4.0,46.2,12.0,4.8,63.0,13.0,0.0,
Josh Cribbs,30.0,NYJ,6.0,0.0,13.0,55.0,0.0,2.0,46.2,9.0,4.2,9.2,2.2,0.0,
Josh McCown,34.0,CHI,8.0,5.0,13.0,69.0,1.0,5.0,53.8,20.0,5.3,8.6,1.6,3.0,
LaMichael James,24.0,SFO,10.0,0.0,12.0,59.0,0.0,2.0,33.3,21.0,4.9,5.9,1.2,2.0,
Deji Karim,27.0,HOU,7.0,0.0,12.0,51.0,0.0,3.0,58.3,14.0,4.3,7.3,1.7,0.0,
Cordarrelle Patterson,22.0,MIN,16.0,6.0,12.0,158.0,3.0,7.0,75.0,50.0,13.2,9.9,0.8,0.0,"PB,AP-1,AP ORoY-3"
Frank Summers,28.0,BUF,15.0,9.0,12.0,46.0,1.0,3.0,50.0,16.0,3.8,3.1,0.8,0.0,
Brandon Weeden,30.0,CLE,8.0,5.0,12.0,44.0,0.0,2.0,50.0,11.0,3.7,5.5,1.5,6.0,
Darrel Young,26.0,WAS,13.0,7.0,12.0,41.0,3.0,7.0,58.3,19.0,3.4,3.2,0.9,0.0,
Alex Green,25.0,NYJ,13.0,0.0,11.0,35.0,0.0,2.0,45.5,9.0,3.2,2.7,0.8,0.0,
Vonta Leach,32.0,BAL,16.0,7.0,11.0,23.0,0.0,2.0,36.4,6.0,2.1,1.4,0.7,1.0,
Le'Ron McClain,29.0,SDG,16.0,2.0,11.0,32.0,0.0,7.0,72.7,7.0,2.9,2.0,0.7,0.0,
Matt McGloin,24.0,OAK,7.0,6.0,11.0,27.0,0.0,2.0,27.3,20.0,2.5,3.9,1.6,4.0,
Chris Polk,24.0,PHI,15.0,0.0,11.0,98.0,3.0,5.0,63.6,38.0,8.9,6.5,0.7,0.0,
John Kuhn,31.0,GNB,15.0,6.0,10.0,38.0,1.0,7.0,70.0,12.0,3.8,2.5,0.7,1.0,
Isaac Redman,29.0,PIT,3.0,1.0,10.0,12.0,0.0,0.0,10.0,8.0,1.2,4.0,3.3,1.0,
Tavon Austin,23.0,STL,13.0,3.0,9.0,151.0,1.0,3.0,55.6,65.0,16.8,11.6,0.7,4.0,
Blaine Gabbert,24.0,JAX,3.0,3.0,9.0,32.0,0.0,0.0,55.6,7.0,3.6,10.7,3.0,2.0,
Cyrus Gray,24.0,KAN,16.0,0.0,9.0,24.0,0.0,1.0,22.2,9.0,2.7,1.5,0.6,0.0,
Michael Hill,24.0,TAM,6.0,0.0,9.0,23.0,0.0,1.0,11.1,10.0,2.6,3.8,1.5,0.0,
Theo Riddick,22.0,DET,14.0,0.0,9.0,25.0,1.0,2.0,44.4,7.0,2.8,1.8,0.6,0.0,
Phillip Tanner,25.0,DAL,16.0,0.0,9.0,12.0,1.0,2.0,33.3,9.0,1.3,0.8,0.6,1.0,
Marvin Jones,23.0,CIN,16.0,3.0,8.0,65.0,0.0,4.0,62.5,34.0,8.1,4.1,0.5,0.0,
Dexter McCluster,24.0,KAN,15.0,6.0,8.0,5.0,0.0,0.0,25.0,5.0,0.6,0.3,0.5,2.0,"PB,AP-2"
Cedric Peerman,27.0,CIN,16.0,0.0,8.0,17.0,0.0,0.0,0.0,5.0,2.1,1.1,0.5,0.0,
Tyrod Taylor,24.0,BAL,3.0,0.0,8.0,64.0,0.0,5.0,62.5,25.0,8.0,21.3,2.7,0.0,
C.J. Anderson,22.0,DEN,5.0,0.0,7.0,38.0,0.0,3.0,85.7,11.0,5.4,7.6,1.4,0.0,
Antonio Brown,25.0,PIT,16.0,14.0,7.0,4.0,0.0,2.0,57.1,10.0,0.6,0.3,0.4,1.0,"PB,AP-2"
Charles Clay,24.0,MIA,16.0,15.0,7.0,15.0,1.0,2.0,28.6,13.0,2.1,0.9,0.4,0.0,
Mike Goodson,26.0,NYJ,2.0,0.0,7.0,61.0,0.0,2.0,42.9,26.0,8.7,30.5,3.5,0.0,
Stanley Havili,26.0,IND,13.0,8.0,7.0,7.0,0.0,1.0,14.3,4.0,1.0,0.5,0.5,0.0,
Josh Johnson,27.0,CIN,2.0,0.0,7.0,20.0,0.0,2.0,28.6,10.0,2.9,10.0,3.5,1.0,
Bruce Miller,26.0,SFO,14.0,13.0,7.0,13.0,0.0,3.0,42.9,4.0,1.9,0.9,0.5,1.0,
Isaiah Pead,24.0,STL,10.0,0.0,7.0,21.0,0.0,2.0,42.9,11.0,3.0,2.1,0.7,0.0,
Kenjon Barner,24.0,CAR,8.0,0.0,6.0,7.0,0.0,0.0,0.0,2.0,1.2,0.9,0.8,1.0,
Justin Forsett,28.0,JAX,9.0,0.0,6.0,31.0,0.0,1.0,33.3,10.0,5.2,3.4,0.7,1.0,
Mike Gillislee,23.0,MIA,3.0,0.0,6.0,21.0,0.0,1.0,50.0,6.0,3.5,7.0,2.0,0.0,
MarQueis Gray,24.0,CLE,12.0,2.0,6.0,43.0,0.0,3.0,50.0,18.0,7.2,3.6,0.5,0.0,
Brian Hoyer,28.0,CLE,3.0,3.0,6.0,16.0,0.0,1.0,33.3,11.0,2.7,5.3,2.0,0.0,
Colt McCoy,27.0,SFO,4.0,0.0,6.0,-6.0,0.0,0.0,0.0,-1.0,-1.0,-1.5,1.5,0.0,
LaRod Stephens-Howling,26.0,PIT,1.0,0.0,6.0,19.0,0.0,0.0,0.0,5.0,3.2,19.0,6.0,0.0,
Marcus Thigpen,27.0,MIA,16.0,0.0,6.0,18.0,0.0,1.0,33.3,9.0,3.0,1.1,0.4,3.0,
Charlie Whitehurst,31.0,SDG,2.0,0.0,6.0,-5.0,0.0,0.0,0.0,,-0.8,-2.5,3.0,0.0,
Derek Anderson,30.0,CAR,4.0,0.0,5.0,0.0,0.0,1.0,20.0,,0.0,0.0,1.3,0.0,
Jacoby Ford,26.0,OAK,14.0,1.0,5.0,15.0,0.0,0.0,20.0,4.0,3.0,1.1,0.4,4.0,
Josh Freeman,25.0,TAM,3.0,3.0,5.0,20.0,0.0,1.0,40.0,13.0,4.0,6.7,1.7,2.0,
Josh Gordon,22.0,CLE,14.0,14.0,5.0,88.0,0.0,4.0,80.0,34.0,17.6,6.3,0.4,0.0,"PB,AP-1,AP CPoY-6"
Dan Herron,24.0,IND,6.0,0.0,5.0,33.0,0.0,2.0,80.0,22.0,6.6,5.5,0.8,0.0,
Taiwan Jones,25.0,OAK,16.0,0.0,5.0,23.0,0.0,1.0,20.0,19.0,4.6,1.4,0.3,2.0,
Matt Schaub,32.0,HOU,10.0,8.0,5.0,24.0,0.0,1.0,60.0,7.0,4.8,2.4,0.5,2.0,
Matt Simms,25.0,NYJ,3.0,0.0,5.0,37.0,0.0,1.0,20.0,22.0,7.4,12.3,1.7,1.0,
Antone Smith,28.0,ATL,15.0,0.0,5.0,145.0,2.0,4.0,100.0,50.0,29.0,9.7,0.3,0.0,
Scott Tolzien,26.0,GNB,3.0,2.0,5.0,55.0,1.0,4.0,100.0,19.0,11.0,18.3,1.7,0.0,
Randall Cobb,23.0,GNB,6.0,4.0,4.0,78.0,0.0,1.0,50.0,67.0,19.5,13.0,0.7,0.0,
Kirk Cousins,25.0,WAS,5.0,3.0,4.0,14.0,0.0,2.0,50.0,6.0,3.5,2.8,0.8,3.0,
James Develin,25.0,NWE,16.0,6.0,4.0,10.0,1.0,4.0,100.0,4.0,2.5,0.6,0.3,0.0,
Shaun Draughn,26.0,BAL,3.0,0.0,4.0,2.0,0.0,1.0,25.0,3.0,0.5,0.7,1.3,0.0,
Ted Ginn Jr.,28.0,CAR,16.0,2.0,4.0,29.0,0.0,2.0,75.0,14.0,7.3,1.8,0.3,0.0,
Ray Graham,23.0,HOU,1.0,0.0,4.0,8.0,0.0,0.0,25.0,4.0,2.0,8.0,4.0,0.0,
T.J. Graham,24.0,BUF,16.0,6.0,4.0,14.0,0.0,2.0,50.0,14.0,3.5,0.9,0.3,1.0,
Tarvaris Jackson,30.0,SEA,3.0,0.0,4.0,1.0,1.0,1.0,25.0,5.0,0.3,0.3,1.3,0.0,
Jeremy Kerley,25.0,NYJ,12.0,8.0,4.0,11.0,0.0,0.0,25.0,8.0,2.8,0.9,0.3,0.0,
Patrick Peterson,23.0,ARI,16.0,16.0,4.0,21.0,0.0,2.0,50.0,12.0,5.3,1.3,0.3,3.0,"PB,AP-1"
Sheldon Richardson,23.0,NYJ,16.0,15.0,4.0,4.0,2.0,2.0,75.0,1.0,1.0,0.3,0.3,0.0,AP DRoY-1
Mohamed Sanu,24.0,CIN,16.0,14.0,4.0,16.0,0.0,0.0,50.0,9.0,4.0,1.0,0.3,1.0,
Bernard Scott,29.0,BAL,2.0,0.0,4.0,14.0,0.0,0.0,0.0,9.0,3.5,7.0,2.0,0.0,
Armond Smith,27.0,CAR,5.0,0.0,4.0,5.0,0.0,0.0,0.0,5.0,1.3,1.0,0.8,0.0,
Chris Givens,24.0,STL,16.0,13.0,3.0,8.0,0.0,1.0,33.3,16.0,2.7,0.5,0.2,1.0,
Marquise Goodwin,23.0,BUF,12.0,1.0,3.0,13.0,0.0,1.0,33.3,17.0,4.3,1.1,0.3,1.0,
Darrius Heyward-Bey,26.0,IND,16.0,11.0,3.0,26.0,0.0,1.0,66.7,30.0,8.7,1.6,0.2,0.0,
DeSean Jackson,27.0,PHI,16.0,16.0,3.0,2.0,0.0,0.0,33.3,8.0,0.7,0.1,0.2,1.0,PB
Luke McCown,32.0,NOR,16.0,0.0,3.0,-4.0,0.0,0.0,0.0,-1.0,-1.3,-0.3,0.2,0.0,
Santana Moss,34.0,WAS,16.0,1.0,3.0,25.0,0.0,1.0,66.7,18.0,8.3,1.6,0.2,2.0,
Jamize Olawale,24.0,OAK,16.0,1.0,3.0,6.0,0.0,0.0,33.3,4.0,2.0,0.4,0.2,0.0,
Brock Osweiler,23.0,DEN,4.0,0.0,3.0,2.0,0.0,2.0,66.7,4.0,0.7,0.5,0.8,0.0,
Curtis Painter,28.0,NYG,3.0,0.0,3.0,-2.0,0.0,0.0,0.0,,-0.7,-0.7,1.0,2.0,
Aldrick Robinson,25.0,WAS,16.0,1.0,3.0,-4.0,0.0,0.0,33.3,9.0,-1.3,-0.3,0.2,0.0,
Eddie Royal,27.0,SDG,15.0,3.0,3.0,21.0,0.0,1.0,66.7,15.0,7.0,1.4,0.2,1.0,
Kenny Stills,21.0,NOR,16.0,10.0,3.0,10.0,0.0,0.0,33.3,4.0,3.3,0.6,0.2,0.0,
Golden Tate,25.0,SEA,16.0,13.0,3.0,31.0,0.0,1.0,66.7,20.0,10.3,1.9,0.2,3.0,
Jeff Tuel,22.0,BUF,2.0,1.0,3.0,17.0,0.0,1.0,33.3,14.0,5.7,8.5,1.5,0.0,
Mike Wallace,27.0,MIA,16.0,16.0,3.0,33.0,0.0,2.0,100.0,13.0,11.0,2.1,0.2,0.0,
Spencer Ware,22.0,SEA,2.0,0.0,3.0,10.0,0.0,1.0,33.3,5.0,3.3,5.0,1.5,0.0,
Terrance Williams,24.0,DAL,16.0,8.0,3.0,4.0,0.0,0.0,33.3,5.0,1.3,0.3,0.2,2.0,
Cierre Wood,22.0,HOU,3.0,0.0,3.0,9.0,0.0,0.0,0.0,5.0,3.0,3.0,1.0,0.0,
Donnie Avery,29.0,KAN,16.0,14.0,2.0,6.0,0.0,0.0,0.0,4.0,3.0,0.4,0.1,1.0,
Stedman Bailey,23.0,STL,16.0,2.0,2.0,33.0,1.0,1.0,100.0,27.0,16.5,2.1,0.1,0.0,
Doug Baldwin,25.0,SEA,16.0,9.0,2.0,6.0,0.0,0.0,0.0,3.0,3.0,0.4,0.1,0.0,
Matt Barkley,23.0,PHI,3.0,0.0,2.0,-2.0,0.0,0.0,0.0,-1.0,-1.0,-0.7,0.7,3.0,
Anquan Boldin,33.0,SFO,16.0,16.0,2.0,11.0,0.0,1.0,50.0,11.0,5.5,0.7,0.1,0.0,
Nate Burleson,32.0,DET,9.0,8.0,2.0,-8.0,0.0,0.0,0.0,,-4.0,-0.9,0.2,1.0,
Derrick Coleman,23.0,SEA,12.0,3.0,2.0,3.0,0.0,0.0,0.0,4.0,1.5,0.3,0.2,1.0,
Skye Dawson,23.0,TAM,7.0,0.0,2.0,15.0,0.0,1.0,50.0,14.0,7.5,2.1,0.3,1.0,
Julian Edelman,27.0,NWE,16.0,11.0,2.0,11.0,0.0,2.0,100.0,7.0,5.5,0.7,0.1,6.0,
Larry Fitzgerald,30.0,ARI,16.0,16.0,2.0,8.0,0.0,0.0,100.0,4.0,4.0,0.5,0.1,1.0,PB
Pierre Garcon,27.0,WAS,16.0,16.0,2.0,19.0,0.0,1.0,100.0,10.0,9.5,1.2,0.1,1.0,AP CPoY-6
Saalim Hakim,23.0,NYJ,3.0,0.0,2.0,-3.0,0.0,0.0,0.0,8.0,-1.5,-1.0,0.7,0.0,
Matt Hasselbeck,38.0,IND,3.0,0.0,2.0,-2.0,0.0,0.0,0.0,-1.0,-1.0,-0.7,0.7,0.0,
Andrew Hawkins,27.0,CIN,8.0,0.0,2.0,3.0,0.0,1.0,50.0,6.0,1.5,0.4,0.3,1.0,
Shaun Hill,33.0,DET,1.0,0.0,2.0,-2.0,0.0,0.0,0.0,-1.0,-1.0,-2.0,2.0,0.0,
T.Y. Hilton,24.0,IND,16.0,10.0,2.0,6.0,0.0,0.0,0.0,3.0,3.0,0.4,0.1,1.0,
A.J. Jenkins,24.0,KAN,16.0,1.0,2.0,6.0,0.0,0.0,50.0,5.0,3.0,0.4,0.1,0.0,
Jerrel Jernigan,24.0,NYG,15.0,3.0,2.0,57.0,1.0,1.0,100.0,49.0,28.5,3.8,0.1,1.0,
Greg Jones,32.0,HOU,16.0,5.0,2.0,2.0,0.0,0.0,50.0,4.0,1.0,0.1,0.1,0.0,
Jacoby Jones,29.0,BAL,12.0,9.0,2.0,0.0,0.0,0.0,50.0,,0.0,0.0,0.2,0.0,
Brett Kern,27.0,TEN,16.0,0.0,2.0,0.0,0.0,0.0,0.0,,0.0,0.0,0.1,2.0,
Brandon LaFell,27.0,CAR,16.0,16.0,2.0,15.0,0.0,1.0,100.0,9.0,7.5,0.9,0.1,1.0,
Mikel Leshoure,23.0,DET,3.0,0.0,2.0,9.0,0.0,0.0,0.0,5.0,4.5,3.0,0.7,0.0,
Sam Martin,23.0,DET,16.0,0.0,2.0,3.0,0.0,0.0,0.0,3.0,1.5,0.2,0.1,2.0,
Robert Meachem,29.0,NOR,15.0,5.0,2.0,-1.0,0.0,0.0,50.0,4.0,-0.5,-0.1,0.1,0.0,
Josh Morgan,28.0,WAS,14.0,7.0,2.0,13.0,0.0,0.0,0.0,9.0,6.5,0.9,0.1,2.0,
Eric Page,22.0,TAM,16.0,1.0,2.0,14.0,0.0,1.0,50.0,19.0,7.0,0.9,0.1,3.0,
Jeremy Ross,25.0,2TM,13.0,2.0,2.0,40.0,0.0,2.0,100.0,24.0,20.0,3.1,0.2,2.0,
Evan Royster,26.0,WAS,10.0,0.0,2.0,0.0,0.0,0.0,0.0,,0.0,0.0,0.2,0.0,
Ace Sanders,22.0,JAX,15.0,4.0,2.0,4.0,0.0,1.0,50.0,4.0,2.0,0.3,0.1,0.0,
Anthony Sherman,25.0,KAN,16.0,8.0,2.0,3.0,0.0,1.0,50.0,2.0,1.5,0.2,0.1,1.0,
Brad Smith,30.0,PHI,6.0,0.0,2.0,2.0,0.0,0.0,0.0,2.0,1.0,0.3,0.3,1.0,
Jeremy Stewart,24.0,OAK,13.0,0.0,2.0,2.0,1.0,1.0,50.0,2.0,1.0,0.2,0.2,0.0,
Rod Streater,25.0,OAK,16.0,14.0,2.0,17.0,0.0,0.0,100.0,9.0,8.5,1.1,0.1,1.0,
Eric Weddle,28.0,SDG,16.0,16.0,2.0,4.0,0.0,2.0,100.0,2.0,2.0,0.3,0.1,0.0,"PB,AP-2"
Kyle Williams,25.0,SFO,9.0,5.0,2.0,23.0,0.0,2.0,100.0,13.0,11.5,2.6,0.2,2.0,
Robert Woods,21.0,BUF,14.0,14.0,2.0,16.0,0.0,1.0,50.0,13.0,8.0,1.1,0.1,0.0,
Danny Amendola,28.0,NWE,12.0,6.0,1.0,1.0,0.0,0.0,0.0,1.0,1.0,0.1,0.1,0.0,
Bryan Anger,25.0,JAX,16.0,0.0,1.0,0.0,0.0,0.0,0.0,,0.0,0.0,0.1,1.0,
Josh Aubrey,22.0,CLE,6.0,0.0,1.0,34.0,0.0,1.0,100.0,34.0,34.0,5.7,0.2,0.0,
Travis Benjamin,24.0,CLE,8.0,3.0,1.0,45.0,0.0,1.0,100.0,45.0,45.0,5.6,0.1,2.0,
Justin Blackmon,23.0,JAX,4.0,4.0,1.0,-1.0,0.0,0.0,0.0,-1.0,-1.0,-0.3,0.3,0.0,
Richie Brockel,27.0,CAR,16.0,0.0,1.0,1.0,0.0,0.0,0.0,1.0,1.0,0.1,0.1,1.0,
Marlon Brown,22.0,BAL,14.0,12.0,1.0,-2.0,0.0,0.0,0.0,-2.0,-2.0,-0.1,0.1,0.0,
David Bruton,26.0,DEN,16.0,0.0,1.0,35.0,0.0,1.0,100.0,35.0,35.0,2.2,0.1,0.0,
Dez Bryant,25.0,DAL,16.0,16.0,1.0,1.0,0.0,0.0,0.0,1.0,1.0,0.1,0.1,3.0,PB
Stephen Burton,24.0,JAX,4.0,2.0,1.0,-9.0,0.0,0.0,0.0,-9.0,-9.0,-2.3,0.3,0.0,
Andre Caldwell,28.0,DEN,16.0,2.0,1.0,7.0,0.0,0.0,100.0,7.0,7.0,0.4,0.1,0.0,
Jerricho Cotchery,31.0,PIT,16.0,6.0,1.0,-5.0,0.0,0.0,0.0,-5.0,-5.0,-0.3,0.1,0.0,
Jeff Demps,23.0,TAM,2.0,0.0,1.0,14.0,0.0,1.0,100.0,14.0,14.0,7.0,0.5,0.0,
Armanti Edwards,25.0,2TM,6.0,0.0,1.0,0.0,0.0,0.0,0.0,,0.0,0.0,0.2,0.0,
Brandon Fields,29.0,MIA,16.0,0.0,1.0,0.0,0.0,0.0,0.0,,0.0,0.0,0.1,1.0,"PB,AP-2"
Matt Giordano,31.0,STL,16.0,2.0,1.0,-5.0,0.0,0.0,0.0,-5.0,-5.0,-0.3,0.1,0.0,
Dashon Goldson,29.0,TAM,13.0,13.0,1.0,22.0,0.0,1.0,100.0,22.0,22.0,1.7,0.1,0.0,
Dwayne Harris,26.0,DAL,13.0,3.0,1.0,6.0,0.0,0.0,100.0,6.0,6.0,0.5,0.1,2.0,
Josh Hill,23.0,NOR,14.0,3.0,1.0,-8.0,0.0,0.0,0.0,-8.0,-8.0,-0.6,0.1,0.0,
Trindon Holliday,27.0,DEN,15.0,0.0,1.0,7.0,0.0,0.0,0.0,7.0,7.0,0.5,0.1,5.0,
Kevin Huber,28.0,CIN,14.0,0.0,1.0,0.0,0.0,0.0,0.0,,0.0,0.0,0.1,1.0,
Vincent Jackson,30.0,TAM,16.0,16.0,1.0,0.0,0.0,0.0,0.0,,0.0,0.0,0.1,1.0,
M.D. Jennings,25.0,GNB,16.0,16.0,1.0,6.0,0.0,0.0,0.0,6.0,6.0,0.4,0.1,0.0,
Stevie Johnson,27.0,BUF,12.0,12.0,1.0,10.0,0.0,0.0,0.0,10.0,10.0,0.8,0.1,1.0,
Julio Jones,24.0,ATL,5.0,5.0,1.0,7.0,0.0,1.0,100.0,7.0,7.0,1.4,0.2,2.0,
Shiloh Keo,26.0,HOU,16.0,11.0,1.0,8.0,0.0,1.0,100.0,8.0,8.0,0.5,0.1,0.0,
Ricardo Lockette,27.0,SEA,8.0,1.0,1.0,-2.0,0.0,0.0,0.0,-2.0,-2.0,-0.3,0.1,0.0,
Corey Lynch,28.0,IND,5.0,0.0,1.0,3.0,0.0,0.0,0.0,3.0,3.0,0.6,0.2,0.0,
Chris Maragos,26.0,SEA,16.0,0.0,1.0,0.0,0.0,0.0,0.0,,0.0,0.0,0.1,2.0,
Marlon Moore,26.0,2TM,14.0,0.0,1.0,9.0,0.0,0.0,0.0,9.0,9.0,0.6,0.1,0.0,
Kyle Orton,31.0,DAL,3.0,1.0,1.0,8.0,0.0,1.0,100.0,8.0,8.0,2.7,0.3,0.0,
Bear Pascoe,27.0,NYG,16.0,6.0,1.0,2.0,0.0,0.0,0.0,2.0,2.0,0.1,0.1,0.0,
Quinton Patton,23.0,SFO,6.0,0.0,1.0,26.0,0.0,1.0,100.0,26.0,26.0,4.3,0.2,0.0,
Jordan Reed,23.0,WAS,9.0,4.0,1.0,18.0,0.0,1.0,100.0,18.0,18.0,2.0,0.1,0.0,
Darius Reynaud,29.0,TEN,7.0,0.0,1.0,0.0,0.0,0.0,0.0,,0.0,0.0,0.1,1.0,
Michael Robinson,30.0,SEA,9.0,3.0,1.0,0.0,0.0,0.0,0.0,,0.0,0.0,0.1,0.0,
Da'Rick Rogers,22.0,IND,5.0,3.0,1.0,0.0,0.0,0.0,0.0,,0.0,0.0,0.2,0.0,
Emmanuel Sanders,26.0,PIT,16.0,10.0,1.0,25.0,0.0,1.0,100.0,25.0,25.0,1.6,0.1,1.0,
Shaun Suisham,32.0,PIT,16.0,0.0,1.0,-12.0,0.0,0.0,0.0,-12.0,-12.0,-0.8,0.1,0.0,
Will Ta'ufo'ou,27.0,JAX,16.0,7.0,1.0,1.0,0.0,0.0,0.0,1.0,1.0,0.1,0.1,0.0,
Josh Vaughan,27.0,ATL,6.0,0.0,1.0,1.0,0.0,0.0,0.0,1.0,1.0,0.2,0.2,0.0,
Leon Washington,31.0,NWE,2.0,0.0,1.0,1.0,0.0,0.0,0.0,1.0,1.0,0.5,0.5,0.0,
Reggie Wayne,35.0,IND,7.0,7.0,1.0,5.0,0.0,0.0,100.0,5.0,5.0,0.7,0.1,0.0,
Steve Weatherford,31.0,NYG,16.0,0.0,1.0,0.0,0.0,0.0,0.0,,0.0,0.0,0.1,0.0,
Ronnie Wingo,22.0,BUF,2.0,0.0,1.0,4.0,0.0,0.0,0.0,4.0,4.0,2.0,0.5,0.0,
Tim Wright,23.0,TAM,16.0,8.0,1.0,2.0,0.0,0.0,0.0,2.0,2.0,0.1,0.1,0.0,
T.J. Yates,26.0,HOU,3.0,0.0,1.0,0.0,0.0,0.0,0.0,,0.0,0.0,0.3,1.0,
Seyi Ajirotutu,26.0,SDG,14.0,0.0,0.0,0.0,0.0,0.0,,,,0.0,0.0,0.0,
Dwayne Allen,23.0,IND,1.0,1.0,0.0,0.0,0.0,0.0,,,,0.0,0.0,0.0,
Jared Allen,31.0,MIN,16.0,16.0,0.0,0.0,0.0,0.0,,,,0.0,0.0,0.0,
Keenan Allen,21.0,SDG,15.0,14.0,0.0,0.0,0.0,0.0,,,,0.0,0.0,2.0,AP ORoY-2
Joe Anderson,25.0,CHI,6.0,0.0,0.0,0.0,0.0,0.0,,,,0.0,0.0,0.0,
Miles Austin,29.0,DAL,11.0,8.0,0.0,0.0,0.0,0.0,,,,0.0,0.0,0.0,
Jason Avant,30.0,PHI,16.0,13.0,0.0,0.0,0.0,0.0,,,,0.0,0.0,1.0,
Billy Bajema,31.0,BAL,6.0,1.0,0.0,0.0,0.0,0.0,,,,0.0,0.0,0.0,
Jonathan Baldwin,24.0,SFO,7.0,1.0,0.0,0.0,0.0,0.0,,,,0.0,0.0,0.0,
Jake Ballard,26.0,ARI,8.0,3.0,0.0,0.0,0.0,0.0,,,,0.0,0.0,0.0,
Joe Banyard,25.0,MIN,3.0,0.0,0.0,0.0,0.0,0.0,,,,0.0,0.0,0.0,
Gary Barnidge,28.0,CLE,16.0,12.0,0.0,0.0,0.0,0.0,,,,0.0,0.0,0.0,
Cole Beasley,24.0,DAL,14.0,3.0,0.0,0.0,0.0,0.0,,,,0.0,0.0,1.0,
Earl Bennett,26.0,CHI,15.0,3.0,0.0,0.0,0.0,0.0,,,,0.0,0.0,0.0,
Martellus Bennett,26.0,CHI,16.0,15.0,0.0,0.0,0.0,0.0,,,,0.0,0.0,1.0,
Davone Bess,28.0,CLE,14.0,3.0,0.0,0.0,0.0,0.0,,,,0.0,0.0,1.0,
Brandon Bostick,24.0,GNB,11.0,0.0,0.0,0.0,0.0,0.0,,,,0.0,0.0,0.0,
Dwayne Bowe,29.0,KAN,15.0,15.0,0.0,0.0,0.0,0.0,,,,0.0,0.0,0.0,
Josh Boyce,22.0,NWE,9.0,3.0,0.0,0.0,0.0,0.0,,,,0.0,0.0,0.0,
Jarrett Boykin,24.0,GNB,16.0,8.0,0.0,0.0,0.0,0.0,,,,0.0,0.0,0.0,
LaVon Brazill,24.0,IND,10.0,0.0,0.0,0.0,0.0,0.0,,,,0.0,0.0,1.0,
Kenny Britt,25.0,TEN,12.0,3.0,0.0,0.0,0.0,0.0,,,,0.0,0.0,0.0,
Kevin Brock,27.0,KAN,4.0,0.0,0.0,0.0,0.0,0.0,,,,0.0,0.0,0.0,
Jaron Brown,23.0,ARI,16.0,0.0,0.0,0.0,0.0,0.0,,,,0.0,0.0,0.0,
Mike Brown,24.0,JAX,11.0,6.0,0.0,0.0,0.0,0.0,,,,0.0,0.0,2.0,
Vincent Brown,24.0,SDG,16.0,12.0,0.0,0.0,0.0,0.0,,,,0.0,0.0,0.0,
Ryan Broyles,25.0,DET,6.0,3.0,0.0,0.0,0.0,0.0,,,,0.0,0.0,0.0,
Brice Butler,23.0,OAK,10.0,2.0,0.0,0.0,0.0,0.0,,,,0.0,0.0,0.0,
Nate Byham,25.0,TAM,4.0,3.0,0.0,0.0,0.0,0.0,,,,0.0,0.0,0.0,
Travaris Cadet,24.0,NOR,13.0,0.0,0.0,0.0,0.0,0.0,,,,0.0,0.0,0.0,
Jordan Cameron,25.0,CLE,15.0,14.0,0.0,0.0,0.0,0.0,,,,0.0,0.0,1.0,PB
Michael Campbell,24.0,NYJ,4.0,0.0,0.0,0.0,0.0,0.0,,,,0.0,0.0,0.0,
John Carlson,29.0,MIN,13.0,8.0,0.0,0.0,0.0,0.0,,,,0.0,0.0,1.0,
James Casey,29.0,PHI,15.0,1.0,0.0,0.0,0.0,0.0,,,,0.0,0.0,0.0,
Brent Celek,28.0,PHI,16.0,15.0,0.0,0.0,0.0,0.0,,,,0.0,0.0,1.0,
Garrett Celek,25.0,SFO,12.0,1.0,0.0,0.0,0.0,0.0,,,,0.0,0.0,1.0,
Scott Chandler,28.0,BUF,16.0,7.0,0.0,0.0,0.0,0.0,,,,0.0,0.0,1.0,
Orson Charles,22.0,CIN,13.0,0.0,0.0,0.0,0.0,0.0,,,,0.0,0.0,0.0,
Chimdi Chekwa,25.0,OAK,15.0,1.0,0.0,0.0,0.0,0.0,,,,0.0,0.0,0.0,
Dallas Clark,34.0,BAL,12.0,0.0,0.0,0.0,0.0,0.0,,,,0.0,0.0,0.0,
Tyler Clutts,29.0,2TM,8.0,0.0,0.0,0.0,0.0,0.0,,,,0.0,0.0,1.0,
Chase Coffman,27.0,ATL,11.0,0.0,0.0,0.0,0.0,0.0,,,,0.0,0.0,0.0,
Austin Collie,28.0,NWE,7.0,1.0,0.0,0.0,0.0,0.0,,,,0.0,0.0,0.0,
Marques Colston,30.0,NOR,15.0,11.0,0.0,0.0,0.0,0.0,,,,0.0,0.0,0.0,
Kevin Cone,25.0,ATL,16.0,0.0,0.0,0.0,0.0,0.0,,,,0.0,0.0,0.0,
John Conner,26.0,NYG,13.0,7.0,0.0,0.0,0.0,0.0,,,,0.0,0.0,0.0,
Jared Cook,26.0,STL,16.0,13.0,0.0,0.0,0.0,0.0,,,,0.0,0.0,1.0,
Josh Cooper,24.0,CLE,5.0,0.0,0.0,0.0,0.0,0.0,,,,0.0,0.0,0.0,
Riley Cooper,26.0,PHI,16.0,15.0,0.0,18.0,0.0,0.0,,18.0,,1.1,0.0,0.0,
Michael Crabtree,26.0,SFO,5.0,5.0,0.0,0.0,0.0,0.0,,,,0.0,0.0,0.0,
Tom Crabtree,28.0,TAM,7.0,5.0,0.0,0.0,0.0,0.0,,,,0.0,0.0,0.0,
Juron Criner,24.0,OAK,1.0,0.0,0.0,0.0,0.0,0.0,,,,0.0,0.0,0.0,
Victor Cruz,27.0,NYG,14.0,12.0,0.0,0.0,0.0,0.0,,,,0.0,0.0,1.0,
Jeff Cumberland,26.0,NYJ,15.0,12.0,0.0,0.0,0.0,0.0,,,,0.0,0.0,0.0,
Justice Cunningham,22.0,IND,1.0,0.0,0.0,0.0,0.0,0.0,,,,0.0,0.0,0.0,
Owen Daniels,31.0,HOU,5.0,5.0,0.0,0.0,0.0,0.0,,,,0.0,0.0,0.0,
Drew Davis,24.0,ATL,16.0,3.0,0.0,0.0,0.0,0.0,,,,0.0,0.0,0.0,
Fred Davis,27.0,WAS,10.0,3.0,0.0,0.0,0.0,0.0,,,,0.0,0.0,0.0,
Kellen Davis,28.0,SEA,15.0,4.0,0.0,0.0,0.0,0.0,,,,0.0,0.0,0.0,
Vernon Davis,29.0,SFO,15.0,15.0,0.0,0.0,0.0,0.0,,,,0.0,0.0,1.0,"PB,AP-2"
Eric Decker,26.0,DEN,16.0,16.0,0.0,0.0,0.0,0.0,,,,0.0,0.0,2.0,
Dorin Dickerson,25.0,DET,5.0,0.0,0.0,0.0,0.0,0.0,,,,0.0,0.0,0.0,
Ed Dickson,26.0,BAL,16.0,14.0,0.0,0.0,0.0,0.0,,,,0.0,0.0,0.0,
Patrick DiMarco,24.0,ATL,14.0,7.0,0.0,0.0,0.0,0.0,,,,0.0,0.0,0.0,
Aaron Dobson,22.0,NWE,12.0,9.0,0.0,0.0,0.0,0.0,,,,0.0,0.0,1.0,
Larry Donnell,25.0,NYG,16.0,1.0,0.0,0.0,0.0,0.0,,,,0.0,0.0,0.0,
Tandon Doss,24.0,BAL,15.0,2.0,0.0,0.0,0.0,0.0,,,,0.0,0.0,1.0,
Harry Douglas,29.0,ATL,16.0,11.0,0.0,0.0,0.0,0.0,,,,0.0,0.0,3.0,
Jack Doyle,23.0,IND,15.0,4.0,0.0,0.0,0.0,0.0,,,,0.0,0.0,0.0,
Jim Dray,27.0,ARI,16.0,15.0,0.0,0.0,0.0,0.0,,,,0.0,0.0,1.0,
Joel Dreessen,31.0,DEN,13.0,0.0,0.0,0.0,0.0,0.0,,,,0.0,0.0,0.0,
Kris Durham,25.0,DET,16.0,13.0,0.0,0.0,0.0,0.0,,,,0.0,0.0,1.0,
Marcus Easley,26.0,BUF,16.0,0.0,0.0,0.0,0.0,0.0,,,,0.0,0.0,0.0,
Jeremy Ebert,24.0,JAX,5.0,0.0,0.0,0.0,0.0,0.0,,,,0.0,0.0,0.0,
Patrick Edwards,25.0,DET,4.0,2.0,0.0,0.0,0.0,0.0,,,,0.0,0.0,0.0,
Michael Egnew,24.0,MIA,16.0,5.0,0.0,0.0,0.0,0.0,,,,0.0,0.0,0.0,
Tyler Eifert,23.0,CIN,15.0,15.0,0.0,0.0,0.0,0.0,,,,0.0,0.0,0.0,
Rhett Ellison,25.0,MIN,11.0,6.0,0.0,0.0,0.0,0.0,,,,0.0,0.0,0.0,
Zach Ertz,23.0,PHI,16.0,3.0,0.0,0.0,0.0,0.0,,,,0.0,0.0,0.0,
Gavin Escobar,22.0,DAL,16.0,1.0,0.0,0.0,0.0,0.0,,,,0.0,0.0,0.0,
Bradie Ewing,24.0,ATL,2.0,2.0,0.0,0.0,0.0,0.0,,,,0.0,0.0,0.0,
Anthony Fasano,29.0,KAN,9.0,9.0,0.0,0.0,0.0,0.0,,,,0.0,0.0,0.0,
Joseph Fauria,23.0,DET,16.0,2.0,0.0,0.0,0.0,0.0,,,,0.0,0.0,0.0,
Jerome Felton,27.0,MIN,13.0,9.0,0.0,0.0,0.0,0.0,,,,0.0,0.0,0.0,
Tony Fiammetta,27.0,CHI,16.0,7.0,0.0,0.0,0.0,0.0,,,,0.0,0.0,0.0,
Jermichael Finley,26.0,GNB,6.0,5.0,0.0,0.0,0.0,0.0,,,,0.0,0.0,0.0,
Coby Fleener,25.0,IND,16.0,12.0,0.0,0.0,0.0,0.0,,,,0.0,0.0,1.0,
Malcom Floyd,32.0,SDG,2.0,2.0,0.0,0.0,0.0,0.0,,,,0.0,0.0,0.0,
Michael Floyd,24.0,ARI,16.0,16.0,0.0,0.0,0.0,0.0,,,,0.0,0.0,0.0,
Chase Ford,23.0,MIN,9.0,0.0,0.0,0.0,0.0,0.0,,,,0.0,0.0,0.0,
Doug Free,29.0,DAL,16.0,16.0,0.0,0.0,0.0,0.0,,,,0.0,0.0,0.0,
Antonio Gates,33.0,SDG,16.0,15.0,0.0,0.0,0.0,0.0,,,,0.0,0.0,2.0,
Clyde Gates,27.0,NYJ,6.0,2.0,0.0,0.0,0.0,0.0,,,,0.0,0.0,0.0,
Brandon Gibson,26.0,MIA,7.0,3.0,0.0,0.0,0.0,0.0,,,,0.0,0.0,0.0,
Brittan Golden,25.0,ARI,5.0,0.0,0.0,0.0,0.0,0.0,,,,0.0,0.0,0.0,
Tony Gonzalez,37.0,ATL,16.0,16.0,0.0,0.0,0.0,0.0,,,,0.0,0.0,0.0,PB
Richard Gordon,26.0,KAN,2.0,0.0,0.0,0.0,0.0,0.0,,,,0.0,0.0,0.0,
Chris Gragg,23.0,BUF,9.0,1.0,0.0,0.0,0.0,0.0,,,,0.0,0.0,0.0,
Garrett Graham,27.0,HOU,13.0,11.0,0.0,0.0,0.0,0.0,,,,0.0,0.0,2.0,
Jimmy Graham,27.0,NOR,16.0,12.0,0.0,0.0,0.0,0.0,,,,0.0,0.0,0.0,"PB,AP-1"
A.J. Green,25.0,CIN,16.0,16.0,0.0,0.0,0.0,0.0,,,,0.0,0.0,1.0,"PB,AP-2"
Ladarius Green,23.0,SDG,16.0,10.0,0.0,0.0,0.0,0.0,,,,0.0,0.0,0.0,
Virgil Green,25.0,DEN,16.0,3.0,0.0,0.0,0.0,0.0,,,,0.0,0.0,0.0,
Jermaine Gresham,25.0,CIN,14.0,14.0,0.0,0.0,0.0,0.0,,,,0.0,0.0,3.0,
Ryan Griffin,23.0,HOU,15.0,8.0,0.0,0.0,0.0,0.0,,,,0.0,0.0,0.0,
Rob Gronkowski,24.0,NWE,7.0,6.0,0.0,0.0,0.0,0.0,,,,0.0,0.0,0.0,
Tori Gurley,26.0,CLE,3.0,0.0,0.0,0.0,0.0,0.0,,,,0.0,0.0,0.0,
Chad Hall,27.0,KAN,9.0,0.0,0.0,0.0,0.0,0.0,,,,0.0,0.0,0.0,
Leonard Hankerson,24.0,WAS,10.0,7.0,0.0,0.0,0.0,0.0,,,,0.0,0.0,0.0,
James Hanna,24.0,DAL,16.0,8.0,0.0,0.0,0.0,0.0,,,,0.0,0.0,0.0,
Clay Harbor,26.0,JAX,16.0,7.0,0.0,0.0,0.0,0.0,,,,0.0,0.0,2.0,
Cory Harkey,23.0,STL,15.0,10.0,0.0,0.0,0.0,0.0,,,,0.0,0.0,0.0,
Bryce Harris,24.0,NOR,16.0,1.0,0.0,0.0,0.0,0.0,,,,0.0,0.0,0.0,
Brian Hartline,27.0,MIA,16.0,15.0,0.0,0.0,0.0,0.0,,,,0.0,0.0,0.0,
Percy Harvin,25.0,SEA,1.0,0.0,0.0,0.0,0.0,0.0,,,,0.0,0.0,0.0,
Junior Hemingway,25.0,KAN,16.0,2.0,0.0,0.0,0.0,0.0,,,,0.0,0.0,2.0,
Stephen Hill,22.0,NYJ,12.0,11.0,0.0,0.0,0.0,0.0,,,,0.0,0.0,1.0,
Domenik Hixon,29.0,CAR,15.0,0.0,0.0,0.0,0.0,0.0,,,,0.0,0.0,0.0,
Chris Hogan,26.0,BUF,16.0,0.0,0.0,0.0,0.0,0.0,,,,0.0,0.0,0.0,
Andre Holmes,25.0,OAK,10.0,4.0,0.0,0.0,0.0,0.0,,,,0.0,0.0,0.0,
Santonio Holmes,29.0,NYJ,11.0,11.0,0.0,0.0,0.0,0.0,,,,0.0,0.0,0.0,
Michael Hoomanawanui,25.0,NWE,13.0,10.0,0.0,0.0,0.0,0.0,,,,0.0,0.0,0.0,
DeAndre Hopkins,21.0,HOU,16.0,16.0,0.0,0.0,0.0,0.0,,,,0.0,0.0,1.0,
Rob Housler,25.0,ARI,13.0,10.0,0.0,0.0,0.0,0.0,,,,0.0,0.0,1.0,
Robert Hughes,24.0,IND,1.0,0.0,0.0,0.0,0.0,0.0,,,,0.0,0.0,0.0,
Justin Hunter,22.0,TEN,14.0,0.0,0.0,0.0,0.0,0.0,,,,0.0,0.0,0.0,
Henry Hynoski,25.0,NYG,3.0,2.0,0.0,0.0,0.0,0.0,,,,0.0,0.0,0.0,
Lestar Jean,25.0,HOU,13.0,0.0,0.0,0.0,0.0,0.0,,,,0.0,0.0,0.0,
Greg Jenkins,24.0,OAK,6.0,0.0,0.0,0.0,0.0,0.0,,,,0.0,0.0,1.0,
Greg Jennings,30.0,MIN,15.0,15.0,0.0,0.0,0.0,0.0,,,,0.0,0.0,0.0,
Andre Johnson,32.0,HOU,16.0,16.0,0.0,0.0,0.0,0.0,,,,0.0,0.0,0.0,PB
Calvin Johnson,28.0,DET,14.0,14.0,0.0,0.0,0.0,0.0,,,,0.0,0.0,1.0,"PB,AP-1"
Damaris Johnson,24.0,PHI,13.0,0.0,0.0,0.0,0.0,0.0,,,,0.0,0.0,1.0,
Darius Johnson,22.0,ATL,10.0,2.0,0.0,0.0,0.0,0.0,,,,0.0,0.0,1.0,
David Johnson,26.0,PIT,5.0,2.0,0.0,0.0,0.0,0.0,,,,0.0,0.0,0.0,
Quinn Johnson,27.0,TEN,4.0,0.0,0.0,0.0,0.0,0.0,,,,0.0,0.0,0.0,
Will Johnson,24.0,PIT,15.0,5.0,0.0,0.0,0.0,0.0,,,,0.0,0.0,0.0,
Dominique Jones,26.0,IND,6.0,2.0,0.0,0.0,0.0,0.0,,,,0.0,0.0,0.0,
James Jones,29.0,GNB,14.0,14.0,0.0,0.0,0.0,0.0,,,,0.0,0.0,2.0,
Kyle Juszczyk,22.0,BAL,16.0,0.0,0.0,0.0,0.0,0.0,,,,0.0,0.0,0.0,
Nick Kasa,23.0,OAK,16.0,1.0,0.0,0.0,0.0,0.0,,,,0.0,0.0,0.0,
Jermaine Kearse,23.0,SEA,15.0,5.0,0.0,0.0,0.0,0.0,,,,0.0,0.0,1.0,
Lance Kendricks,25.0,STL,15.0,13.0,0.0,0.0,0.0,0.0,,,,0.0,0.0,0.0,
Marcedes Lewis,29.0,JAX,11.0,11.0,0.0,0.0,0.0,0.0,,,,0.0,0.0,1.0,
Zach Line,23.0,MIN,3.0,1.0,0.0,0.0,0.0,0.0,,,,0.0,0.0,0.0,
Greg Little,24.0,CLE,16.0,13.0,0.0,0.0,0.0,0.0,,,,0.0,0.0,0.0,
Kyle Long,25.0,CHI,16.0,16.0,0.0,0.0,0.0,0.0,,,,0.0,0.0,1.0,PB
Erik Lorig,27.0,TAM,15.0,9.0,0.0,0.0,0.0,0.0,,,,0.0,0.0,0.0,
Jeff Maehl,24.0,PHI,16.0,0.0,0.0,0.0,0.0,0.0,,,,0.0,0.0,0.0,
Steve Maneri,25.0,CHI,4.0,1.0,0.0,0.0,0.0,0.0,,,,0.0,0.0,0.0,
Mario Manningham,27.0,SFO,6.0,3.0,0.0,0.0,0.0,0.0,,,,0.0,0.0,0.0,
Brandon Marshall,29.0,CHI,16.0,16.0,0.0,0.0,0.0,0.0,,,,0.0,0.0,0.0,PB
Keshawn Martin,23.0,HOU,16.0,1.0,0.0,0.0,0.0,0.0,,,,0.0,0.0,2.0,
Jeron Mastrud,26.0,OAK,16.0,12.0,0.0,0.0,0.0,0.0,,,,0.0,0.0,0.0,
Rishard Matthews,24.0,MIA,16.0,5.0,0.0,0.0,0.0,0.0,,,,0.0,0.0,0.0,
Vance McDonald,23.0,SFO,15.0,4.0,0.0,0.0,0.0,0.0,,,,0.0,0.0,0.0,
Sean McGrath,26.0,KAN,16.0,9.0,0.0,0.0,0.0,0.0,,,,0.0,0.0,0.0,
Mike McNeill,25.0,STL,14.0,0.0,0.0,0.0,0.0,0.0,,,,0.0,0.0,0.0,
Marvin McNutt,24.0,CAR,1.0,0.0,0.0,0.0,0.0,0.0,,,,0.0,0.0,0.0,
Brad Meester,36.0,JAX,16.0,16.0,0.0,0.0,0.0,0.0,,,,0.0,0.0,2.0,
Heath Miller,31.0,PIT,14.0,14.0,0.0,0.0,0.0,0.0,,,,0.0,0.0,1.0,
Zach Miller,28.0,SEA,14.0,12.0,0.0,0.0,0.0,0.0,,,,0.0,0.0,0.0,
Collin Mooney,27.0,TEN,12.0,4.0,0.0,0.0,0.0,0.0,,,,0.0,0.0,0.0,
Denarius Moore,25.0,OAK,13.0,10.0,0.0,0.0,0.0,0.0,,,,0.0,0.0,0.0,
Lance Moore,30.0,NOR,13.0,5.0,0.0,0.0,0.0,0.0,,,,0.0,0.0,1.0,
Derek Moye,25.0,PIT,7.0,0.0,0.0,0.0,0.0,0.0,,,,0.0,0.0,0.0,
Matthew Mulligan,28.0,NWE,15.0,4.0,0.0,0.0,0.0,0.0,,,,0.0,0.0,0.0,
Louis Murphy,26.0,NYG,14.0,0.0,0.0,0.0,0.0,0.0,,,,0.0,0.0,1.0,
Brandon Myers,28.0,NYG,16.0,14.0,0.0,0.0,0.0,0.0,,,,0.0,0.0,0.0,
David Nelson,27.0,NYJ,12.0,6.0,0.0,0.0,0.0,0.0,,,,0.0,0.0,0.0,
Jordy Nelson,28.0,GNB,16.0,16.0,0.0,0.0,0.0,0.0,,,,0.0,0.0,0.0,
Hakeem Nicks,25.0,NYG,15.0,15.0,0.0,0.0,0.0,0.0,,,,0.0,0.0,0.0,
Danny Noble,24.0,JAX,8.0,1.0,0.0,0.0,0.0,0.0,,,,0.0,0.0,0.0,
Ben Obomanu,30.0,NYJ,3.0,0.0,0.0,0.0,0.0,0.0,,,,0.0,0.0,0.0,
Kevin Ogletree,26.0,2TM,16.0,2.0,0.0,0.0,0.0,0.0,,,,0.0,0.0,0.0,
Greg Olsen,28.0,CAR,16.0,16.0,0.0,0.0,0.0,0.0,,,,0.0,0.0,0.0,
Kassim Osgood,33.0,SFO,14.0,0.0,0.0,0.0,0.0,0.0,,,,0.0,0.0,0.0,
Chris Owusu,23.0,TAM,9.0,4.0,0.0,0.0,0.0,0.0,,,,0.0,0.0,0.0,
Michael Palmer,25.0,PIT,16.0,0.0,0.0,0.0,0.0,0.0,,,,0.0,0.0,0.0,
Niles Paul,24.0,WAS,15.0,4.0,0.0,0.0,0.0,0.0,,,,0.0,0.0,0.0,
Logan Paulsen,26.0,WAS,16.0,14.0,0.0,0.0,0.0,0.0,,,,0.0,0.0,2.0,
David Paulson,24.0,PIT,16.0,4.0,0.0,0.0,0.0,0.0,,,,0.0,0.0,1.0,
Donald Penn,30.0,TAM,16.0,16.0,0.0,0.0,0.0,0.0,,,,0.0,0.0,0.0,
Brandon Pettigrew,28.0,DET,14.0,14.0,0.0,0.0,0.0,0.0,,,,0.0,0.0,1.0,
Austin Pettis,25.0,STL,16.0,6.0,0.0,0.0,0.0,0.0,,,,0.0,0.0,1.0,
John Phillips,26.0,SDG,15.0,6.0,0.0,0.0,0.0,0.0,,,,0.0,0.0,0.0,
Dennis Pitta,28.0,BAL,4.0,1.0,0.0,0.0,0.0,0.0,,,,0.0,0.0,0.0,
DeVier Posey,23.0,HOU,14.0,0.0,0.0,0.0,0.0,0.0,,,,0.0,0.0,0.0,
Michael Preston,24.0,TEN,7.0,0.0,0.0,0.0,0.0,0.0,,,,0.0,0.0,0.0,
Andrew Quarless,25.0,GNB,16.0,10.0,0.0,0.0,0.0,0.0,,,,0.0,0.0,0.0,
Brian Quick,24.0,STL,16.0,5.0,0.0,0.0,0.0,0.0,,,,0.0,0.0,0.0,
Chris Rainey,25.0,IND,2.0,0.0,0.0,0.0,0.0,0.0,,,,0.0,0.0,2.0,
Rueben Randle,22.0,NYG,16.0,3.0,0.0,0.0,0.0,0.0,,,,0.0,0.0,3.0,
David Reed,26.0,IND,7.0,0.0,0.0,0.0,0.0,0.0,,,,0.0,0.0,0.0,
Allen Reisner,25.0,JAX,5.0,3.0,0.0,0.0,0.0,0.0,,,,0.0,0.0,0.0,
Konrad Reuland,26.0,NYJ,10.0,0.0,0.0,0.0,0.0,0.0,,,,0.0,0.0,0.0,
Sidney Rice,27.0,SEA,8.0,6.0,0.0,0.0,0.0,0.0,,,,0.0,0.0,1.0,
Mychal Rivera,23.0,OAK,16.0,3.0,0.0,0.0,0.0,0.0,,,,0.0,0.0,0.0,
Andre Roberts,25.0,ARI,16.0,2.0,0.0,0.0,0.0,0.0,,,,0.0,0.0,0.0,
Brian Robiskie,26.0,ATL,1.0,0.0,0.0,0.0,0.0,0.0,,,,0.0,0.0,0.0,
Evan Rodriguez,25.0,BUF,7.0,0.0,0.0,0.0,0.0,0.0,,,,0.0,0.0,0.0,
Dante Rosario,29.0,CHI,15.0,3.0,0.0,0.0,0.0,0.0,,,,0.0,0.0,0.0,
Kyle Rudolph,24.0,MIN,8.0,8.0,0.0,0.0,0.0,0.0,,,,0.0,0.0,0.0,
Greg Salas,25.0,NYJ,8.0,0.0,0.0,0.0,0.0,0.0,,,,0.0,0.0,0.0,
Dane Sanzenbacher,25.0,CIN,10.0,1.0,0.0,0.0,0.0,0.0,,,,0.0,0.0,0.0,
Samson Satele,29.0,IND,13.0,13.0,0.0,0.0,0.0,0.0,,,,0.0,0.0,0.0,
Weslye Saunders,24.0,IND,6.0,1.0,0.0,0.0,0.0,0.0,,,,0.0,0.0,0.0,
Tony Scheffler,30.0,DET,5.0,1.0,0.0,0.0,0.0,0.0,,,,0.0,0.0,0.0,
Visanthe Shiancoe,33.0,TEN,1.0,1.0,0.0,0.0,0.0,0.0,,,,0.0,0.0,0.0,
Cecil Shorts,26.0,JAX,13.0,13.0,0.0,0.0,0.0,0.0,,,,0.0,0.0,0.0,
Jerome Simpson,27.0,MIN,16.0,8.0,0.0,0.0,0.0,0.0,,,,0.0,0.0,1.0,
Dion Sims,22.0,MIA,15.0,5.0,0.0,0.0,0.0,0.0,,,,0.0,0.0,0.0,
Lee Smith,26.0,BUF,16.0,14.0,0.0,0.0,0.0,0.0,,,,0.0,0.0,0.0,
Steve Smith Sr.,34.0,CAR,15.0,15.0,0.0,0.0,0.0,0.0,,,,0.0,0.0,0.0,
Torrey Smith,24.0,BAL,16.0,16.0,0.0,0.0,0.0,0.0,,,,0.0,0.0,1.0,
Nate Solder,25.0,NWE,15.0,15.0,0.0,0.0,0.0,0.0,,,,0.0,0.0,0.0,
Ryan Spadola,22.0,NYJ,3.0,0.0,0.0,0.0,0.0,0.0,,,,0.0,0.0,0.0,
Matt Spaeth,30.0,PIT,4.0,2.0,0.0,0.0,0.0,0.0,,,,0.0,0.0,0.0,
Kory Sperry,28.0,ARI,8.0,2.0,0.0,0.0,0.0,0.0,,,,0.0,0.0,0.0,
Joe Staley,29.0,SFO,16.0,16.0,0.0,0.0,0.0,0.0,,,,0.0,0.0,0.0,"PB,AP-2"
Craig Stevens,29.0,TEN,15.0,14.0,0.0,0.0,0.0,0.0,,,,0.0,0.0,0.0,
Brandon Stokley,37.0,BAL,6.0,0.0,0.0,0.0,0.0,0.0,,,,0.0,0.0,0.0,
Zach Sudfeld,24.0,2TM,14.0,2.0,0.0,0.0,0.0,0.0,,,,0.0,0.0,0.0,
Julian Talley,24.0,NYG,2.0,0.0,0.0,0.0,0.0,0.0,,,,0.0,0.0,0.0,
Jacob Tamme,28.0,DEN,16.0,1.0,0.0,0.0,0.0,0.0,,,,0.0,0.0,0.0,
Brandon Tate,26.0,CIN,16.0,0.0,0.0,0.0,0.0,0.0,,,,0.0,0.0,2.0,
Kerry Taylor,24.0,2TM,10.0,4.0,0.0,0.0,0.0,0.0,,,,0.0,0.0,0.0,
Ryan Taylor,26.0,GNB,14.0,1.0,0.0,0.0,0.0,0.0,,,,0.0,0.0,1.0,
Demaryius Thomas,26.0,DEN,16.0,16.0,0.0,0.0,0.0,0.0,,,,0.0,0.0,1.0,"PB,AP-2"
Earl Thomas,24.0,SEA,16.0,16.0,0.0,0.0,0.0,0.0,,,,0.0,0.0,0.0,"PB,AP-1,AP DPoY-3"
Julius Thomas,25.0,DEN,14.0,14.0,0.0,0.0,0.0,0.0,,,,0.0,0.0,0.0,PB
Lamaar Thomas,23.0,JAX,2.0,0.0,0.0,0.0,0.0,0.0,,,,0.0,0.0,0.0,
Kenbrell Thompkins,25.0,NWE,12.0,8.0,0.0,0.0,0.0,0.0,,,,0.0,0.0,0.0,
Deonte Thompson,24.0,BAL,7.0,0.0,0.0,0.0,0.0,0.0,,,,0.0,0.0,0.0,
Taylor Thompson,24.0,TEN,16.0,3.0,0.0,0.0,0.0,0.0,,,,0.0,0.0,0.0,
Levine Toilolo,22.0,ATL,16.0,3.0,0.0,0.0,0.0,0.0,,,,0.0,0.0,0.0,
Nick Toon,25.0,NOR,8.0,3.0,0.0,0.0,0.0,0.0,,,,0.0,0.0,0.0,
Isaiah Trufant,31.0,NYJ,16.0,0.0,0.0,0.0,0.0,0.0,,,,0.0,0.0,0.0,
Brian Tyms,24.0,CLE,7.0,0.0,0.0,0.0,0.0,0.0,,,,0.0,0.0,0.0,
Tiquan Underwood,26.0,TAM,12.0,7.0,0.0,0.0,0.0,0.0,,,,0.0,0.0,0.0,
Delanie Walker,29.0,TEN,15.0,11.0,0.0,0.0,0.0,0.0,,,,0.0,0.0,1.0,
Nate Washington,30.0,TEN,16.0,15.0,0.0,0.0,0.0,0.0,,,,0.0,0.0,0.0,
Ben Watson,33.0,NOR,15.0,7.0,0.0,0.0,0.0,0.0,,,,0.0,0.0,0.0,
Joe Webb,27.0,MIN,16.0,1.0,0.0,0.0,0.0,0.0,,,,0.0,0.0,0.0,
Eric Weems,28.0,CHI,16.0,0.0,0.0,0.0,0.0,0.0,,,,0.0,0.0,0.0,
Wes Welker,32.0,DEN,13.0,13.0,0.0,0.0,0.0,0.0,,,,0.0,0.0,1.0,
Griff Whalen,23.0,IND,9.0,3.0,0.0,0.0,0.0,0.0,,,,0.0,0.0,0.0,
Markus Wheaton,22.0,PIT,12.0,1.0,0.0,0.0,0.0,0.0,,,,0.0,0.0,0.0,
Myles White,23.0,GNB,7.0,0.0,0.0,0.0,0.0,0.0,,,,0.0,0.0,0.0,
Roddy White,32.0,ATL,13.0,13.0,0.0,0.0,0.0,0.0,,,,0.0,0.0,2.0,
D.J. Williams,25.0,2TM,9.0,1.0,0.0,0.0,0.0,0.0,,,,0.0,0.0,0.0,
Damian Williams,25.0,TEN,10.0,1.0,0.0,0.0,0.0,0.0,,,,0.0,0.0,2.0,
Mike Williams,26.0,TAM,6.0,5.0,0.0,0.0,0.0,0.0,,,,0.0,0.0,0.0,
Nick Williams,23.0,WAS,5.0,0.0,0.0,0.0,0.0,0.0,,,,0.0,0.0,1.0,
Stephen Williams,27.0,2TM,6.0,0.0,0.0,0.0,0.0,0.0,,,,0.0,0.0,0.0,
Teddy Williams,25.0,ARI,3.0,0.0,0.0,0.0,0.0,0.0,,,,0.0,0.0,0.0,
Luke Willson,23.0,SEA,16.0,7.0,0.0,0.0,0.0,0.0,,,,0.0,0.0,0.0,
Marquess Wilson,21.0,CHI,10.0,1.0,0.0,0.0,0.0,0.0,,,,0.0,0.0,0.0,
Kellen Winslow,30.0,NYJ,12.0,3.0,0.0,0.0,0.0,0.0,,,,0.0,0.0,0.0,
Jason Witten,31.0,DAL,16.0,16.0,0.0,0.0,0.0,0.0,,,,0.0,0.0,0.0,PB
Jarius Wright,24.0,MIN,16.0,3.0,0.0,0.0,0.0,0.0,,,,0.0,0.0,0.0,
Kendall Wright,24.0,TEN,16.0,12.0,0.0,0.0,0.0,0.0,,,,0.0,0.0,2.0,
League Average,,,,,,,,,44.3,,4.2,8.6,2.1,,
