Player,Age,Team,Pos,G,GS,Int,Yds,IntTD,Lng,PD,FF,Fmb,FR,Yds,FRTD,Sk,Comb,Solo,Ast,TFL,QBHits,Sfty,Awards
Mike Adams,30,CLE,SS,16,16,3,33,0,29,6,1,0,1,0,0,0.0,64,44,20,0,0,0,
Jared Allen,29,MIN,RDE,16,16,1,14,0,14,3,4,0,4,6,0,22.0,66,48,18,21,32,1,"PB,AP-1,AP DPoY-2"
Tyson Alualu,24,JAX,LDT,16,16,0,0,0,0,1,1,0,1,7,0,2.5,40,21,19,3,8,0,
James Anderson,28,CAR,LLB,16,16,2,5,0,5,9,0,0,3,0,0,1.5,145,98,47,9,2,0,
Pat Angerer,24,IND,MLB,16,16,1,0,0,0,3,2,0,1,10,0,1.0,148,78,70,9,4,0,
Jon Asamoah,23,KAN,RG,16,16,0,0,0,0,0,0,0,1,-2,0,0.0,0,0,0,0,0,0,
Cliff Avril,25,DET,LDE,16,16,1,4,1,4,4,6,0,3,24,1,11.0,36,29,7,7,12,0,
Akeem Ayers,22,TEN,LLB,16,16,0,0,0,0,1,1,0,1,0,0,2.0,76,50,26,6,4,0,
Jason Babin,31,PHI,LDE,16,16,0,0,0,0,1,3,0,0,0,0,18.0,40,35,5,17,29,0,"PB,AP-2"
Jeff Backus,34,DET,LT,16,16,0,0,0,0,0,0,0,1,0,0,0.0,0,0,0,0,0,0,
Ronde Barber,36,TAM,RCB,16,16,3,12,0,12,9,1,0,1,0,0,1.0,79,67,12,6,1,1,
Nick Barnett,30,BUF,RILB,16,16,3,80,1,33,5,1,0,0,0,0,3.0,130,78,52,9,4,0,
Connor Barwin,25,HOU,ROLB,16,16,0,0,0,0,7,1,0,0,0,0,11.5,47,34,13,12,28,0,
Jovan Belcher,24,KAN,LILB,16,16,0,0,0,0,1,0,0,0,0,0,0.0,87,61,26,2,1,0,
Yeremiah Bell,33,MIA,SS,16,16,1,20,0,20,4,0,0,1,0,0,2.0,107,81,26,2,4,0,
Antoine Bethea,27,IND,FS,16,16,0,0,0,0,7,2,0,1,0,0,0.0,139,80,59,2,1,0,
Matt Birk,35,BAL,C,16,16,0,0,0,0,0,0,0,0,0,0,0.0,1,1,0,0,0,0,
Stephen Bowen,27,WAS,RDT,16,16,0,0,0,0,1,0,0,1,-1,0,6.0,41,21,20,6,10,0,
NaVorro Bowman,23,SFO,LILB,16,16,0,0,0,0,8,0,0,3,0,0,2.0,143,111,32,13,6,0,"AP-1,AP DPoY-6"
Tom Brady,34,NWE,QB,16,16,0,0,0,0,0,0,6,3,-8,0,0.0,0,0,0,0,0,0,PB
Tyvon Branch,25,OAK,SS,16,16,1,0,0,0,4,0,0,1,0,0,1.0,109,80,29,3,1,0,
Drew Brees,32,NOR,QB,16,16,0,0,0,0,0,0,1,0,-15,0,0.0,0,0,0,0,0,0,"PB,AP-2,AP MVP-2,AP OPoY-1"
Lance Briggs,31,CHI,LLB,16,16,1,0,0,0,4,2,0,0,0,0,0.0,105,86,19,9,1,0,PB
Ahmad Brooks,27,SFO,LOLB,16,16,0,0,0,0,3,1,0,0,0,0,7.0,50,35,15,12,14,0,
Levi Brown,27,ARI,LT,16,16,0,0,0,0,0,0,0,1,0,0,0.0,0,0,0,0,0,0,
Sheldon Brown,32,CLE,RCB,16,16,2,0,0,0,12,1,0,1,0,0,0.0,48,38,10,0,0,0,
Tarell Brown,26,SFO,RCB,16,16,4,15,0,11,15,0,0,0,0,0,0.0,40,36,4,1,0,0,
Brandon Browner,27,SEA,RCB,16,16,6,220,2,94,23,0,0,0,0,0,0.0,54,51,3,1,0,0,PB
Red Bryant,27,SEA,RDE,16,16,2,25,1,20,2,0,0,0,0,0,1.0,32,20,12,2,6,0,
Kevin Burnett,29,MIA,RILB,16,16,1,34,1,34,3,0,0,0,0,0,2.5,106,84,22,10,4,0,
Morgan Burnett,22,GNB,FS,16,16,3,0,0,0,11,2,0,2,25,0,1.0,106,78,28,1,2,0,
Donald Butler,23,SDG,RILB,16,16,1,2,0,2,2,2,0,1,37,1,2.0,96,78,18,10,4,0,
Jairus Byrd,25,BUF,FS,16,16,3,88,1,37,8,3,0,1,0,0,1.0,98,75,23,5,1,0,
Calais Campbell,25,ARI,LDE,16,16,1,0,0,0,10,2,0,1,0,0,8.0,72,53,19,13,17,0,
Chris Canty,29,NYG,RDT,16,16,0,0,0,0,1,0,0,0,0,0,4.0,47,31,16,11,7,1,
Brandon Carr,25,KAN,RCB,16,16,4,17,0,14,15,0,0,0,0,0,0.0,45,39,6,0,0,0,
Jamar Chaney,25,PHI,MLB,16,16,3,25,0,14,8,0,0,0,0,0,1.0,92,67,25,4,1,0,
Chris Chester,28,WAS,RG,16,16,0,0,0,0,0,0,0,0,0,0,0.0,1,1,0,0,0,0,
Ryan Clark,32,PIT,FS,16,16,1,10,0,10,5,0,0,0,0,0,1.0,100,71,29,5,1,0,PB
Adrian Clayborn,23,TAM,RDE,16,16,0,0,0,0,0,3,0,0,0,0,7.5,42,29,13,7,16,0,
Chris Clemons,30,SEA,LDE,16,16,0,0,0,0,5,3,0,0,0,0,11.0,51,34,17,12,24,0,
Shaun Cody,28,HOU,NT,16,16,0,0,0,0,2,0,0,1,0,0,1.0,23,16,7,2,3,0,
Terrence Cody,23,BAL,NT,16,16,0,0,0,0,1,0,0,0,0,0,0.0,34,21,13,3,0,0,
Barry Cofield,27,WAS,LDT,16,16,0,0,0,0,8,0,0,1,3,0,3.0,25,15,10,5,7,0,
Daryn Colledge,29,ARI,LG,16,16,0,0,0,0,0,0,0,1,0,0,0.0,0,0,0,0,0,0,
Phil Costa,24,DAL,C,16,16,0,0,0,0,0,0,4,0,-11,0,0.0,0,0,0,,,0,
Chris Crocker,31,CIN,SS,16,16,0,0,0,0,5,1,0,0,0,0,3.5,61,45,16,2,7,0,
Antonio Cromartie,27,NYJ,RCB,16,16,4,105,0,42,12,1,2,0,0,0,0.0,45,36,9,0,0,0,
Brian Cushing,24,HOU,LILB,16,16,2,5,0,5,5,2,0,0,0,0,4.0,114,76,38,8,13,0,AP-2
Andy Dalton,24,CIN,QB,16,16,0,0,0,0,0,0,4,0,0,0,0.0,0,0,0,0,0,0,"PB,AP ORoY-2"
Karlos Dansby,30,MIA,LILB,16,16,1,14,0,14,4,2,0,0,0,0,2.0,102,87,15,10,8,0,
Vernon Davis,27,SFO,TE,16,16,0,0,0,0,0,0,3,0,0,0,0.0,0,0,0,,,0,
David Diehl,31,NYG,LG/LT,16,16,0,0,0,0,0,0,0,1,0,0,0.0,0,0,0,0,0,0,
Darnell Dockett,30,ARI,RDE,16,16,0,0,0,0,1,1,0,2,0,0,3.5,50,34,16,10,18,0,
Ray Edwards,26,ATL,LDE,16,16,0,0,0,0,3,0,0,2,64,0,3.5,33,24,9,6,10,0,
Abram Elam,30,DAL,SS,16,16,0,0,0,0,0,1,0,1,1,0,0.0,68,54,14,4,0,0,
D'Brickashaw Ferguson,28,NYJ,LT,16,16,0,0,0,0,0,0,0,1,0,0,0.0,0,0,0,0,0,0,PB
Cortland Finnegan,27,TEN,RCB,16,16,1,8,0,8,11,0,0,1,0,0,1.0,75,58,17,6,3,0,
Ryan Fitzpatrick,29,BUF,QB,16,16,0,0,0,0,0,0,7,4,0,0,0.0,0,0,0,0,0,0,
Joe Flacco,26,BAL,QB,16,16,0,0,0,0,0,0,11,4,-7,0,0.0,0,0,0,0,0,0,
London Fletcher,36,WAS,LLB,16,16,2,0,0,0,8,2,0,0,0,0,1.5,166,96,70,5,8,0,"PB,AP-2"
Drayton Florence,31,BUF,RCB/LCB,16,16,3,64,1,30,12,1,0,1,0,0,0.0,50,41,9,0,0,0,
Brandon Flowers,25,KAN,LCB,16,16,4,95,1,58,20,0,0,0,0,0,0.0,59,47,12,2,0,0,
Orlando Franklin,24,DEN,RT,16,16,0,0,0,0,0,0,0,1,0,0,0.0,0,0,0,0,0,0,
Doug Free,27,DAL,LT,16,16,0,0,0,0,0,0,0,1,0,0,0.0,0,0,0,0,0,0,
Pierre Garcon,25,IND,WR,16,16,0,0,0,0,0,0,2,1,0,0,0.0,0,0,0,0,0,0,
Roberto Garza,32,CHI,C,16,16,0,0,0,0,0,0,1,0,0,0,0.0,0,0,0,0,0,0,
Chris Gocong,28,CLE,RLB/LLB,16,16,0,0,0,0,3,2,0,1,0,0,3.5,70,49,21,8,7,0,
Andre' Goodman,33,DEN,RCB,16,16,2,46,1,26,10,0,1,2,0,0,0.0,49,41,8,1,0,0,
Chad Greenway,28,MIN,LLB,16,16,0,0,0,0,3,0,0,1,0,0,2.0,154,89,65,6,4,0,PB
Jabari Greer,29,NOR,LCB,16,16,1,2,0,2,18,0,0,0,0,0,0.0,71,60,11,3,0,0,
Michael Griffin,26,TEN,FS,16,16,2,0,0,0,7,1,0,0,0,0,0.0,75,59,16,3,0,0,
Clark Haggans,34,ARI,ROLB,16,16,0,0,0,0,2,1,0,1,0,0,3.0,46,30,16,5,8,0,
Tamba Hali,28,KAN,ROLB,16,16,0,0,0,0,0,4,0,0,0,0,12.0,66,48,18,12,27,0,"PB,AP-2"
DeAngelo Hall,28,WAS,LCB,16,16,3,46,0,26,16,1,0,0,0,0,0.0,90,65,25,3,1,0,
Parys Haralson,27,SFO,ROLB,16,16,0,0,0,0,0,3,0,0,0,0,2.0,31,25,6,2,6,0,
Nick Hardwick,30,SDG,C,16,16,0,0,0,0,0,0,0,1,0,0,0.0,0,0,0,,,0,
Greg Hardy,23,CAR,LDE,16,16,0,0,0,0,11,1,0,0,0,0,4.0,50,38,12,8,11,1,
Roman Harper,29,NOR,SS,16,16,0,0,0,0,7,3,0,1,0,0,7.5,95,73,22,9,13,0,
David Harris,27,NYJ,RILB,16,16,4,55,1,35,8,0,0,0,0,0,5.0,86,65,21,8,12,0,
Matt Hasselbeck,36,TEN,QB,16,16,0,0,0,0,0,0,4,1,0,0,0.0,0,0,0,0,0,0,
Todd Herremans,29,PHI,RT,16,16,0,0,0,0,0,0,0,1,0,0,0.0,0,0,0,0,0,0,
LeRoy Hill,29,SEA,LLB,16,16,0,0,0,0,0,1,0,0,0,0,4.0,89,68,21,8,5,0,
Santonio Holmes,27,NYJ,WR,16,16,0,0,0,0,0,0,2,0,0,0,0.0,0,0,0,0,0,0,
Israel Idonije,31,CHI,LDE,16,16,0,0,0,0,0,1,0,2,0,1,5.0,52,41,11,12,10,0,
D'Qwell Jackson,28,CLE,MLB,16,16,1,24,0,24,3,1,0,3,1,0,3.5,158,116,42,12,8,0,AP CPoY-2
Cullen Jenkins,30,PHI,LDT,16,16,0,0,0,0,0,0,0,1,3,0,5.5,40,33,7,11,13,0,
Calvin Johnson,26,DET,WR,16,16,0,0,0,0,0,0,1,0,0,0,0.0,0,0,0,,,0,"PB,AP-1"
Chris Johnson,26,TEN,RB,16,16,0,0,0,0,0,0,3,1,0,0,0.0,0,0,0,0,0,0,
Derrick Johnson,29,KAN,RILB,16,16,2,18,0,17,9,1,0,1,0,0,2.0,131,104,27,10,3,0,"PB,AP-1"
Jarret Johnson,30,BAL,ROLB,16,16,0,0,0,0,3,1,0,1,26,1,2.5,56,40,16,6,9,0,
Sean Jones,29,TAM,SS,16,16,0,0,0,0,3,1,0,2,0,0,1.0,92,76,16,3,2,0,
Maurice Jones-Drew,26,JAX,RB,16,16,0,0,0,0,0,0,6,3,-16,0,0.0,0,0,0,0,0,0,"PB,AP-1"
Davin Joseph,28,TAM,RG,16,16,0,0,0,0,0,0,0,0,0,0,0.0,1,1,0,0,0,0,PB
Jason Kelce,24,PHI,C,16,16,0,0,0,0,0,0,1,0,0,0,0.0,0,0,0,0,0,0,
Tommy Kelly,31,OAK,RDT,16,16,1,1,0,1,6,2,0,1,0,0,7.5,41,27,14,3,13,0,
Ryan Kerrigan,23,WAS,RDE,16,16,1,9,1,9,4,4,0,0,0,0,7.5,64,42,22,9,14,0,
Kyle Kosier,33,DAL,RG,16,16,0,0,0,0,0,0,0,1,0,0,0.0,0,0,0,0,0,0,
Chris Kuper,29,DEN,RG,16,16,0,0,0,0,0,0,0,1,0,0,0.0,0,0,0,0,0,0,
Dawan Landry,29,JAX,FS,16,16,2,28,0,28,4,1,0,1,0,0,0.5,97,71,26,1,2,0,
T.J. Lang,24,GNB,LG,16,16,0,0,0,0,0,0,0,1,0,0,0.0,0,0,0,0,0,0,
James Laurinaitis,25,STL,MLB,16,16,2,15,0,15,7,0,0,1,0,0,3.0,142,105,37,11,5,0,
Vonta Leach,30,BAL,FB,16,16,0,0,0,0,0,0,0,1,0,0,0.0,0,0,0,0,0,0,"PB,AP-1"
Paris Lenon,34,ARI,LILB,16,16,0,0,0,0,3,0,0,1,0,0,3.0,93,64,29,5,5,0,
Andy Levitre,25,BUF,LG,16,16,0,0,0,0,0,0,1,0,-6,0,0.0,0,0,0,0,0,0,
DeAndre Levy,24,DET,RLB,16,16,1,7,0,7,1,1,0,0,0,0,1.0,109,73,36,9,2,0,
Kendrick Lewis,23,KAN,FS,16,16,3,119,1,59,10,1,0,1,0,0,0.0,60,48,12,0,0,0,
Jeff Linkenbach,24,IND,RT,16,16,0,0,0,0,0,0,0,2,0,0,0.0,0,0,0,0,0,0,
Phil Loadholt,25,MIN,RT,16,16,0,0,0,0,0,0,0,1,0,0,0.0,0,0,0,0,0,0,
Curtis Lofton,25,ATL,MLB,16,16,2,30,1,26,7,1,0,1,0,0,1.0,147,87,60,9,3,0,
Chris Long,26,STL,LDE,16,16,0,0,0,0,2,1,0,0,0,0,13.0,37,31,6,15,21,0,
Alex Mack,26,CLE,C,16,16,0,0,0,0,0,0,0,1,0,0,0.0,0,0,0,0,0,0,
Eli Manning,30,NYG,QB,16,16,0,0,0,0,0,0,8,3,-3,0,0.0,0,0,0,0,0,0,"PB,AP CPoY-6"
Brandon Marshall,27,MIA,WR,16,16,0,0,0,0,0,0,1,0,0,0,0.0,0,0,0,0,0,0,PB
Sherrod Martin,27,CAR,FS,16,16,3,16,0,15,8,0,0,0,0,0,0.0,68,50,18,1,2,0,
Jameel McClain,26,BAL,LILB,16,16,1,8,0,8,4,0,0,2,6,1,1.0,84,50,34,3,1,0,
Bryant McKinnie,32,BAL,LT,16,16,0,0,0,0,0,0,0,1,0,0,0.0,0,0,0,,,0,
Brandon Mebane,26,SEA,RDT,16,16,0,0,0,0,1,0,0,0,0,0,0.0,56,40,16,7,4,0,
Brad Meester,34,JAX,C,16,16,0,0,0,0,0,0,0,1,0,0,0.0,0,0,0,,,0,
Quintin Mikell,31,STL,FS,16,16,2,11,0,11,5,5,0,1,14,0,1.0,91,75,16,3,2,0,
Heath Miller,29,PIT,TE,16,16,0,0,0,0,0,0,1,0,0,0,0.0,0,0,0,0,0,0,
Jeremy Mincey,28,JAX,RDE,16,16,1,5,0,5,1,4,0,1,0,0,8.0,57,40,17,10,17,0,
Will Montgomery,28,WAS,C,16,16,0,0,0,0,0,0,1,0,-8,0,0.0,0,0,0,0,0,0,
Reggie Nelson,28,CIN,FS,16,16,4,115,1,75,12,2,0,0,0,0,2.0,85,59,26,4,6,0,
Cam Newton,22,CAR,QB,16,16,0,0,0,0,0,0,5,3,-4,0,0.0,0,0,0,0,0,0,"PB,AP ORoY-1"
Haloti Ngata,27,BAL,LDE,16,16,0,0,0,0,6,2,0,3,28,1,5.0,65,37,28,6,8,0,"PB,AP-1"
Rob Ninkovich,27,NWE,LLB,16,16,2,30,1,18,4,1,0,3,0,0,6.5,74,43,31,7,11,0,
Uche Nwaneri,27,JAX,RG,16,16,0,0,0,0,0,0,0,2,0,0,0.0,0,0,0,0,0,0,
Brian Orakpo,25,WAS,RLB,16,16,0,0,0,0,5,3,0,1,0,0,9.0,60,35,25,6,13,0,
Calvin Pace,31,NYJ,ROLB,16,16,1,8,0,8,3,3,0,1,0,0,4.5,72,53,19,7,11,0,
Erik Pears,29,BUF,RT,16,16,0,0,0,0,0,0,0,1,0,0,0.0,0,0,0,0,0,0,
Domata Peko,27,CIN,LDT,16,16,0,0,0,0,0,1,0,1,0,0,2.5,66,34,32,6,4,0,
Julius Peppers,31,CHI,RDE,16,16,0,0,0,0,4,4,0,2,0,0,11.0,37,33,4,15,13,0,PB
Patrick Peterson,21,ARI,RCB,16,16,2,1,0,1,13,0,4,2,-1,0,1.0,64,59,5,1,1,0,"PB,AP-1"
Troy Polamalu,30,PIT,SS,16,16,2,33,0,33,14,0,0,1,16,1,1.0,91,64,27,7,4,0,"PB,AP-1"
Paul Posluszny,27,JAX,MLB,16,16,2,2,0,2,9,1,0,0,0,0,2.0,119,69,50,5,8,0,
Mike Pouncey,22,MIA,C,16,16,0,0,0,0,0,0,0,1,0,0,0.0,0,0,0,0,0,0,
Glover Quin,25,HOU,SS,16,16,0,0,0,0,9,0,0,1,0,0,0.0,77,59,18,2,0,0,
B.J. Raji,25,GNB,NT,16,16,0,0,0,0,2,0,0,1,1,0,3.0,22,14,8,2,3,0,PB
Jay Ratliff,30,DAL,NT,16,16,0,0,0,0,3,0,0,1,0,0,2.0,38,29,9,8,6,0,PB
Ed Reed,33,BAL,FS,16,16,3,25,0,16,8,1,0,0,0,0,1.0,52,44,8,1,1,0,"PB,AP-2"
Darrelle Revis,26,NYJ,LCB,16,16,4,184,1,100,21,0,0,0,0,0,0.0,52,41,11,1,0,0,"PB,AP-1"
Ray Rice,24,BAL,RB,16,16,0,0,0,0,0,0,2,0,0,0,0.0,0,0,0,0,0,0,"PB,AP-2"
Philip Rivers,30,SDG,QB,16,16,0,0,0,0,0,0,9,3,-1,0,0.0,0,0,0,0,0,0,PB
Andre Roberts,23,ARI,WR,16,16,0,0,0,0,0,0,1,2,0,0,0.0,0,0,0,0,0,0,
Dunta Robinson,29,ATL,RCB,16,16,2,28,0,14,9,0,0,0,0,0,0.0,49,39,10,1,0,0,
Brian Robison,28,MIN,LDE,16,16,0,0,0,0,1,3,0,2,0,0,8.0,44,27,17,6,11,0,
Carlos Rogers,30,SFO,LCB,16,16,6,106,1,31,18,0,0,0,0,0,0.0,43,40,3,2,1,0,"PB,AP-2"
Antrel Rolle,29,NYG,FS,16,16,2,-1,0,0,4,1,0,0,0,0,0.0,96,82,14,2,0,0,
Tony Romo,31,DAL,QB,16,16,0,0,0,0,0,0,6,6,-3,0,0.0,0,0,0,0,0,0,
Ahtyba Rubin,25,CLE,RDT,16,16,0,0,0,0,0,0,0,0,0,0,5.0,83,56,27,4,12,0,
Matt Ryan,26,ATL,QB,16,16,0,0,0,0,0,0,5,2,0,0,0.0,0,0,0,0,0,0,
DeMeco Ryans,27,HOU,RILB,16,16,0,0,0,0,4,1,0,0,0,0,0.0,64,44,20,6,2,0,
Mark Sanchez,25,NYJ,QB,16,16,0,0,0,0,0,0,10,1,-18,0,0.0,0,0,0,0,0,0,
Jeff Saturday,36,IND,C,16,16,0,0,0,0,0,0,0,1,0,0,0.0,0,0,0,0,0,0,
Jake Scott,30,TEN,RG,16,16,0,0,0,0,0,0,0,2,0,0,0.0,0,0,0,0,0,0,
Lyle Sendlein,27,ARI,C,16,16,0,0,0,0,0,0,0,2,0,0,0.0,0,0,0,0,0,0,
Gerald Sensabaugh,28,DAL,FS,16,16,2,11,0,11,3,2,0,2,0,0,0.0,75,61,14,0,0,0,
Jabaal Sheard,22,CLE,LDE,16,16,0,0,0,0,2,5,0,1,5,0,8.5,55,40,15,9,9,0,
Rob Sims,28,DET,LG,16,16,0,0,0,0,0,0,0,1,0,0,0.0,0,0,0,0,0,0,
Matt Slauson,25,NYJ,LG,16,16,0,0,0,0,0,0,0,1,1,1,0.0,0,0,0,0,0,0,
Alex Smith,27,SFO,QB,16,16,0,0,0,0,0,0,7,4,0,0,0.0,0,0,0,0,0,0,AP CPoY-3
Antonio Smith,30,HOU,RDE,16,16,0,0,0,0,2,1,0,0,0,0,6.5,25,19,6,10,19,0,PB
Daryl Smith,29,JAX,LLB,16,16,1,25,0,25,8,2,0,0,0,0,3.5,107,74,33,7,11,0,
Justin Smith,32,SFO,RDE,16,16,0,0,0,0,2,3,0,1,0,0,7.5,58,45,13,6,20,0,"PB,AP-1,AP DPoY-3"
Sean Smith,24,MIA,LCB,16,16,2,7,0,7,7,0,0,0,0,0,0.0,62,52,10,0,0,0,
Steve Smith Sr.,32,CAR,WR,16,16,0,0,0,0,0,0,3,0,0,0,0.0,0,0,0,0,0,0,"PB,AP CPoY-4"
Wade Smith,30,HOU,LG,16,16,0,0,0,0,0,0,0,2,0,1,0.0,0,0,0,0,0,0,
Takeo Spikes,35,SDG,LILB,16,16,1,45,0,45,3,0,0,0,0,0,1.0,106,64,42,5,1,0,
Matthew Stafford,23,DET,QB,16,16,0,0,0,0,0,0,5,1,-4,0,0.0,0,0,0,0,0,0,AP CPoY-1
Joe Staley,27,SFO,LT,16,16,0,0,0,0,0,0,0,0,0,0,0.0,1,1,0,0,0,0,"PB,AP-2"
Terrell Suggs,29,BAL,LOLB,16,16,2,9,0,9,6,7,0,0,0,0,14.0,70,50,20,20,23,0,"PB,AP-1,AP DPoY-1"
Ike Taylor,31,PIT,RCB,16,16,2,29,0,29,14,0,0,0,0,0,0.0,44,34,10,1,0,0,
Phil Taylor,23,CLE,LDT,16,16,0,0,0,0,1,1,0,0,0,0,4.0,59,37,22,6,7,0,
Earl Thomas,22,SEA,FS,16,16,2,19,0,11,7,1,0,2,0,0,0.0,98,69,29,6,1,0,"PB,AP-2"
Joe Thomas,27,CLE,LT,16,16,0,0,0,0,0,0,0,3,0,0,0.0,0,0,0,0,0,0,"PB,AP-1"
Charles Tillman,30,CHI,RCB,16,16,3,66,2,44,12,3,0,2,4,0,1.0,100,83,17,5,1,0,PB
Lawrence Timmons,25,PIT,RILB,16,16,1,0,0,0,5,1,0,0,0,0,2.0,93,68,25,5,6,0,
Stephen Tulloch,26,DET,MLB,16,16,2,9,0,9,5,1,0,3,4,1,3.0,111,84,27,8,7,0,
Brian Urlacher,33,CHI,MLB,16,16,3,7,0,8,7,0,0,2,29,1,0.0,102,84,18,9,0,0,PB
Kyle Vanden Bosch,33,DET,RDE,16,16,0,0,0,0,0,4,0,1,0,0,8.0,35,26,9,6,11,0,
DeMarcus Ware,29,DAL,ROLB,16,16,0,0,0,0,2,2,0,1,0,0,19.5,58,48,10,26,29,0,"PB,AP-1"
J.J. Watt,22,HOU,LDE,16,16,0,0,0,0,4,0,0,2,2,0,5.5,56,49,7,13,19,0,
Sean Weatherspoon,24,ATL,LLB,16,16,0,0,0,0,8,0,0,1,0,0,4.0,115,82,33,14,5,0,
Corey Webster,29,NYG,LCB,16,16,6,71,0,25,17,1,0,0,0,0,0.0,51,43,8,1,0,0,
Eric Weddle,26,SDG,FS,16,16,7,89,0,26,11,0,0,0,0,0,0.0,88,70,18,3,2,0,"PB,AP-1"
Casey Wiegmann,38,KAN,C,16,16,0,0,0,0,0,0,0,2,0,0,0.0,0,0,0,0,0,0,
Vince Wilfork,30,NWE,LDT,16,16,2,47,0,28,5,1,0,2,0,1,3.5,52,29,23,6,10,0,"PB,AP-2"
Muhammad Wilkerson,22,NYJ,LDE,16,16,0,0,0,0,2,1,0,0,0,0,3.0,49,35,14,13,6,1,
Cary Williams,27,BAL,RCB,16,16,0,0,0,0,18,2,0,0,0,0,0.0,78,61,17,1,0,0,
Adrian Wilson,32,ARI,SS,16,16,1,17,0,17,14,1,0,0,0,0,0.0,65,48,17,8,3,0,PB
Josh Wilson,26,WAS,RCB,16,16,2,0,0,0,15,1,0,1,4,0,0.0,62,48,14,0,0,0,
Kamerion Wimbley,28,OAK,RLB,16,16,1,73,0,73,3,0,0,0,0,0,7.0,63,52,11,15,20,0,
Eric Winston,28,HOU,RT,16,16,0,0,0,0,0,0,0,1,0,0,0.0,0,0,0,0,0,0,
Jason Witten,29,DAL,TE,16,16,0,0,0,0,0,0,1,1,0,0,0.0,0,0,0,0,0,0,
Eric Wright,26,DET,RCB,16,16,4,49,0,22,16,1,0,0,0,0,0.0,75,68,7,3,0,0,
Marshal Yanda,27,BAL,RG,16,16,0,0,0,0,0,0,0,1,0,0,0.0,0,0,0,0,0,0,"PB,AP-2"
Nnamdi Asomugha,30,PHI,RCB,16,15,3,10,0,6,5,0,0,0,0,0,0.0,40,35,5,4,0,0,
Geno Atkins,23,CIN,RDT,16,15,0,0,0,0,2,2,1,2,19,1,7.5,47,26,21,10,18,0,"PB,AP-2"
Adam Carriker,27,WAS,LDE,16,15,0,0,0,0,0,0,0,0,0,0,5.5,33,18,15,4,9,0,
Jurrell Casey,22,TEN,RDT,16,15,0,0,0,0,1,1,0,1,0,0,2.5,52,39,13,7,6,0,
Kenyon Coleman,32,DAL,LDE,16,15,0,0,0,0,3,0,0,0,0,0,1.0,36,23,13,4,2,0,
Kavell Conner,24,IND,RLB,16,15,0,0,0,0,2,1,0,1,0,0,0.0,104,50,54,7,1,0,
Marcell Dareus,21,BUF,NT,16,15,0,0,0,0,2,0,0,1,0,0,5.5,43,32,11,9,10,0,
Thomas DeCoud,26,ATL,FS,16,15,4,77,0,49,6,0,0,0,0,0,0.0,86,67,19,2,2,0,
Daniel Fells,28,DEN,TE,16,15,0,0,0,0,0,0,2,0,0,0,0.0,0,0,0,0,0,0,
Mason Foster,22,TAM,MLB,16,15,1,0,0,0,2,1,0,1,0,0,2.0,84,58,26,5,4,0,
Dwight Freeney,31,IND,RDE,16,15,0,0,0,0,0,2,0,0,0,0,8.5,19,13,6,7,19,0,PB
Jabar Gaffney,31,WAS,WR,16,15,0,0,0,0,0,0,1,0,0,0,0.0,0,0,0,0,0,0,
William Gay,26,PIT,LCB,16,15,2,12,0,12,13,0,0,1,2,0,0.0,61,49,12,4,0,0,
Frank Gore,28,SFO,RB,16,15,0,0,0,0,0,0,2,0,0,0,0.0,0,0,0,0,0,0,PB
Shonn Greene,26,NYJ,RB,16,15,0,0,0,0,0,0,1,1,0,0,0.0,0,0,0,0,0,0,
Thomas Howard,28,CIN,RLB,16,15,0,0,0,0,4,2,0,0,0,0,1.0,99,64,35,7,4,0,
Tim Jennings,28,CHI,LCB,16,15,2,2,0,1,10,1,0,1,0,0,0.0,77,69,8,4,0,0,
Cameron Jordan,22,NOR,LDE,16,15,0,0,0,0,4,0,0,1,0,0,1.0,31,18,13,2,4,0,
Linval Joseph,23,NYG,LDT,16,15,0,0,0,0,4,0,0,0,0,0,2.0,49,34,15,4,5,0,
Mathias Kiwanuka,28,NYG,LLB,16,15,1,9,0,9,2,1,0,1,0,0,3.5,84,62,22,14,9,0,
Manny Lawson,27,CIN,LLB,16,15,0,0,0,0,4,0,0,0,0,0,1.5,52,31,21,6,4,0,
Vaughn Martin,25,SDG,LDE,16,15,0,0,0,0,0,0,0,0,0,0,1.0,47,27,20,3,1,0,
Robert Mathis,30,IND,LDE,16,15,0,0,0,0,1,3,0,3,0,0,9.5,43,29,14,9,18,0,
Sione Pouha,32,NYJ,NT,16,15,0,0,0,0,3,1,0,2,0,0,1.0,58,41,17,5,2,1,
Nick Roach,26,CHI,RLB,16,15,0,0,0,0,4,0,0,0,0,0,0.0,38,31,7,6,3,0,
Aaron Ross,29,NYG,RCB,16,15,4,19,0,19,12,0,2,0,0,0,0.0,60,46,14,1,1,0,
Stanford Routt,28,OAK,LCB,16,15,4,7,0,3,15,0,0,0,0,0,0.0,49,42,7,2,0,0,
Bart Scott,31,NYJ,LILB,16,15,0,0,0,0,1,1,0,1,9,0,4.5,66,54,12,9,8,0,
Richard Seymour,32,OAK,LDT,16,15,0,0,0,0,3,0,0,0,0,0,6.0,29,23,6,5,13,0,"PB,AP-2"
Scott Shanle,32,NOR,ROLB,16,15,1,12,0,12,5,1,0,0,0,0,1.0,69,43,26,5,2,0,
Anthony Spencer,27,DAL,LOLB,16,15,0,0,0,0,1,4,0,0,0,0,6.0,66,51,15,12,17,0,
Randy Starks,28,MIA,RDE,16,15,2,21,0,18,4,0,0,0,0,0,4.5,34,29,5,10,12,0,
Michael Turner,29,ATL,RB,16,15,0,0,0,0,0,0,3,0,0,0,0.0,0,0,0,,,0,
Erik Walden,26,GNB,ROLB,16,15,0,0,0,0,2,1,0,1,5,1,3.0,60,41,19,6,15,0,
Lardarius Webb,26,BAL,LCB,16,15,5,81,1,73,20,1,2,2,0,0,1.0,67,54,13,1,2,0,
Wes Welker,30,NWE,WR,16,15,0,0,0,0,0,0,1,0,0,0,0.0,0,0,0,0,0,0,"PB,AP-1"
Mike Williams,24,TAM,WR,16,15,0,0,0,0,0,0,2,0,0,0,0.0,0,0,0,0,0,0,
Kellen Winslow,28,TAM,TE,16,15,0,0,0,0,0,0,2,0,-4,0,0.0,0,0,0,0,0,0,
Kyle Arrington,25,NWE,RCB,16,14,7,92,0,28,15,0,0,1,0,0,0.0,88,66,22,1,0,0,
Jordan Babineaux,29,TEN,SS,16,14,1,97,1,97,7,1,0,1,0,0,0.0,93,72,21,2,1,0,
Dwayne Bowe,27,KAN,WR,16,14,0,0,0,0,0,0,1,2,0,0,0.0,0,0,0,0,0,0,
Antoine Cason,25,SDG,RCB,16,14,2,69,0,64,17,0,0,0,0,0,0.0,53,46,7,0,0,0,
Jo-Lonn Dunbar,26,NOR,LILB,16,14,0,0,0,0,6,2,0,0,0,0,1.0,79,57,22,4,1,0,
Kelly Gregg,35,KAN,NT,16,14,0,0,0,0,1,0,0,0,0,0,1.0,39,24,15,2,1,0,
Cedric Griffin,29,MIN,RCB,16,14,1,0,0,0,9,3,0,0,0,0,0.0,67,55,12,1,0,0,
Percy Harvin,23,MIN,WR,16,14,0,0,0,0,0,0,2,0,0,0,0.0,0,0,0,0,0,0,
E.J. Henderson,31,MIN,MLB,16,14,0,0,0,0,3,3,0,0,0,0,2.0,109,80,29,8,4,0,
Evander Hood,24,PIT,LDE,16,14,0,0,0,0,1,0,0,0,0,0,1.5,31,19,12,1,4,0,
Tyson Jackson,25,KAN,LDE,16,14,0,0,0,0,2,0,0,0,0,0,1.0,55,37,18,4,2,0,
Randy McMichael,32,SDG,TE,16,14,0,0,0,0,0,0,0,1,0,0,0.0,6,4,2,0,0,0,
Charlie Peprah,28,GNB,SS,16,14,5,147,1,76,10,1,0,0,0,0,0.0,94,65,29,3,0,0,
Jerome Simpson,25,CIN,WR,16,14,0,0,0,0,0,1,0,1,0,0,0.0,0,0,0,0,0,0,
Eric Smith,28,NYJ,FS,16,14,1,2,0,2,4,0,0,1,0,0,2.5,89,66,23,5,3,0,
Torrey Smith,22,BAL,WR,16,14,0,0,0,0,0,0,1,0,0,0,0.0,0,0,0,0,0,0,
Cameron Wake,29,MIA,ROLB,16,14,0,0,0,0,2,0,0,0,0,0,8.5,42,37,5,15,27,0,
Mike Wallace,25,PIT,WR,16,14,0,0,0,0,0,0,1,0,0,0,0.0,0,0,0,0,0,0,PB
Will Witherspoon,31,TEN,RLB,16,14,1,7,0,7,3,1,0,2,2,0,2.0,56,41,15,5,4,0,
Robert Ayers,26,DEN,LDE,16,13,0,0,0,0,3,1,0,1,0,0,3.0,39,25,14,6,4,0,
Remi Ayodele,28,MIN,LDT,16,13,0,0,0,0,0,0,0,0,0,0,1.5,15,4,11,1,3,0,
Brodrick Bunkley,28,DEN,NT,16,13,0,0,0,0,0,1,0,0,0,0,0.0,43,33,10,3,1,0,
David Caldwell,24,IND,SS,16,13,0,0,0,0,4,0,0,0,0,0,0.0,67,41,26,1,0,0,
Chris Chamberlain,26,STL,RLB,16,13,1,4,0,4,1,1,0,0,0,0,2.0,81,64,17,6,2,0,
Eric Decker,24,DEN,WR,16,13,0,0,0,0,0,0,1,0,0,0,0.0,0,0,0,0,0,0,
Dwan Edwards,30,BUF,RDE,16,13,0,0,0,0,0,0,0,0,0,0,2.5,52,29,23,3,8,0,
Antonio Garay,32,SDG,NT,16,13,0,0,0,0,0,0,0,0,0,0,2.5,57,37,20,6,8,0,
Geno Hayes,24,TAM,RLB,16,13,1,8,0,8,2,2,0,0,0,0,0.0,64,45,19,5,0,0,
Devery Henderson,29,NOR,WR,16,13,0,0,0,0,0,0,1,0,0,0,0.0,0,0,0,0,0,0,
Lamarr Houston,24,OAK,LDE,16,13,1,15,0,15,3,0,0,2,0,0,1.0,51,36,15,6,5,0,
Bradie James,30,DAL,LILB,16,13,0,0,0,0,1,1,0,1,0,0,0.0,44,29,15,0,2,0,
Kyle Love,25,NWE,RDT,16,13,0,0,0,0,0,0,0,1,0,0,3.0,33,20,13,5,5,0,
Marshall Newhouse,23,GNB,LT,16,13,0,0,0,0,0,0,1,1,0,0,0.0,0,0,0,0,0,0,
Greg Olsen,26,CAR,TE,16,13,0,0,0,0,0,0,1,0,0,0,0.0,0,0,0,0,0,0,
Bernard Pollard,27,BAL,SS,16,13,1,0,0,0,13,3,0,1,0,0,2.0,75,55,20,2,3,0,
Brian Rolle,23,PHI,LLB,16,13,0,0,0,0,4,1,0,1,22,1,1.0,54,41,13,6,4,0,
James Ihedigbo,28,NWE,SS,16,12,0,0,0,0,1,0,0,0,0,0,0.0,69,46,23,2,1,0,
Antonio Johnson,27,IND,RDT,16,12,0,0,0,0,2,1,0,0,0,0,0.0,21,9,12,2,2,0,
Dustin Keller,27,NYJ,TE,16,12,0,0,0,0,0,0,1,0,0,0,0.0,0,0,0,0,0,0,
Kendall Langford,25,MIA,LDE,16,12,0,0,0,0,1,1,0,0,0,0,0.0,20,15,5,0,2,0,
Greg Little,22,CLE,WR,16,12,0,0,0,0,0,0,0,0,0,0,0.0,1,1,0,0,0,0,
Joe Mays,26,DEN,RILB,16,12,0,0,0,0,2,0,0,0,0,0,0.0,75,64,11,8,3,0,
Jason Pierre-Paul,22,NYG,RDE,16,12,0,0,0,0,7,2,0,0,0,0,16.5,86,66,20,23,28,1,"PB,AP-1,AP DPoY-4"
Chad Rinehart,26,BUF,RG/LG,16,12,0,0,0,0,0,0,0,1,0,0,0.0,0,0,0,0,0,0,
Paul Soliai,28,MIA,NT,16,12,0,0,0,0,2,0,0,0,0,0,0.0,27,19,8,3,3,0,PB
K.J. Wright,22,SEA,RLB,16,12,0,0,0,0,3,1,0,1,30,0,2.0,65,50,15,10,4,0,
Nate Burleson,30,DET,WR,16,11,0,0,0,0,0,0,1,1,3,0,0.0,0,0,0,0,0,0,
Jed Collins,25,NOR,FB,16,11,0,0,0,0,0,0,0,0,0,0,0.0,1,1,0,0,0,0,
Reed Doughty,29,WAS,SS/FS,16,11,0,0,0,0,0,2,0,1,0,0,0.0,88,58,30,2,0,0,
Jimmy Graham,25,NOR,TE,16,11,0,0,0,0,0,0,1,0,0,0,0.0,0,0,0,,,0,"PB,AP-2"
Spencer Johnson,30,BUF,ROLB,16,11,0,0,0,0,1,1,0,1,17,1,2.0,47,30,17,3,3,0,
Brooks Reed,24,HOU,LOLB,16,11,0,0,0,0,3,1,0,2,0,0,6.0,45,31,14,7,11,0,
Frostee Rucker,28,CIN,RDE,16,11,0,0,0,0,2,0,0,0,0,0,4.0,44,32,12,11,7,0,
C.J. Spiller,24,BUF,RB,16,11,0,0,0,0,0,0,2,1,0,0,0.0,0,0,0,,,0,
Sam Acho,23,ARI,LOLB,16,10,0,0,0,0,2,3,0,1,1,0,7.0,42,36,6,5,4,0,
Desmond Bryant,26,OAK,RDE,16,10,0,0,0,0,1,1,0,0,0,0,5.0,35,30,5,8,10,0,
Quinton Carter,23,DEN,FS,16,10,0,0,0,0,0,0,0,0,0,0,1.0,56,45,11,1,1,0,
Joel Dreessen,29,HOU,TE,16,10,0,0,0,0,0,0,0,0,0,0,0.0,4,4,0,0,0,0,
Brian Hartline,25,MIA,WR,16,10,0,0,0,0,0,0,0,0,0,0,0.0,4,3,1,0,0,0,
Justin Houston,22,KAN,LOLB,16,10,0,0,0,0,4,1,0,1,0,0,5.5,56,46,10,10,9,0,
Jacoby Jones,27,HOU,WR,16,10,0,0,0,0,0,0,0,0,0,0,0.0,1,1,0,0,0,0,
Jeff King,28,ARI,TE,16,10,0,0,0,0,0,0,0,0,0,0,0.0,4,4,0,0,0,0,
Paul McQuistan,28,SEA,LT/LG,16,10,0,0,0,0,0,0,0,1,0,0,0.0,0,0,0,0,0,0,
Richard Sherman,23,SEA,LCB,16,10,4,45,0,33,17,1,0,0,0,0,0.0,55,47,8,0,0,0,
Kevin Boothe,28,NYG,C,16,9,0,0,0,0,0,0,1,1,-8,0,0.0,0,0,0,,,0,
Michael Bush,27,OAK,RB,16,9,0,0,0,0,0,0,1,0,0,0,0.0,0,0,0,0,0,0,
Tom Crabtree,26,GNB,TE,16,9,0,0,0,0,0,0,0,0,0,0,0.0,5,4,1,0,0,0,
Aaron Curry,25,2TM,LLB,16,11,0,0,0,0,5,0,0,2,6,1,0.0,68,48,20,5,3,0,
Aaron Curry,25,SEA,LB,5,2,0,0,0,0,2,0,0,0,0,0,0.0,22,16,6,0,0,0,
Aaron Curry,25,OAK,LLB,11,9,0,0,0,0,3,0,0,2,6,1,0.0,46,32,14,5,3,0,
Aubrayo Franklin,31,NOR,NT,16,9,0,0,0,0,0,0,0,0,0,0,0.0,18,12,6,1,0,0,
Deon Grant,32,NYG,DB,16,9,1,0,0,0,6,0,0,1,1,0,1.0,64,45,19,2,2,0,
Rashad Johnson,25,ARI,FS,16,9,0,0,0,0,1,0,0,1,0,0,0.0,51,40,11,2,0,0,
Greg Jones,30,JAX,FB,16,9,0,0,0,0,0,0,0,0,0,0,0.0,2,2,0,0,0,0,
Sen'Derrick Marks,24,TEN,LDT,16,9,0,0,0,0,1,1,0,0,0,0,0.5,24,15,9,2,3,0,
Richard Marshall,27,ARI,LCB,16,9,3,83,0,49,11,0,0,0,0,0,2.0,78,69,9,5,2,0,
Anthony McCoy,24,SEA,TE,16,9,0,0,0,0,0,0,0,1,0,0,0.0,0,0,0,0,0,0,
Matthew Mulligan,26,NYJ,TE,16,9,0,0,0,0,0,0,0,1,0,0,0.0,0,0,0,0,0,0,
Jordy Nelson,26,GNB,WR,16,9,0,0,0,0,0,0,0,0,0,0,0.0,3,3,0,0,0,0,
Kelvin Sheppard,23,BUF,LILB,16,9,0,0,0,0,1,0,0,1,0,0,0.0,70,46,24,3,2,1,
Titus Young,22,DET,WR,16,9,0,0,0,0,0,0,1,1,0,0,0.0,0,0,0,0,0,0,
Tyler Clutts,27,CHI,FB,16,8,0,0,0,0,0,0,1,0,0,0,0.0,2,2,0,0,0,0,
Devin Hester,29,CHI,WR,16,8,0,0,0,0,0,0,5,4,0,0,0.0,0,0,0,0,0,0,AP-2
Perry Riley,23,WAS,MLB,16,8,0,0,0,0,4,0,0,2,3,0,1.0,68,35,33,7,2,0,
Usama Young,26,CLE,FS,16,8,1,28,0,28,1,0,0,0,0,0,0.0,70,51,19,4,0,0,
Jason Avant,28,PHI,WR,16,7,0,0,0,0,0,0,2,0,0,0,0.0,2,1,1,0,0,0,
Josh Cribbs,28,CLE,WR,16,7,0,0,0,0,0,0,3,2,0,0,0.0,15,10,5,0,0,0,
Victor Cruz,25,NYG,WR,16,7,0,0,0,0,0,0,1,1,0,0,0.0,1,1,0,0,0,0,AP-2
A.J. Jefferson,23,ARI,LCB,16,7,1,0,0,0,12,0,0,1,17,0,0.0,66,60,6,1,0,0,
Erik Lorig,25,TAM,FB,16,7,0,0,0,0,0,0,0,1,0,0,0.0,6,6,0,0,0,0,
Brandon Myers,26,OAK,TE,16,7,0,0,0,0,0,0,0,0,0,0,0.0,8,7,1,0,0,0,
Ben Obomanu,28,SEA,WR,16,7,0,0,0,0,0,0,0,1,0,0,0.0,2,2,0,0,0,0,
Jared Odrick,24,MIA,LDE,16,7,1,39,0,39,2,1,0,0,0,0,6.0,22,20,2,5,9,0,
John Phillips,24,DAL,TE,16,7,0,0,0,0,0,1,0,0,0,0,0.0,10,9,1,0,0,0,
Bryan Scott,30,BUF,LB,16,7,2,43,1,43,6,0,0,1,0,1,1.0,66,51,15,4,1,0,
Jordan Senn,27,CAR,RLB,16,7,1,21,0,21,2,3,0,0,0,0,0.0,71,43,28,1,0,0,
Pierre Thomas,27,NOR,RB,16,7,0,0,0,0,0,0,1,0,0,0,0.0,1,1,0,0,0,0,
Russell Allen,25,JAX,RLB,16,6,1,3,0,3,2,2,0,0,0,0,0.5,48,31,17,2,1,0,
Devin Aromashodu,27,MIN,WR,16,6,0,0,0,0,0,0,1,1,5,0,0.0,3,3,0,0,0,0,
E.J. Biggers,24,TAM,DB,16,6,1,0,0,0,10,0,0,0,0,0,0.0,61,55,6,0,0,0,
Da'Quan Bowers,21,TAM,LDE,16,6,0,0,0,0,4,0,0,1,0,0,1.5,25,22,3,10,4,0,
Alex Carrington,24,BUF,LDE,16,6,0,0,0,0,2,0,0,0,0,0,1.0,16,11,5,5,2,0,
Early Doucet,26,ARI,WR,16,6,0,0,0,0,0,0,1,0,0,0,0.0,8,7,1,0,0,0,
Leger Douzable,25,JAX,LDE,16,6,0,0,0,0,1,0,0,0,0,0,1.0,38,22,16,6,5,0,
Nick Eason,31,ARI,NT,16,6,0,0,0,0,0,0,0,0,0,0,1.0,12,8,4,1,2,0,
BenJarvus Green-Ellis,26,NWE,RB,16,6,0,0,0,0,0,0,0,0,0,0,0.0,2,0,2,0,0,0,
Brandon LaFell,25,CAR,WR,16,6,0,0,0,0,0,0,0,0,0,0,0.0,1,1,0,0,0,0,
Spencer Larsen,27,DEN,FB,16,6,0,0,0,0,0,0,0,0,0,0,0.0,5,4,1,0,0,0,
Kaluka Maiava,24,CLE,RLB,16,6,0,0,0,0,0,1,0,0,0,0,0.0,34,29,5,3,1,0,
Leodis McKelvin,26,BUF,RCB,16,6,1,21,0,21,8,0,1,3,0,0,0.0,39,31,8,0,0,0,
Weslye Saunders,22,PIT,WR,16,6,0,0,0,0,0,0,0,0,0,0,0.0,2,2,0,1,0,0,
Kyle Wilson,24,NYJ,DB,16,6,2,13,0,10,6,0,0,0,0,0,0.0,41,35,6,1,1,0,
Antwan Barnes,27,SDG,LOLB,16,5,0,0,0,0,1,2,0,0,0,0,11.0,41,34,7,6,14,0,
Jared Cook,24,TEN,TE,16,5,0,0,0,0,0,0,2,0,0,0,0.0,3,3,0,0,0,0,
Toby Gerhart,24,MIN,RB,16,5,0,0,0,0,0,0,1,2,0,0,0.0,1,1,0,0,0,0,
Howard Green,32,GNB,RDE,16,5,0,0,0,0,0,0,0,0,0,0,0.0,11,3,8,1,0,0,
Michael Johnson,24,CIN,RDE,16,5,1,0,0,0,5,1,0,1,0,0,6.0,42,27,15,6,12,0,
Greg Jones,23,NYG,MLB,16,5,0,0,0,0,0,0,0,1,0,0,0.0,31,26,5,1,0,0,
Maurice Morris,32,DET,RB,16,5,0,0,0,0,0,0,1,0,0,0,0.0,1,0,1,0,0,0,
Owen Schmitt,26,PHI,FB,16,5,0,0,0,0,0,0,0,0,0,0,0.0,3,2,1,0,0,0,
Marcus Spears,28,DAL,RDE,16,5,0,0,0,0,2,0,0,0,0,0,1.0,16,13,3,2,3,0,
Craig Steltz,25,CHI,SS,16,5,0,0,0,0,0,2,0,0,0,0,1.0,53,42,11,1,1,0,
Andy Studebaker,26,KAN,LOLB,16,5,0,0,0,0,0,1,0,1,-1,0,0.0,16,8,8,0,0,0,
Jacob Tamme,26,IND,TE,16,5,0,0,0,0,0,0,0,0,0,0,0.0,5,5,0,0,0,0,
Golden Tate,23,SEA,WR,16,5,0,0,0,0,0,0,1,0,0,0,0.0,0,0,0,0,0,0,
Jason Allen,28,HOU,DB,16,4,4,34,0,34,11,0,0,0,0,0,0.0,45,41,4,2,0,0,
Danny Batten,24,BUF,LB,16,4,0,0,0,0,0,0,0,1,0,0,0.5,25,17,8,2,1,0,
Davone Bess,26,MIA,WR,16,4,0,0,0,0,0,0,5,3,0,0,0.0,0,0,0,0,0,0,
Drew Coleman,28,JAX,DB,16,4,2,5,0,8,9,3,0,0,0,0,2.0,46,32,14,3,1,0,
Tyrone Culver,28,MIA,DB,16,4,0,0,0,0,1,1,0,1,0,0,1.0,36,27,9,1,1,0,
Chris Harris Jr.,22,DEN,DB,16,4,1,15,0,15,6,0,0,1,0,0,0.0,71,61,10,1,2,0,
Lex Hilliard,27,MIA,RB,16,4,0,0,0,0,0,0,0,0,0,0,0.0,2,0,2,0,0,0,
Peria Jerry,27,ATL,DT,16,4,0,0,0,0,1,1,0,0,0,0,0.0,10,7,3,2,5,0,
Dexter McCluster,22,KAN,WR,16,4,0,0,0,0,0,0,4,0,0,0,0.0,0,0,0,0,0,0,
Shaun Rogers,32,NOR,DT,16,4,0,0,0,0,1,0,0,0,0,0,0.0,22,14,8,1,3,0,
Kory Sperry,26,SDG,TE,16,4,0,0,0,0,0,0,0,0,0,0,0.0,1,1,0,0,0,0,
Jarius Wynn,25,GNB,DE,16,4,0,0,0,0,0,0,0,0,0,0,3.0,19,13,6,5,3,0,
Keith Brooking,36,DAL,LB,16,3,0,0,0,0,2,0,0,0,0,0,0.0,50,34,16,2,1,0,
Antonio Brown,23,PIT,WR,16,3,0,0,0,0,0,0,0,0,0,0,0.0,1,1,0,0,0,0,PB
Bobby Carpenter,28,DET,LB,16,3,1,34,1,34,1,0,0,0,0,0,0.0,29,24,5,2,0,0,
Delone Carter,24,IND,RB,16,3,0,0,0,0,0,0,3,0,0,0,0.0,1,0,1,,,0,
Riley Cooper,24,PHI,WR,16,3,0,0,0,0,0,1,0,0,0,0,0.0,7,6,1,0,0,0,
Craig Dahl,26,STL,DB,16,3,1,-3,0,-3,1,2,0,0,0,0,0.0,61,52,9,0,2,0,
Andra Davis,33,BUF,LB,16,3,0,0,0,0,0,0,0,0,0,0,0.0,14,6,8,1,0,0,
Marcus Dixon,27,NYJ,DE,16,3,0,0,0,0,1,1,0,1,0,0,1.5,16,11,5,1,5,0,
Trai Essex,29,PIT,T,16,3,0,0,0,0,0,0,0,1,0,0,0.0,0,0,0,0,0,0,
Larry Grant,26,SFO,LB,16,3,0,0,0,0,5,1,0,0,0,0,2.0,40,30,10,3,2,0,
Quentin Groves,27,OAK,LB,16,3,0,0,0,0,2,1,0,0,0,0,0.0,24,20,4,2,0,0,
Letroy Guion,24,MIN,DT,16,3,0,0,0,0,0,0,0,1,0,0,0.0,21,14,7,4,2,0,
Jacob Hester,26,SDG,RB,16,3,0,0,0,0,0,0,2,0,0,0,0.0,9,8,1,0,0,0,
Sammie Lee Hill,25,DET,DT,16,3,0,0,0,0,0,1,0,1,0,0,1.5,24,13,11,,,0,
John Kuhn,29,GNB,FB,16,3,0,0,0,0,0,0,0,0,0,0,0.0,1,1,0,0,0,0,"PB,AP-2"
Corey Lynch,26,TAM,DB,16,3,1,14,0,14,4,0,0,0,0,0,0.0,25,21,4,0,0,0,
Casey Matthews,22,PHI,LB,16,3,0,0,0,0,0,0,0,0,0,0,1.0,38,30,8,3,2,0,
Ryan McBean,27,DEN,DT,16,3,0,0,0,0,0,0,0,0,0,0,4.0,33,19,14,8,5,0,
Roy Miller,24,TAM,DT,16,3,0,0,0,0,0,0,0,0,0,0,0.0,36,20,16,2,1,0,
Da'Norris Searcy,23,BUF,DB,16,3,1,0,0,0,1,0,0,0,0,0,0.0,34,26,8,0,0,0,
Marcus Sherels,24,MIN,DB,16,3,0,0,0,0,3,0,0,0,0,0,1.0,27,21,6,1,1,0,
Dan Skuta,25,CIN,LB,16,3,0,0,0,0,0,1,0,0,0,0,0.5,31,16,15,0,1,0,
Matthew Slater,26,NWE,WR,16,3,0,0,0,0,0,1,1,0,0,0,0.0,24,18,6,1,0,0,PB
D.J. Smith,22,GNB,LB,16,3,1,11,0,11,1,0,0,0,0,0,0.0,43,32,11,1,0,0,
Jonathan Stewart,24,CAR,RB,16,3,0,0,0,0,0,0,1,0,0,0,0.0,0,0,0,0,0,0,
Alterraun Verner,23,TEN,DB,16,3,1,4,0,4,9,0,0,0,0,0,0.0,49,43,6,3,0,0,
Jamaal Westerman,26,NYJ,DE,16,3,0,0,0,0,0,1,0,1,0,0,3.5,32,23,9,6,9,0,
Alan Ball,26,DAL,DB,16,2,1,15,0,15,6,0,0,1,0,0,0.0,37,30,7,1,0,0,
Christian Ballard,22,MIN,DT,16,2,0,0,0,0,0,0,0,0,0,0,0.0,13,6,7,2,2,0,
Ronnie Brown,30,PHI,RB,16,2,0,0,0,0,0,0,1,0,0,0,0.0,2,1,1,0,0,0,
Jarrett Bush,27,GNB,DB,16,2,2,39,0,35,6,0,0,0,0,0,1.5,30,26,4,1,3,0,
Terrance Copper,29,KAN,WR,16,2,0,0,0,0,0,0,0,0,0,0,0.0,3,3,0,0,0,0,
Jonathan Fanene,29,CIN,DE,16,2,0,0,0,0,1,0,0,2,0,0,6.5,24,17,7,10,12,0,
Amon Gordon,30,KAN,DT,16,2,0,0,0,0,1,0,0,0,0,0,2.0,23,16,7,2,2,0,
Lavelle Hawkins,25,TEN,WR,16,2,0,0,0,0,0,0,1,0,0,0,0.0,2,2,0,0,0,0,
Adam Hayward,27,TAM,LB,16,2,0,0,0,0,0,0,0,0,0,0,0.0,33,29,4,2,0,0,
Jason Hunter,28,DEN,DE,16,2,0,0,0,0,1,1,0,1,18,0,1.0,21,17,4,2,2,0,
Ricky Jean-Francois,25,SFO,DT,16,2,0,0,0,0,2,0,0,0,0,0,0.0,15,12,3,0,0,0,
Antwaun Molden,26,NWE,DB,16,2,2,40,0,27,3,0,0,1,0,0,0.0,36,25,11,0,0,0,
Sabby Piscitelli,28,KAN,S,16,2,0,0,0,0,1,1,0,0,0,0,0.0,34,28,6,1,0,0,
Dennis Pitta,26,BAL,TE,16,2,0,0,0,0,0,0,0,0,0,0,0.0,2,1,1,0,0,0,
Stevan Ridley,22,NWE,RB,16,2,0,0,0,0,0,0,1,0,0,0,0.0,0,0,0,,,0,
Jason Taylor,37,MIA,DE,16,2,0,0,0,0,2,1,0,0,0,0,7.0,18,13,5,5,16,0,
Cam Thomas,25,SDG,DT,16,2,0,0,0,0,1,0,0,0,0,0,4.0,20,13,7,6,5,0,
Dave Tollefson,29,NYG,DE,16,2,0,0,0,0,1,1,0,1,0,0,5.0,21,13,8,5,8,0,
Eric Weems,26,ATL,WR,16,2,0,0,0,0,0,0,0,0,0,0,0.0,12,10,2,0,0,0,
Jacquian Williams,23,NYG,LB,16,2,0,0,0,0,4,1,0,3,0,0,1.0,78,58,20,2,1,0,
C.J. Wilson,24,GNB,DE,16,2,0,0,0,0,0,0,0,0,0,0,0.0,26,20,6,3,0,0,
Isa Abdul-Quddus,22,NOR,DB,16,1,0,0,0,0,1,3,0,0,0,0,0.0,16,14,2,0,0,0,
Mark Anderson,28,NWE,DE,16,1,0,0,0,0,1,2,0,1,0,0,10.0,29,18,11,9,16,0,
Rocky Bernard,32,NYG,DT,16,1,0,0,0,0,3,1,0,1,0,0,0.0,30,15,15,0,1,0,
Kroy Biermann,26,ATL,LB,16,1,1,50,1,50,1,0,0,0,0,0,2.5,37,15,22,3,10,0,
Darryl Blackstock,28,OAK,LB,16,1,0,0,0,0,0,0,0,0,0,0,0.0,20,15,5,1,0,0,
Zackary Bowman,27,CHI,DB,16,1,0,0,0,0,0,1,0,1,0,0,0.0,14,13,1,0,0,0,
Stewart Bradley,28,ARI,LB,16,1,0,0,0,0,2,0,0,0,0,0,0.0,31,21,10,1,1,0,
Tyler Brayton,32,IND,DE,16,1,0,0,0,0,0,0,0,0,0,0,2.0,27,15,12,3,4,0,
Junior Galette,23,NOR,DE,16,1,0,0,0,0,0,0,0,0,0,0,4.5,19,11,8,4,11,0,
Gary Gibson,29,STL,DT,16,1,0,0,0,0,2,0,0,0,0,0,3.0,17,13,4,5,4,0,
Wallace Gilberry,27,KAN,DE,16,1,0,0,0,0,3,2,0,0,0,0,2.5,10,6,4,0,8,0,
Mario Haggan,31,DEN,LB,16,1,1,16,1,16,1,0,0,0,0,0,0.0,23,13,10,3,0,0,
Joselio Hanson,30,PHI,DB,16,1,0,0,0,0,4,0,0,2,4,0,0.0,30,26,4,0,1,0,
Dante Hughes,26,SDG,DB,16,1,0,0,0,0,3,0,0,1,0,0,0.0,42,32,10,2,0,0,
Brandon Johnson,28,CIN,LB,16,1,0,0,0,0,3,1,0,0,0,0,0.0,31,20,11,1,3,0,
Karl Klug,23,TEN,DT,16,1,0,0,0,0,4,2,0,0,0,0,7.0,20,18,2,7,9,0,
Joe Lefeged,23,IND,DB,16,1,2,25,0,25,4,0,1,0,0,0,0.0,32,13,19,,,0,
Keenan Lewis,25,PIT,DB,16,1,1,9,0,9,6,0,0,0,0,0,0.0,37,30,7,0,0,0,
Stefan Logan,30,DET,RB,16,1,0,0,0,0,0,0,6,4,0,0,0.0,4,4,0,0,0,0,
Elbert Mack,25,TAM,WR,16,1,2,47,1,40,6,0,0,0,0,0,0.0,29,23,6,2,0,0,
Josh Mauga,24,NYJ,LB,16,1,1,11,0,11,1,0,0,0,0,0,0.0,25,17,8,1,0,0,
Albert McClellan,25,BAL,LB,16,1,0,0,0,0,0,0,0,0,0,0,0.0,19,15,4,1,0,0,
Corey McIntyre,32,BUF,FB,16,1,0,0,0,0,0,0,0,0,0,0,0.0,13,11,2,0,0,0,
Amobi Okoye,24,CHI,DT,16,1,0,0,0,0,1,0,0,0,0,0,4.0,27,18,9,5,7,0,
Kenny Onatolu,29,MIN,LB,16,1,0,0,0,0,0,0,0,0,0,0,0.0,14,12,2,0,0,0,
Isaac Redman,27,PIT,RB,16,1,0,0,0,0,0,0,2,0,0,0,0.0,2,2,0,0,0,0,
Dane Sanzenbacher,23,CHI,WR,16,1,0,0,0,0,0,0,0,0,0,0,0.0,2,2,0,0,0,0,
Cameron Sheffield,23,KAN,LB,16,1,0,0,0,0,0,0,0,0,0,0,0.0,9,7,2,1,0,0,
Leon Washington,29,SEA,RB,16,1,0,0,0,0,0,0,2,1,0,0,0.0,2,1,1,0,0,0,
John Wendling,28,DET,DB,16,1,0,0,0,0,0,0,0,0,0,0,0.0,25,20,5,0,0,0,
Gibril Wilson,30,CIN,DB,16,1,0,0,0,0,0,1,0,1,0,0,0.0,33,21,12,0,0,0,
Hamza Abdullah,28,ARI,DB,16,0,0,0,0,0,0,0,0,0,0,0,0.0,13,9,4,0,0,0,
Danny Aiken,23,NWE,LS,16,0,0,0,0,0,0,0,0,0,0,0,0.0,5,2,3,0,0,0,
David Akers,37,SFO,K,16,0,0,0,0,0,0,0,0,0,0,0,0.0,2,2,0,0,0,0,"PB,AP-1"
Alex Albright,23,DAL,LB,16,0,0,0,0,0,0,0,0,0,0,0,0.0,11,8,3,0,0,0,
Lorenzo Alexander,28,WAS,LB,16,0,0,0,0,0,0,0,0,0,0,0,0.0,16,10,6,1,0,0,
Will Allen,29,PIT,DB,16,0,0,0,0,0,0,0,0,0,0,0,0.0,9,6,3,0,0,0,
Ken Amato,34,TEN,LS,16,0,0,0,0,0,0,0,1,0,0,0,0.0,2,1,1,0,0,0,
Jonathon Amaya,23,NOR,DB,16,0,0,0,0,0,0,1,0,0,0,0,0.0,14,10,4,0,1,0,
Brendon Ayanbadejo,35,BAL,LB,16,0,0,0,0,0,2,0,0,2,0,0,1.5,36,32,4,2,4,0,
Allen Bailey,22,KAN,DE,16,0,0,0,0,0,2,0,0,1,0,0,1.0,10,8,2,4,3,0,
Dan Bailey,23,DAL,K,16,0,0,0,0,0,0,0,0,0,0,0,0.0,2,2,0,0,0,0,
Jason Baker,33,CAR,P,16,0,0,0,0,0,0,0,0,0,0,0,0.0,2,1,1,0,0,0,
Lance Ball,26,DEN,RB,16,0,0,0,0,0,0,0,2,0,0,0,0.0,5,5,0,0,0,0,
Brandon Banks,24,WAS,WR,16,0,0,0,0,0,0,0,7,5,0,0,0.0,0,0,0,0,0,0,
Nick Bellore,22,NYJ,LB,16,0,0,0,0,0,0,0,0,0,0,0,0.0,19,15,4,0,0,0,
Rob Bironas,33,TEN,K,16,0,0,0,0,0,0,0,0,0,0,0,0.0,2,2,0,0,0,0,
Matthew Bosher,24,ATL,P,16,0,0,0,0,0,0,0,0,0,0,0,0.0,8,6,2,0,0,0,
Bryan Braman,24,HOU,LB,16,0,0,0,0,0,0,0,0,1,0,0,0.5,8,5,3,0,1,0,
Raheem Brock,33,SEA,DE,16,0,0,0,0,0,0,1,0,0,0,0,3.0,29,16,13,3,9,0,
Josh Brown,32,STL,K,16,0,0,0,0,0,0,0,0,0,0,0,0.0,1,1,0,0,0,0,
James Butler,29,STL,DB,16,0,0,0,0,0,0,0,0,0,0,0,0.0,11,10,1,0,0,0,
Victor Butler,24,DAL,LB,16,0,0,0,0,0,1,0,0,0,0,0,3.0,23,16,7,4,7,0,
Jeremy Cain,31,JAX,LB,16,0,0,0,0,0,0,0,1,0,-39,0,0.0,4,2,2,0,0,0,
David Carter,24,ARI,DT,16,0,0,0,0,0,2,1,0,0,0,0,1.0,16,10,6,3,1,0,
Dustin Colquitt,29,KAN,P,16,0,0,0,0,0,0,0,1,0,0,0,0.0,1,0,1,0,0,0,
Jon Condo,30,OAK,LS,16,0,0,0,0,0,0,0,0,0,0,0,0.0,4,4,0,0,0,0,PB
T.J. Conley,26,NYJ,P,16,0,0,0,0,0,0,0,0,0,0,0,0.0,1,1,0,0,0,0,
Blake Costanzo,27,SFO,LB,16,0,0,0,0,0,0,0,0,0,0,0,0.0,13,12,1,0,0,0,
Mason Crosby,27,GNB,K,16,0,0,0,0,0,0,0,0,1,2,0,0.0,3,2,1,0,0,0,
Chris Culliver,23,SFO,DB,16,0,1,23,0,23,7,0,0,0,0,0,0.0,36,34,2,0,0,0,
Dominique Curry,24,STL,WR,16,0,0,0,0,0,0,0,0,1,0,0,0.0,10,9,1,0,0,0,
Travis Daniels,29,KAN,DB,16,0,2,25,0,25,3,0,0,0,0,0,0.0,14,13,1,0,0,0,
Phil Dawson,36,CLE,K,16,0,0,0,0,0,0,0,0,0,0,0,0.0,1,1,0,0,0,0,
Larry Dean,23,MIN,LB,16,0,0,0,0,0,0,0,0,0,0,0,0.0,9,8,1,0,0,0,
Dom DeCicco,23,CHI,LB,16,0,0,0,0,0,0,0,0,0,0,0,0.0,12,11,1,0,0,0,
John Denney,33,MIA,LS,16,0,0,0,0,0,0,0,0,0,0,0,0.0,4,4,0,0,0,0,
Akeem Dent,24,ATL,LB,16,0,0,0,0,0,0,1,0,0,0,0,0.0,20,13,7,0,0,0,
Zak DeOssie,27,NYG,LB,16,0,0,0,0,0,0,0,0,0,0,0,0.0,10,8,2,0,0,0,
Anthony Dixon,24,SFO,RB,16,0,0,0,0,0,0,0,0,0,0,0,0.0,6,6,0,0,0,0,
Jon Dorenbos,31,PHI,LS,16,0,0,0,0,0,0,0,0,0,0,0,0.0,4,4,0,0,0,0,
Fred Evans,28,MIN,DT,16,0,0,0,0,0,0,0,0,0,0,0,0.0,22,13,9,3,3,0,
Brandon Fields,27,MIA,P,16,0,0,0,0,0,0,0,0,0,0,0,0.0,1,1,0,0,0,0,
Justin Forsett,26,SEA,RB,16,0,0,0,0,0,0,0,0,0,0,0,0.0,1,1,0,0,0,0,
Eric Frampton,27,MIN,DB,16,0,0,0,0,0,0,0,0,0,0,0,0.0,20,17,3,0,0,0,
Andrew Gachkar,23,SDG,LB,16,0,0,0,0,0,0,0,0,0,0,0,0.0,15,11,4,0,0,0,
Thomas Gafford,28,KAN,LB,16,0,0,0,0,0,0,0,0,0,0,0,0.0,3,3,0,0,0,0,
Dylan Gandy,29,DET,G,16,0,0,0,0,0,0,0,0,1,0,0,0.0,0,0,0,0,0,0,
Graham Gano,24,WAS,K,16,0,0,0,0,0,0,0,0,0,0,0,0.0,4,3,1,0,0,0,
Brett Goode,27,GNB,LB,16,0,0,0,0,0,0,0,0,0,0,0,0.0,1,1,0,0,0,0,
Tavares Gooden,27,SFO,LB,16,0,0,0,0,0,0,1,0,0,0,0,0.0,11,11,0,1,0,0,
Richard Goodman,24,SDG,WR,16,0,0,0,0,0,0,0,0,0,0,0,0.0,5,4,1,0,0,0,
Stephen Gostkowski,27,NWE,K,16,0,0,0,0,0,0,0,0,0,0,0,0.0,4,3,1,0,0,0,
Corey Graham,26,CHI,DB,16,0,3,11,0,10,3,0,0,0,0,0,0.0,18,15,3,0,1,0,PB
Cory Greenwood,26,KAN,LB,16,0,0,0,0,0,0,0,0,0,0,0,0.0,13,10,3,0,0,0,
Clint Gresham,25,SEA,LB,16,0,0,0,0,0,0,0,0,0,0,0,0.0,1,1,0,0,0,0,
Everson Griffen,24,MIN,DE,16,0,0,0,0,0,2,1,0,1,9,0,4.0,21,15,6,3,7,0,
Jason Hanson,41,DET,K,16,0,0,0,0,0,0,0,0,0,0,0,0.0,2,1,1,0,0,0,
Clark Harris,27,CIN,TE,16,0,0,0,0,0,0,0,0,0,0,0,0.0,3,1,2,0,0,0,
Stephen Hauschka,26,SEA,K,16,0,0,0,0,0,0,0,0,0,0,0,0.0,2,1,1,0,0,0,
Alex Henery,24,PHI,K,16,0,0,0,0,0,0,0,0,0,0,0,0.0,2,2,0,0,0,0,
Chas Henry,22,PHI,P,16,0,0,0,0,0,0,0,0,0,0,0,0.0,2,2,0,0,0,0,
Cameron Heyward,22,PIT,DE,16,0,0,0,0,0,1,1,0,0,0,0,1.0,11,10,1,1,4,0,
Jesse Holley,27,DAL,WR,16,0,0,0,0,0,0,0,0,0,0,0,0.0,7,6,1,0,0,0,
Vonnie Holliday,36,ARI,DE,16,0,0,0,0,0,1,0,0,0,0,0,0.0,16,14,2,4,3,0,
Nate Irving,23,DEN,LB,16,0,0,0,0,0,0,0,0,0,0,0,0.0,4,3,1,0,1,0,
Rob Jackson,26,WAS,DE,16,0,0,0,0,0,0,0,0,0,0,0,0.0,10,8,2,4,2,0,
Tim Jamison,25,HOU,DE,16,0,0,0,0,0,2,1,0,1,0,0,2.0,19,14,5,2,3,0,
J.J. Jansen,25,CAR,LS,16,0,0,0,0,0,0,0,0,0,0,0,0.0,1,1,0,0,0,0,
Brian Jennings,35,SFO,LS,16,0,0,0,0,0,0,0,0,0,0,0,0.0,1,0,1,0,0,0,PB
Bryant Johnson,30,HOU,WR,16,0,0,0,0,0,0,0,0,0,0,0,0.0,3,3,0,0,0,0,
Donnie Jones,31,STL,P,16,0,0,0,0,0,0,0,0,0,0,0,0.0,2,2,0,0,0,0,
James Jones,27,GNB,WR,16,0,0,0,0,0,0,0,1,0,0,0,0.0,0,0,0,0,0,0,
Brett Kern,25,TEN,P,16,0,0,0,0,0,0,0,0,1,0,0,0.0,0,0,0,0,0,0,
Chris Kluwe,30,MIN,P,16,0,0,0,0,0,0,0,1,0,-6,0,0.0,2,2,0,0,0,0,
Sam Koch,29,BAL,P,16,0,0,0,0,0,0,0,0,0,0,0,0.0,1,1,0,0,0,0,
Paul Kruger,25,BAL,DE,16,0,0,0,0,0,2,0,0,2,0,0,5.5,15,12,3,5,11,0,
L.P. Ladouceur,30,DAL,DE,16,0,0,0,0,0,0,0,0,0,0,0,0.0,2,2,0,0,0,0,
Mike Leach,35,ARI,LS,16,0,0,0,0,0,0,0,0,0,0,0,0.0,1,1,0,0,0,0,
Shane Lechler,35,OAK,P,16,0,0,0,0,0,0,0,0,0,0,0,0.0,1,1,0,0,0,0,"PB,AP-2"
Pat Lee,27,GNB,DB,16,0,0,0,0,0,0,0,0,0,0,0,0.0,11,9,2,0,0,0,
Sean Lissemore,24,DAL,NT,16,0,0,0,0,0,0,0,0,0,0,0,2.0,28,19,9,4,5,0,
Ryan Longwell,37,MIN,K,16,0,0,0,0,0,0,0,0,1,0,0,0.0,3,3,0,0,0,0,
Kregg Lumpkin,27,TAM,RB,16,0,0,0,0,0,0,0,0,0,0,0,0.0,5,4,1,0,0,0,
Olindo Mare,38,CAR,K,16,0,0,0,0,0,0,0,0,0,0,0,0.0,2,2,0,0,0,0,
Marc Mariani,24,TEN,WR,16,0,0,0,0,0,0,0,1,1,0,0,0.0,3,2,1,0,0,0,
Tim Masthay,24,GNB,P,16,0,0,0,0,0,0,0,2,1,0,0,0.0,1,1,0,0,0,0,
Pat McAfee,24,IND,P,16,0,0,0,0,0,0,0,0,0,0,0,0.0,7,7,0,0,0,0,
Brice McCain,25,HOU,DB,16,0,2,48,1,38,13,0,0,0,0,0,0.0,28,27,1,0,1,0,
Pernell McPhee,23,BAL,DE,16,0,0,0,0,0,2,1,0,1,0,0,6.0,23,16,7,4,8,0,
Jake McQuaide,24,STL,LS,16,0,0,0,0,0,0,0,0,0,0,0,0.0,2,2,0,0,0,0,
Zoltan Mesko,25,NWE,P,16,0,0,0,0,0,0,0,0,0,0,0,0.0,1,1,0,0,0,0,
Jeromy Miles,24,CIN,DB,16,0,0,0,0,0,0,0,0,0,0,0,0.0,16,15,1,0,0,0,
Earl Mitchell,24,HOU,DT,16,0,0,0,0,0,1,0,0,2,0,0,1.0,27,14,13,0,1,0,
Marvin Mitchell,27,MIA,LB,16,0,1,55,0,55,2,1,0,0,0,0,1.0,30,25,5,1,2,0,
Brian Moorman,35,BUF,P,16,0,0,0,0,0,0,0,0,0,0,0,0.0,1,1,0,0,0,0,
Don Muhlbach,30,DET,LS,16,0,0,0,0,0,0,0,0,0,0,0,0.0,2,2,0,0,0,0,
Ryan Mundy,26,PIT,DB,16,0,1,5,0,5,1,2,0,0,0,0,0.0,38,21,17,1,0,0,
Chris Neild,24,WAS,DT,16,0,0,0,0,0,0,1,0,0,0,0,2.0,10,4,6,1,2,0,
Ashlee Palmer,25,DET,LB,16,0,0,0,0,0,0,0,0,0,0,0,0.0,8,8,0,0,0,0,
Preston Parker,24,TAM,WR,16,0,0,0,0,0,0,0,8,4,-8,0,0.0,4,4,0,0,0,0,
Scott Paxson,28,CLE,DT,16,0,0,0,0,0,1,0,0,1,0,0,1.0,21,10,11,3,2,0,
Lonie Paxton,33,DEN,LS,16,0,0,0,0,0,0,0,0,0,0,0,0.0,1,1,0,0,0,0,
Adam Podlesh,28,CHI,P,16,0,0,0,0,0,0,0,0,0,0,0,0.0,2,2,0,0,0,0,
Matt Prater,27,DEN,K,16,0,0,0,0,0,0,0,0,0,0,0,0.0,1,1,0,0,0,0,
Tanner Purdum,25,NYJ,LS,16,0,0,0,0,0,0,0,0,0,0,0,0.0,1,0,1,0,0,0,
Neil Rackers,35,HOU,K,16,0,0,0,0,0,0,0,0,0,0,0,0.0,3,2,1,0,0,0,
Vincent Rey,24,CIN,LB,16,0,0,0,0,0,0,0,0,0,0,0,0.0,6,6,0,0,0,0,
Courtney Roby,28,NOR,WR,16,0,0,0,0,0,0,0,0,0,0,0,0.0,8,7,1,0,0,0,
Saverio Rocca,38,WAS,P,16,0,0,0,0,0,0,0,0,0,0,0,0.0,2,2,0,0,0,0,
Jacquizz Rodgers,21,ATL,RB,16,0,0,0,0,0,0,0,1,0,0,0,0.0,3,2,1,0,0,0,
Jon Ryan,30,SEA,P,16,0,0,0,0,0,0,0,0,0,0,0,0.0,3,3,0,0,0,0,
Garrison Sanborn,26,BUF,LS,16,0,0,0,0,0,0,0,0,0,0,0,0.0,5,4,1,0,0,0,
Tyler Sash,23,NYG,DB,16,0,0,0,0,0,0,1,0,0,0,0,0.0,17,12,5,0,0,0,
Brian Schaefering,28,CLE,DT,16,0,0,0,0,0,0,0,0,0,0,0,0.5,29,18,11,2,3,0,
Shann Schillinger,25,ATL,DB,16,0,0,0,0,0,0,0,0,0,0,0,0.0,11,7,4,0,0,0,
O'Brien Schofield,24,ARI,LB,16,0,0,0,0,0,0,2,0,0,0,0,4.5,37,33,4,3,6,0,
Mike Scifres,31,SDG,P,16,0,0,0,0,0,0,0,0,0,0,0,0.0,1,1,0,0,0,0,
Josh Scobee,29,JAX,K,16,0,0,0,0,0,0,0,0,0,0,0,0.0,1,1,0,0,0,0,
Trevor Scott,27,OAK,DE,16,0,0,0,0,0,0,0,0,0,0,0,0.0,7,6,1,1,0,0,
Tim Shaw,27,TEN,LB,16,0,0,0,0,0,0,0,0,0,0,0,0.0,14,10,4,0,0,0,
Lawrence Sidbury,25,ATL,DE,16,0,0,0,0,0,0,0,0,0,0,0,4.0,11,9,2,6,10,0,
Eugene Sims,25,STL,LB,16,0,0,0,0,0,1,0,0,0,0,0,0.0,19,16,3,1,2,0,
Buster Skrine,22,CLE,DB,16,0,1,5,0,5,2,0,0,0,0,0,0.0,18,14,4,0,0,0,
Aldon Smith,22,SFO,LB,16,0,0,0,0,0,4,2,0,1,0,0,14.0,37,31,6,13,27,1,AP DRoY-2
Reggie Smith,25,SFO,DB,16,0,1,11,0,11,3,0,1,0,0,0,0.0,15,15,0,0,0,0,
Justin Snow,35,IND,LS,16,0,0,0,0,0,0,0,0,0,0,0,0.0,5,3,2,0,0,0,
C.J. Spillman,25,SFO,DB,16,0,0,0,0,0,0,0,0,0,0,0,0.0,18,17,1,1,0,0,
Austin Spitler,25,MIA,LB,16,0,0,0,0,0,0,0,0,1,0,0,0.0,11,10,1,0,0,0,
Ryan Succop,25,KAN,K,16,0,0,0,0,0,0,0,0,0,0,0,0.0,1,1,0,0,0,0,
Shaun Suisham,30,PIT,K,16,0,0,0,0,0,0,0,0,0,0,0,0.0,5,2,3,0,0,0,
Nick Sundberg,24,WAS,LS,16,0,0,0,0,0,0,0,0,0,0,0,0.0,3,2,1,0,0,0,
Brandon Tate,24,CIN,WR,16,0,0,0,0,0,0,0,3,1,0,0,0.0,0,0,0,,,0,
Devin Thomas,25,NYG,WR,16,0,0,0,0,0,0,1,0,0,0,0,0.0,5,4,1,0,0,0,
Jason Trusnik,27,MIA,DE,16,0,0,0,0,0,0,0,0,0,0,0,0.0,18,15,3,0,0,0,
Lawrence Tynes,33,NYG,K,16,0,0,0,0,0,0,0,0,0,0,0,0.0,1,1,0,0,0,0,
Reggie Walker,25,ARI,LB,16,0,0,0,0,0,0,0,0,0,0,0,0.0,16,11,5,0,0,0,
Vance Walker,24,ATL,DT,16,0,0,0,0,0,0,1,0,1,0,0,2.0,18,13,5,3,3,0,
Greg Warren,30,PIT,LS,16,0,0,0,0,0,0,0,0,0,0,0,0.0,1,0,1,0,0,0,
Steve Weatherford,29,NYG,P,16,0,0,0,0,0,0,0,0,0,0,0,0.0,4,4,0,0,0,0,
Ricky Williams,34,BAL,RB,16,0,0,0,0,0,0,0,2,0,0,0,0.0,1,1,0,,,0,
Matt Willis,27,DEN,WR,16,0,0,0,0,0,0,0,1,2,0,0,0.0,5,5,0,0,0,0,
Mike Windt,25,SDG,LS,16,0,0,0,0,0,0,0,0,0,0,0,0.0,1,1,0,0,0,0,
John Abraham,33,ATL,RDE,15,15,0,0,0,0,2,4,0,1,0,0,9.5,35,25,10,10,17,0,
Cedric Benson,29,CIN,RB,15,15,0,0,0,0,0,0,5,2,0,0,0.0,0,0,0,0,0,0,
Alan Branch,27,SEA,LDT,15,15,0,0,0,0,2,0,0,0,0,0,3.0,34,21,13,5,3,0,
Reggie Bush,26,MIA,RB,15,15,0,0,0,0,0,0,4,3,0,0,0.0,0,0,0,0,0,0,
Vernon Carey,30,MIA,RG,15,15,0,0,0,0,0,0,0,1,0,0,0.0,0,0,0,0,0,0,
Kam Chancellor,23,SEA,SS,15,15,4,27,0,9,13,2,0,1,0,0,1.0,97,75,22,3,1,0,PB
Nate Clements,32,CIN,LCB,15,15,2,5,0,7,12,2,1,2,0,0,1.0,55,49,6,4,4,0,
Glenn Dorsey,26,KAN,RDE,15,15,0,0,0,0,0,0,0,0,0,0,0.0,62,31,31,3,2,0,
Sedrick Ellis,26,NOR,RDE,15,15,0,0,0,0,4,0,0,0,0,0,0.5,29,9,20,0,4,0,
Jeff Faine,30,TAM,C,15,15,0,0,0,0,0,0,1,0,-7,0,0.0,0,0,0,,,0,
Anthony Fasano,27,MIA,TE,15,15,0,0,0,0,0,0,0,1,0,0,0.0,0,0,0,0,0,0,
Josh Freeman,23,TAM,QB,15,15,0,0,0,0,0,0,9,2,-13,0,0.0,0,0,0,0,0,0,
Chris Gamble,28,CAR,LCB,15,15,3,43,0,24,12,0,0,0,0,0,0.0,45,37,8,2,0,0,
A.J. Green,23,CIN,WR,15,15,0,0,0,0,0,0,1,1,0,0,0.0,0,0,0,0,0,0,PB
Joe Haden,22,CLE,LCB,15,15,0,0,0,0,19,1,0,1,0,0,1.0,65,53,12,2,1,0,
James Hall,34,STL,RDE,15,15,0,0,0,0,2,0,0,0,0,0,6.0,50,38,12,9,11,1,
Richie Incognito,28,MIA,LG,15,15,0,0,0,0,0,0,0,1,0,0,0.0,0,0,0,0,0,0,
DeSean Jackson,25,PHI,WR,15,15,0,0,0,0,0,0,1,0,0,0,0.0,1,1,0,0,0,0,
Steven Jackson,28,STL,RB,15,15,0,0,0,0,0,0,2,2,0,0,0.0,0,0,0,0,0,0,
Quentin Jammer,32,SDG,LCB,15,15,0,0,0,0,8,0,0,1,0,0,0.0,53,44,9,2,0,0,
Malcolm Jenkins,24,NOR,FS,15,15,0,0,0,0,9,1,0,1,30,1,1.0,78,64,14,0,4,0,
Charles Johnson,25,CAR,RDE,15,15,0,0,0,0,4,0,0,0,0,0,9.0,41,31,10,19,13,0,
Johnathan Joseph,27,HOU,RCB,15,15,4,40,0,29,15,1,0,0,0,0,0.0,44,40,4,2,0,0,"PB,AP-2"
Sean Lee,25,DAL,RILB,15,15,4,87,0,37,7,0,0,2,0,0,0.0,104,71,33,10,3,0,
Marcedes Lewis,27,JAX,TE,15,15,0,0,0,0,0,0,0,2,0,0,0.0,0,0,0,0,0,0,
Marshawn Lynch,25,SEA,RB,15,15,0,0,0,0,0,0,3,2,0,0,0.0,0,0,0,0,0,0,PB
Clay Matthews,25,GNB,LOLB,15,15,3,47,1,38,9,3,0,0,0,0,6.0,50,37,13,8,25,0,PB
Jason McCourty,24,TEN,LCB,15,15,2,52,0,30,13,1,0,1,0,0,1.0,103,83,20,1,1,0,
LeSean McCoy,23,PHI,RB,15,15,0,0,0,0,0,0,1,0,0,0,0.0,0,0,0,0,0,0,"PB,AP-1"
Ray McDonald,27,SFO,LDE,15,15,0,0,0,0,2,3,0,1,0,0,5.5,39,29,10,6,8,0,
Henry Melton,25,CHI,LDT,15,15,0,0,0,0,0,0,0,0,0,0,7.0,24,18,6,11,15,0,
Rashard Mendenhall,24,PIT,RB,15,15,0,0,0,0,0,0,1,0,0,0,0.0,0,0,0,0,0,0,
Von Miller,22,DEN,LILB,15,15,0,0,0,0,4,2,0,0,0,0,11.5,64,50,14,19,29,0,"PB,AP-2,AP DRoY-1"
Mike Patterson,28,PHI,RDT,15,15,0,0,0,0,0,1,0,2,0,0,2.5,35,26,9,6,3,0,
Corey Peters,23,ATL,RDT,15,15,1,1,0,1,3,0,0,1,13,1,3.0,26,21,5,7,6,0,
Kenny Phillips,25,NYG,SS,15,15,4,50,0,31,11,1,0,0,0,0,0.0,82,59,23,1,2,0,
Fred Robbins,34,STL,LDT,15,15,0,0,0,0,2,0,0,0,0,0,1.0,29,21,8,4,1,0,
Aaron Rodgers,28,GNB,QB,15,15,0,0,0,0,0,0,4,2,0,0,0.0,0,0,0,0,0,0,"PB,AP-1,AP MVP-1,AP OPoY-2"
Ben Roethlisberger,29,PIT,QB,15,15,0,0,0,0,0,0,8,2,-10,0,0.0,0,0,0,0,0,0,PB
Jamarca Sanford,26,MIN,SS,15,15,2,69,0,52,5,1,0,2,3,0,0.0,75,46,29,1,2,0,
Isaac Sopoaga,30,SFO,NT,15,15,0,0,0,0,1,0,0,1,0,0,0.0,31,20,11,1,3,0,
Amari Spievey,23,DET,SS,15,15,3,47,0,30,4,0,0,1,0,0,1.0,70,62,8,0,2,0,
Max Unger,25,SEA,C,15,15,0,0,0,0,0,0,2,0,-14,0,0.0,0,0,0,0,0,0,
Donte Whitner,26,SFO,SS,15,15,2,48,0,48,10,1,0,3,3,0,0.0,62,49,13,2,3,0,
Corey Williams,31,DET,RDT,15,15,0,0,0,0,0,0,0,0,0,0,2.0,31,20,11,3,7,0,
Tramon Williams,28,GNB,RCB,15,15,4,92,1,43,22,0,0,1,0,0,0.0,64,53,11,2,1,0,
Charles Woodson,35,GNB,LCB,15,15,7,63,1,30,17,1,0,1,-1,0,2.0,75,63,12,4,3,0,"PB,AP-1,AP DPoY-6"
Justin Bannan,32,STL,RDT,15,14,0,0,0,0,3,0,0,0,0,0,0.0,32,26,6,4,1,0,
Blaine Gabbert,22,JAX,QB,15,14,0,0,0,0,0,0,14,3,-39,0,0.0,0,0,0,0,0,0,
Ryan Grant,29,GNB,RB,15,14,0,0,0,0,0,0,1,0,0,0,0.0,0,0,0,,,0,
David Hawthorne,26,SEA,MLB,15,14,3,111,1,77,6,0,0,1,9,0,2.0,115,73,42,9,2,0,
Darrius Heyward-Bey,24,OAK,WR,15,14,0,0,0,0,0,0,1,0,0,0,0.0,0,0,0,0,0,0,
Tarvaris Jackson,28,SEA,QB,15,14,0,0,0,0,0,0,9,4,-8,0,0.0,0,0,0,0,0,0,
Rolando McClain,22,OAK,MLB,15,14,0,0,0,0,14,0,0,0,0,0,5.0,99,77,22,8,8,1,
Willis McGahee,30,DEN,RB,15,14,0,0,0,0,0,0,4,1,0,0,0.0,0,0,0,0,0,0,PB
Eugene Monroe,24,JAX,LT,15,14,0,0,0,0,0,0,0,2,0,0,0.0,0,0,0,0,0,0,
Brian Price,22,TAM,RDT,15,14,0,0,0,0,0,0,0,0,0,0,3.0,24,20,4,10,5,0,
Kevin Walter,30,HOU,WR,15,14,0,0,0,0,0,0,0,1,0,0,0.0,0,0,0,0,0,0,
Daryl Washington,25,ARI,RILB,15,14,2,16,0,16,7,0,0,0,0,0,5.0,107,95,12,16,7,0,
Jeremy Zuttah,25,TAM,LG,15,14,0,0,0,0,0,0,0,1,0,0,0.0,0,0,0,0,0,0,
Dez Bryant,23,DAL,WR,15,13,0,0,0,0,0,0,3,1,0,0,0.0,0,0,0,0,0,0,
Kurt Coleman,23,PHI,SS,15,13,4,60,0,35,5,1,0,0,0,0,0.0,78,56,22,1,2,0,
Steve Gregory,28,SDG,SS,15,13,1,26,1,26,3,0,0,0,0,0,0.0,67,56,11,0,1,0,
Kareem Jackson,23,HOU,LCB,15,13,1,0,0,0,6,1,0,0,0,0,0.0,42,37,5,2,0,0,
Corey Liuget,21,SDG,RDE,15,13,0,0,0,0,2,1,0,1,0,0,1.0,19,14,5,3,1,0,
Jeremy Shockey,31,CAR,TE,15,13,0,0,0,0,0,0,2,0,0,0,0.0,0,0,0,,,0,
Darian Stewart,23,STL,SS,15,13,1,27,1,27,11,2,0,0,0,0,3.0,84,67,17,9,3,0,
Mike Thomas,24,JAX,WR,15,13,0,0,0,0,0,0,1,0,0,0,0.0,0,0,0,0,0,0,
Nate Allen,24,PHI,FS,15,12,2,44,0,31,7,0,0,0,0,0,0.0,59,46,13,3,0,0,
Reshad Jones,23,MIA,FS,15,12,1,1,0,1,4,0,0,0,0,0,2.0,67,49,18,3,2,0,
Brady Poppinga,32,STL,LLB,15,12,0,0,0,0,2,1,0,2,0,0,0.0,51,37,14,2,5,0,
Dan Connor,26,CAR,MLB,15,11,0,0,0,0,0,1,0,0,0,0,0.0,75,54,21,3,0,0,
Erin Henderson,25,MIN,RLB,15,11,0,0,0,0,2,2,0,0,0,0,1.5,70,44,26,7,3,0,
Cory Redding,31,BAL,RDE,15,11,0,0,0,0,2,0,0,1,0,0,4.5,43,29,14,11,12,0,
Craig Stevens,27,TEN,TE,15,11,0,0,0,0,0,0,0,0,0,0,0.0,2,2,0,0,0,0,
Lance Kendricks,23,STL,FB,15,10,0,0,0,0,0,0,1,0,0,0,0.0,0,0,0,0,0,0,
Jacob Lacey,24,IND,LCB,15,10,1,32,1,32,6,3,0,1,4,0,0.0,73,49,24,1,0,0,
Derrick Morgan,22,TEN,LDE,15,10,0,0,0,0,2,0,0,0,0,0,2.5,30,22,8,3,7,0,
Brandon Gibson,24,STL,WR,15,9,0,0,0,0,0,0,0,0,0,0,0.0,1,0,1,,,0,
Matt Giordano,29,OAK,FS,15,9,5,130,0,62,5,1,0,0,0,0,1.0,70,56,14,1,3,0,
Hines Ward,35,PIT,WR,15,9,0,0,0,0,0,0,1,0,0,0,0.0,0,0,0,0,0,0,
Rocky McIntosh,29,WAS,MLB,15,8,0,0,0,0,1,0,0,0,0,0,1.0,65,38,27,2,4,0,
Bruce Miller,24,SFO,FB,15,8,0,0,0,0,0,0,1,0,0,0,0.0,6,4,2,0,0,0,
Matt Spaeth,28,CHI,TE,15,8,0,0,0,0,0,0,0,1,0,0,0.0,0,0,0,0,0,0,
Tony Wragge,32,STL,C,15,8,0,0,0,0,0,0,1,0,-8,0,0.0,0,0,0,0,0,0,
Akeem Jordan,26,PHI,RLB,15,7,0,0,0,0,0,0,0,0,0,0,0.0,40,32,8,1,1,0,
Rahim Moore,21,DEN,FS,15,7,1,18,0,18,2,0,0,1,0,0,0.0,31,28,3,1,0,0,
Patrick Robinson,24,NOR,RCB,15,7,4,31,0,25,15,0,0,0,0,0,0.0,47,38,9,5,0,0,
Anthony Sherman,23,ARI,FB,15,7,0,0,0,0,0,0,0,0,0,0,0.0,6,4,2,0,0,0,
Sam Shields,24,GNB,DB,15,7,4,68,0,60,12,1,0,0,0,0,0.0,45,42,3,0,0,0,
Delanie Walker,27,SFO,FB,15,7,0,0,0,0,0,0,0,2,0,0,0.0,7,6,1,0,0,0,
Edwin Williams,25,CHI,LG,15,7,0,0,0,0,0,0,0,1,0,1,0.0,0,0,0,0,0,0,
Wesley Woodyard,25,DEN,ROLB,15,7,0,0,0,0,2,2,0,0,0,0,0.0,97,67,30,1,0,0,
Will Allen,33,MIA,DB,15,6,0,0,0,0,3,0,0,0,0,0,0.0,43,39,4,5,0,0,
James Sanders,28,ATL,SS,15,6,0,0,0,0,3,0,0,1,25,0,0.0,41,30,11,0,0,0,
Shaun Smith,30,TEN,LDT,15,6,0,0,0,0,0,0,0,0,0,0,1.0,25,17,8,3,1,0,
Larry Foote,31,PIT,RILB,15,5,0,0,0,0,1,0,0,0,0,0,1.5,47,30,17,2,4,0,
DeJon Gomes,22,WAS,FS,15,5,0,0,0,0,2,0,0,0,0,0,0.0,35,21,14,3,5,0,
Roy Helu,23,WAS,RB,15,5,0,0,0,0,0,0,2,1,0,0,0.0,0,0,0,0,0,0,
Tony Scheffler,28,DET,TE,15,5,0,0,0,0,0,0,1,1,0,0,0.0,0,0,0,0,0,0,
Brad Smith,28,BUF,WR,15,5,0,0,0,0,0,0,0,0,0,0,0.0,4,3,1,0,0,0,
Jackie Battle,28,KAN,RB,15,4,0,0,0,0,0,0,0,0,0,0,0.0,5,3,2,0,0,0,
Mike Peterson,35,ATL,LB,15,4,1,4,0,4,3,0,0,0,0,0,0.0,25,18,7,5,2,0,
Chris Rucker,23,IND,DB,15,4,0,0,0,0,2,0,0,1,-1,0,0.0,37,26,11,1,0,0,
Danny Woodhead,26,NWE,RB,15,4,0,0,0,0,0,0,0,0,0,0,0.0,5,3,2,0,0,0,
Sergio Brown,23,NWE,DB,15,3,1,2,0,2,1,0,0,0,0,0,0.0,37,28,9,0,0,0,
Nolan Carroll,24,MIA,DB,15,3,1,0,0,0,4,0,0,0,0,0,0.0,32,28,4,0,0,0,
Virgil Green,23,DEN,TE,15,3,0,0,0,0,0,0,0,0,0,0,0.0,3,2,1,0,0,0,
C.J. Mosley,28,JAX,DT,15,3,0,0,0,0,0,1,0,0,0,0,1.0,24,14,10,3,1,0,
Madieu Williams,30,SFO,DB,15,3,0,0,0,0,0,0,0,0,0,0,0.0,9,6,3,0,0,0,
Atari Bigby,30,SEA,DB,15,2,0,0,0,0,2,0,0,1,0,0,1.0,18,12,6,1,2,0,
Brandyn Dombrowski,26,SDG,G,15,2,0,0,0,0,0,0,0,1,0,0,0.0,0,0,0,0,0,0,
Ben Hartsock,31,CAR,TE,15,2,0,0,0,0,0,0,0,1,0,0,0.0,0,0,0,,,0,
Kellen Heard,26,BUF,DT,15,2,0,0,0,0,0,1,0,0,0,0,2.0,21,13,8,3,2,0,
Ben Tate,23,HOU,RB,15,2,0,0,0,0,0,0,4,0,0,0,0.0,0,0,0,,,0,
Jonathan Wilhite,27,DEN,DB,15,2,1,2,0,2,2,0,0,0,0,0,2.0,30,27,3,2,4,0,
Michael Adams,26,ARI,DB,15,1,0,0,0,0,2,1,0,0,0,0,0.0,41,36,5,3,0,0,
Jamaal Anderson,25,IND,DE,15,1,0,0,0,0,1,0,0,1,47,1,3.0,24,12,12,4,7,0,
Javier Arenas,24,KAN,DB,15,1,2,5,0,5,6,0,1,1,0,0,1.0,33,26,7,2,4,0,
Kevin Barnes,25,WAS,DB,15,1,2,30,0,30,4,0,0,0,0,0,0.0,26,23,3,2,0,0,
David Bruton,24,DEN,DB,15,1,0,0,0,0,3,0,0,0,0,0,0.0,21,19,2,2,0,0,
Brad Jones,25,GNB,LB,15,1,0,0,0,0,0,0,0,0,0,0,1.0,19,12,7,1,2,0,
Clinton McDonald,24,SEA,DT,15,1,0,0,0,0,0,0,1,1,2,0,0.0,35,21,14,1,4,0,
Robert Quinn,21,STL,DE,15,1,0,0,0,0,2,1,0,0,0,0,5.0,23,20,3,5,12,0,
Donald Strickland,31,NYJ,DB,15,1,0,0,0,0,4,0,0,0,0,0,1.0,39,34,5,1,2,0,
Stevenson Sylvester,23,PIT,LB,15,1,0,0,0,0,0,1,0,0,0,0,0.0,7,4,3,0,0,0,
Mike Tolbert,26,SDG,RB,15,1,0,0,0,0,0,0,2,0,0,0,0.0,12,10,2,0,0,0,
Patrick Turner,24,NYJ,WR,15,1,0,0,0,0,0,0,0,0,0,0,0.0,6,3,3,0,0,0,
Tracy White,30,NWE,LB,15,1,0,0,0,0,1,0,0,0,0,0,0.0,37,27,10,0,0,0,
Jimmy Wilson,25,MIA,DB,15,1,1,5,0,5,5,1,0,0,0,0,0.0,17,14,3,0,1,0,
Cortez Allen,23,PIT,DB,15,0,0,0,0,0,0,0,0,0,0,0,0.0,15,12,3,0,0,0,
Patrick Bailey,26,TEN,LB,15,0,0,0,0,0,0,0,0,0,0,0,0.0,9,6,3,0,0,0,
Lorenzo Booker,27,MIN,RB,15,0,0,0,0,0,0,0,3,0,0,0,0.0,2,2,0,0,0,0,
Tommie Campbell,24,TEN,DB,15,0,0,0,0,0,0,1,1,0,0,0,0.0,8,4,4,0,0,0,
Rock Cartwright,32,OAK,FB,15,0,0,0,0,0,0,0,0,0,0,0,0.0,12,11,1,0,0,0,
Randall Cobb,21,GNB,WR,15,0,0,0,0,0,0,0,3,0,0,0,0.0,1,1,0,0,0,0,
Tim Dobbins,29,HOU,LB,15,0,0,0,0,0,1,1,0,0,0,0,0.0,13,11,2,1,0,0,
Anthony Hargrove,28,SEA,DE,15,0,0,0,0,0,0,0,0,0,0,0,3.0,17,12,5,,,1,
M.D. Jennings,23,GNB,DB,15,0,0,0,0,0,0,0,0,0,0,0,0.0,7,5,2,0,0,0,
Dion Lewis,21,PHI,RB,15,0,0,0,0,0,0,0,1,0,0,0,0.0,1,1,0,0,0,0,
Brad Maynard,37,CLE,P,15,0,0,0,0,0,0,0,0,0,0,0,0.0,1,0,1,,,0,
Joe McKnight,23,NYJ,RB,15,0,0,0,0,0,0,1,3,1,0,0,0.0,3,3,0,0,0,0,
Haruki Nakamura,25,BAL,DB,15,0,0,0,0,0,2,0,0,0,0,0,0.0,12,10,2,0,0,0,
Spencer Paysinger,23,NYG,LB,15,0,0,0,0,0,0,0,0,1,0,0,0.0,12,11,1,0,0,0,
Cedric Peerman,25,CIN,RB,15,0,0,0,0,0,0,0,0,0,0,0,0.0,12,9,3,0,0,0,
Alfonso Smith,24,ARI,RB,15,0,0,0,0,0,0,0,0,0,0,0,0.0,3,3,0,0,0,0,
Jason Snelling,28,ATL,RB,15,0,0,0,0,0,0,0,0,1,0,0,0.0,5,2,3,0,0,0,
Maurice Stovall,26,DET,WR,15,0,0,0,0,0,0,0,0,0,0,0,0.0,8,8,0,0,0,0,
Ryan Taylor,24,GNB,TE,15,0,0,0,0,0,0,0,0,0,0,0,0.0,7,5,2,0,0,0,
Byron Westbrook,26,WAS,DB,15,0,0,0,0,0,3,1,0,0,0,0,0.0,20,16,4,1,2,0,
Keiland Williams,25,DET,RB,15,0,0,0,0,0,0,0,2,0,0,0,0.0,3,2,1,0,0,0,
Kris Wilson,30,BAL,TE,15,0,0,0,0,0,0,0,0,0,0,0,0.0,4,4,0,0,0,0,
Arrelious Benn,23,TAM,WR,14,14,0,0,0,0,0,0,0,0,0,0,0.0,1,1,0,0,0,0,
LeGarrette Blount,25,TAM,RB,14,14,0,0,0,0,0,0,5,0,0,0,0.0,0,0,0,0,0,0,
Jason Brown,28,STL,C/RG,14,14,0,0,0,0,0,0,0,1,0,0,0.0,0,0,0,0,0,0,
Andre Carter,32,NWE,RDE,14,14,0,0,0,0,1,2,0,0,0,0,10.0,52,31,21,13,23,0,"PB,AP CPoY-6"
Trent Cole,29,PHI,RDE,14,14,0,0,0,0,1,1,0,0,0,0,11.0,44,41,3,14,17,0,
Elvis Dumervil,27,DEN,LOLB,14,14,0,0,0,0,1,0,0,1,0,0,9.5,42,31,11,10,19,0,"PB,AP CPoY-5"
James Farrior,36,PIT,LILB,14,14,0,0,0,0,3,0,0,0,0,0,2.0,78,54,24,2,5,0,
Charles Godfrey,26,CAR,SS,14,14,2,30,0,21,7,1,0,0,0,0,1.0,84,66,18,0,1,0,
Dashon Goldson,27,SFO,FS,14,14,6,53,0,21,9,1,0,1,0,0,0.0,67,55,12,1,1,0,PB
A.J. Hawk,27,GNB,LILB,14,14,0,0,0,0,3,0,0,0,0,0,1.5,84,53,31,4,3,0,
Brett Keisel,33,PIT,RDE,14,14,0,0,0,0,6,2,0,1,0,0,3.0,48,33,15,5,5,0,
Travis LaBoy,30,SDG,ROLB,14,14,0,0,0,0,1,1,0,0,0,0,1.0,38,30,8,3,5,0,
Nick Mangold,27,NYJ,C,14,14,0,0,0,0,0,0,1,0,-22,0,0.0,0,0,0,0,0,0,"PB,AP-2"
Ryan Mathews,24,SDG,RB,14,14,0,0,0,0,0,0,5,1,0,0,0.0,0,0,0,0,0,0,PB
Devin McCourty,24,NWE,LCB,14,14,2,38,0,38,13,0,0,0,0,0,0.0,87,65,22,5,0,0,
Fili Moala,26,IND,LDT,14,14,0,0,0,0,0,0,0,0,0,0,2.0,22,13,9,4,3,0,
Captain Munnerlyn,23,CAR,RCB,14,14,0,0,0,0,5,2,0,1,0,0,2.0,57,42,15,3,2,0,
Terence Newman,33,DAL,LCB,14,14,4,80,1,43,8,0,0,1,7,0,0.0,53,45,8,1,0,0,
Jason Peters,29,PHI,LT,14,14,0,0,0,0,0,0,0,1,7,0,0.0,0,0,0,0,0,0,"PB,AP-1"
Ryan Pickett,32,GNB,LDE,14,14,0,0,0,0,2,0,0,0,0,0,0.0,33,25,8,2,0,0,
Asante Samuel,30,PHI,LCB,14,14,3,53,1,20,10,1,0,1,0,0,0.0,34,30,4,0,0,0,
Andre Smith,24,CIN,RT,14,14,0,0,0,0,0,0,0,1,0,0,0.0,0,0,0,0,0,0,
Will Smith,30,NOR,LOLB,14,14,0,0,0,0,2,2,0,0,0,0,6.5,35,22,13,9,10,0,
Ndamukong Suh,24,DET,LDT,14,14,0,0,0,0,1,0,0,0,0,0,4.0,36,26,10,6,9,0,
Beanie Wells,23,ARI,RB,14,14,0,0,0,0,0,0,4,1,0,0,0.0,3,3,0,,,0,
Kevin Williams,31,MIN,RDT,14,14,0,0,0,0,2,1,0,0,0,0,5.0,38,25,13,9,9,0,
Michael Boley,29,NYG,MLB,14,13,0,0,0,0,3,1,0,3,78,1,1.0,93,74,19,4,2,0,
Robert Geathers,28,CIN,LDE,14,13,0,0,0,0,1,0,0,0,0,0,2.5,29,10,19,3,5,0,
Jermaine Gresham,23,CIN,TE,14,13,0,0,0,0,0,0,1,0,0,0,0.0,1,1,0,0,0,0,PB
Chris Houston,27,DET,LCB,14,13,5,225,2,100,14,0,0,0,0,0,0.0,54,44,10,2,0,0,
Jason Jones,25,TEN,RDE,14,13,0,0,0,0,5,1,0,0,0,0,3.0,27,18,9,4,7,0,
Jerod Mayo,25,NWE,MLB,14,13,2,4,0,2,4,1,0,0,0,0,1.0,95,58,37,4,6,0,
Jayme Mitchell,27,CLE,RDE,14,13,0,0,0,0,2,1,0,1,2,0,1.5,34,26,8,9,6,0,
Quincy Black,27,TAM,LLB,14,12,1,0,0,0,1,1,0,0,0,0,0.0,59,48,11,6,0,0,
Brian Dawkins,38,DEN,SS,14,12,0,0,0,0,6,1,0,0,0,0,3.0,51,38,13,5,4,0,PB
Aaron Hernandez,22,NWE,TE,14,12,0,0,0,0,0,0,1,0,0,0,0.0,0,0,0,,,0,
Johnny Knox,25,CHI,WR,14,11,0,0,0,0,0,0,1,0,0,0,0.0,0,0,0,0,0,0,
Tracy Porter,25,NOR,RCB,14,11,1,-7,0,-7,9,2,0,1,0,0,0.0,52,42,10,2,1,0,
Tim Tebow,24,DEN,QB,14,11,0,0,0,0,0,0,13,3,-4,0,0.0,0,0,0,,,0,
Michael Bennett,26,TAM,LDE,14,10,0,0,0,0,0,1,0,2,0,0,4.0,39,35,4,12,8,0,
Shaun Ellis,34,NWE,LDE,14,10,0,0,0,0,0,0,0,0,0,0,1.0,14,7,7,3,3,0,
Scott Chandler,26,BUF,TE,14,9,0,0,0,0,0,0,1,1,0,0,0.0,3,3,0,0,0,0,
Chris Conte,22,CHI,FS,14,9,1,0,0,0,2,0,0,0,0,0,0.0,30,23,7,1,0,0,
Josh Gordy,24,STL,RCB,14,9,3,37,0,30,5,0,0,1,0,0,0.0,43,33,10,1,1,0,
Luke Stocker,23,TAM,FB,14,9,0,0,0,0,0,0,0,0,0,0,0.0,1,1,0,,,0,
Dave Ball,30,TEN,LDE,14,8,0,0,0,0,2,2,0,1,0,0,4.0,36,25,11,7,9,0,
James Casey,27,HOU,FB,14,7,0,0,0,0,0,0,0,0,0,0,0.0,3,3,0,0,0,0,
Marques Colston,28,NOR,WR,14,7,0,0,0,0,0,0,1,0,0,0,0.0,1,1,0,0,0,0,
Brandon Jacobs,29,NYG,RB,14,6,0,0,0,0,0,0,3,2,0,0,0.0,0,0,0,0,0,0,
Brodney Pool,27,NYJ,FS,14,6,1,0,0,0,3,0,0,1,33,0,0.5,36,27,9,0,2,0,
Jarett Dillard,26,JAX,WR,14,5,0,0,0,0,0,0,1,1,-8,0,0.0,0,0,0,0,0,0,
Dominique Franks,24,ATL,DB,14,4,2,0,0,0,5,0,1,0,0,0,0.0,15,10,5,0,2,0,
Marcus Gilchrist,23,SDG,DB,14,4,2,22,0,21,4,0,0,1,40,0,0.0,34,27,7,0,0,0,
Owen Marecic,23,CLE,RB,14,4,0,0,0,0,0,0,1,1,0,0,0.0,3,2,1,0,0,0,
Jordan Norwood,25,CLE,WR,14,4,0,0,0,0,0,0,1,1,0,0,0.0,0,0,0,0,0,0,
Michael Robinson,28,SEA,FB,14,4,0,0,0,0,0,1,1,0,0,0,0.0,10,5,5,0,0,0,PB
Kevin Rutland,23,JAX,DB,14,4,1,37,0,25,1,0,0,0,0,0,0.0,21,18,3,0,0,0,
Alex Smith,29,CLE,TE,14,4,0,0,0,0,0,0,0,1,0,0,0.0,1,1,0,0,0,0,
DeMarcus Van Dyke,22,OAK,DB,14,4,1,2,0,2,4,0,0,1,0,0,0.0,13,12,1,1,0,0,
Tom Zbikowski,26,BAL,DB,14,4,0,0,0,0,0,0,0,0,0,0,1.0,23,21,2,1,1,0,
Ted Ginn Jr.,26,SFO,WR,14,3,0,0,0,0,0,0,0,1,0,0,0.0,0,0,0,0,0,0,
Troy Nolan,25,HOU,DB,14,3,0,0,0,0,4,0,0,0,0,0,0.5,35,28,7,0,1,0,
Dante Rosario,27,DEN,TE,14,3,0,0,0,0,0,0,0,0,0,0,0.0,9,9,0,0,0,0,
Anthony Armstrong,28,WAS,WR,14,2,0,0,0,0,0,0,0,0,0,0,0.0,4,3,1,0,0,0,
Chris Owens,25,ATL,DB,14,2,0,0,0,0,3,0,0,0,0,0,1.0,35,28,7,2,1,0,
Dekoda Watson,23,TAM,LB,14,2,0,0,0,0,2,1,0,1,7,1,1.0,23,21,2,2,3,0,
Jason Williams,25,CAR,LB,14,2,0,0,0,0,0,1,0,0,0,0,0.0,25,17,8,0,0,0,
Jerome Boyd,25,OAK,DB,14,1,0,0,0,0,3,0,0,0,0,0,0.0,26,21,5,0,0,0,
Patrick Crayton,32,SDG,WR,14,1,0,0,0,0,0,0,2,1,0,0,0.0,0,0,0,0,0,0,
Richard Gordon,24,OAK,TE,14,1,0,0,0,0,0,0,0,0,0,0,0.0,7,7,0,0,0,0,
Arthur Jones,25,BAL,DE,14,1,0,0,0,0,0,0,0,0,0,0,0.0,20,14,6,0,2,0,
Bryan Kehl,27,STL,LB,14,1,0,0,0,0,0,0,0,0,0,0,0.0,15,14,1,2,0,0,
Jeremy Kerley,23,NYJ,WR,14,1,0,0,0,0,0,0,3,1,0,0,0.0,0,0,0,0,0,0,
Trevor Laws,26,PHI,DT,14,1,0,0,0,0,1,0,0,0,0,0,1.0,20,15,5,3,3,0,
Steve McLendon,25,PIT,DT,14,1,0,0,0,0,0,0,0,0,0,0,1.0,13,9,4,1,2,0,
Jarvis Moss,27,OAK,DE,14,1,0,0,0,0,1,0,0,0,0,0,1.5,16,11,5,2,6,0,
Kevin Ogletree,24,DAL,WR,14,1,0,0,0,0,0,0,1,0,0,0,0.0,0,0,0,0,0,0,
Dimitri Patterson,28,CLE,DB,14,1,0,0,0,0,12,0,0,0,0,0,0.0,28,25,3,1,0,0,
LaRod Stephens-Howling,24,ARI,RB,14,1,0,0,0,0,0,0,0,0,0,0,0.0,4,4,0,0,0,0,
Lawrence Vickers,28,HOU,FB,14,1,0,0,0,0,0,0,0,0,0,0,0.0,2,2,0,0,0,0,
Jalil Brown,24,KAN,DB,14,0,0,0,0,0,0,0,1,1,0,0,0.0,8,7,1,0,0,0,
Dan Carpenter,26,MIA,K,14,0,0,0,0,0,0,0,0,0,0,0,0.0,4,4,0,0,0,0,
Keenan Clayton,24,PHI,LB,14,0,0,0,0,0,2,0,0,0,0,0,0.0,31,24,7,1,0,0,
Chris Clemons,26,MIA,DB,14,0,0,0,0,0,0,0,0,0,0,0,0.0,13,11,2,1,0,0,
Marquice Cole,28,NYJ,DB,14,0,0,0,0,0,0,0,0,1,0,0,0.0,11,7,4,0,1,0,
Derrick Martin,26,NYG,DB,14,0,0,0,0,0,0,0,0,0,0,0,0.0,12,8,4,0,0,0,
Ruvell Martin,29,BUF,WR,14,0,0,0,0,0,0,1,0,0,0,0,0.0,11,9,2,0,0,0,
Mat McBriar,32,DAL,P,14,0,0,0,0,0,0,0,0,0,0,0,0.0,1,1,0,0,0,0,
Danny McCray,23,DAL,DB,14,0,0,0,0,0,0,1,0,0,0,0,1.0,18,15,3,1,1,0,
Arthur Moats,23,BUF,LB,14,0,0,0,0,0,0,1,0,1,0,0,2.5,29,15,14,1,7,0,
Kirk Morrison,29,BUF,LB,14,0,0,0,0,0,1,0,0,0,0,0,1.0,7,6,1,1,1,0,
Ropati Pitoitua,26,NYJ,DE,14,0,0,0,0,0,0,0,0,0,0,0,1.0,19,11,8,3,1,0,
Darrell Stuckey,24,SDG,DB,14,0,0,0,0,0,0,0,0,0,0,0,0.0,12,9,3,0,0,0,
Mitch Unrein,24,DEN,DE,14,0,0,0,0,0,0,0,0,0,0,0,0.0,8,6,2,0,0,0,
Raymond Ventrone,29,CLE,DB,14,0,0,0,0,0,0,0,0,0,0,0,0.0,3,3,0,0,0,0,
Frank Walker,31,DAL,DB,14,0,1,5,0,5,3,0,0,0,0,0,0.0,25,17,8,1,1,0,
Willie Young,26,DET,DE,14,0,0,0,0,0,1,1,0,0,0,0,3.0,14,9,5,3,5,0,
Jonathan Babineaux,30,ATL,LDT,13,13,0,0,0,0,2,0,0,0,0,0,1.0,21,12,9,5,8,0,
Champ Bailey,33,DEN,LCB,13,13,2,0,0,0,10,1,0,0,0,0,0.0,39,35,4,1,0,0,PB
Desmond Bishop,27,GNB,RILB,13,13,0,0,0,0,1,2,0,0,0,0,5.0,115,90,25,10,8,0,
Arian Foster,25,HOU,RB,13,13,0,0,0,0,0,0,5,2,0,0,0.0,0,0,0,0,0,0,"PB,AP-2"
Rex Grossman,31,WAS,QB,13,13,0,0,0,0,0,0,8,2,-9,0,0.0,0,0,0,0,0,0,
Julio Jones,22,ATL,WR,13,13,0,0,0,0,0,0,1,0,0,0,0.0,0,0,0,0,0,0,
Terrance Knighton,25,JAX,RDT,13,13,0,0,0,0,0,0,0,0,7,0,0.0,29,17,12,4,2,0,
Jim Leonhard,29,NYJ,SS,13,13,1,0,0,0,6,1,0,1,3,0,0.0,48,38,10,1,2,0,
Jeremy Maclin,23,PHI,WR,13,13,0,0,0,0,0,0,1,0,0,0,0.0,0,0,0,0,0,0,
Danieal Manning,29,HOU,FS,13,13,2,22,0,22,5,0,1,0,0,0,0.0,59,44,15,0,1,0,
Rey Maualuga,24,CIN,MLB,13,13,1,2,0,2,2,3,0,1,0,0,0.0,88,53,35,3,0,0,
Colt McCoy,25,CLE,QB,13,13,0,0,0,0,0,0,11,5,-9,0,0.0,0,0,0,0,0,0,
Aqib Talib,25,TAM,LCB,13,13,2,55,2,28,11,1,0,0,0,0,0.0,34,31,3,2,0,0,
Michael Vick,31,PHI,QB,13,13,0,0,0,0,0,0,10,4,-2,0,0.0,0,0,0,0,0,0,
D.J. Williams,29,DEN,ROLB,13,13,0,0,0,0,2,2,0,1,0,0,5.0,90,70,20,8,6,0,
Patrick Willis,26,SFO,RILB,13,13,1,10,0,10,12,4,0,2,0,0,2.0,97,74,23,7,4,0,"PB,AP-1,AP DPoY-5"
George Wilson,30,BUF,SS,13,13,4,26,0,12,6,2,0,1,0,0,0.0,106,78,28,2,1,0,
Justin Durant,26,DET,LLB,13,12,0,0,0,0,1,1,0,0,0,0,1.0,68,53,15,7,2,0,
Casey Hampton,34,PIT,NT,13,12,0,0,0,0,0,0,0,0,0,0,0.0,31,17,14,3,0,0,
Matt Moore,27,MIA,QB,13,12,0,0,0,0,0,0,14,3,-24,0,0.0,0,0,0,0,0,0,
Brandon Keith,27,ARI,RT,13,11,0,0,0,0,0,0,0,1,0,0,0.0,0,0,0,0,0,0,
Dwight Lowery,25,JAX,SS,13,11,2,26,0,30,8,0,0,1,23,0,1.0,36,28,8,3,1,0,
Philip Wheeler,27,IND,LLB,13,11,0,0,0,0,0,0,0,0,0,0,1.0,85,48,37,3,1,0,
Jason Hatcher,29,DAL,RDE,13,10,1,16,0,16,2,1,0,0,0,0,4.5,28,20,8,5,10,0,
Denarius Moore,23,OAK,WR,13,10,0,0,0,0,0,0,1,0,0,0,0.0,0,0,0,0,0,0,
O.J. Atogwe,30,WAS,FS,13,8,3,42,0,26,6,0,0,0,0,0,0.5,60,35,25,1,1,0,
Darrel Young,24,WAS,FB,13,8,0,0,0,0,0,0,0,0,0,0,0.0,2,1,1,0,0,0,
Colin McCarthy,22,TEN,MLB,13,7,1,0,0,0,3,2,0,2,0,0,0.0,68,54,14,5,2,0,
DeMarco Murray,23,DAL,RB,13,7,0,0,0,0,0,0,1,2,0,0,0.0,0,0,0,0,0,0,
Orlando Scandrick,24,DAL,RCB,13,7,1,0,0,0,5,0,0,0,0,0,2.0,49,42,7,4,4,0,
Darius Butler,25,CAR,DB,13,6,0,0,0,0,7,0,0,0,0,0,0.0,32,27,5,0,0,0,
Gary Guyton,26,NWE,MLB,13,6,1,17,0,17,1,0,0,0,0,0,0.0,47,26,21,2,0,0,
Albert Haynesworth,30,2TM,DT,13,6,0,0,0,0,2,0,0,0,0,0,0.0,23,20,3,2,5,0,
Albert Haynesworth,30,NWE,DT,6,0,0,0,0,0,0,0,0,0,0,0,0.0,3,2,1,0,3,0,
Albert Haynesworth,30,TAM,RDT,7,6,0,0,0,0,2,0,0,0,0,0,0.0,20,18,2,2,2,0,
Jonathan Casillas,24,NOR,LB,13,5,0,0,0,0,2,0,0,0,0,0,3.0,43,30,13,3,9,0,
Mike Mitchell,24,OAK,DB,13,4,1,0,0,0,5,0,0,0,0,0,1.0,31,22,9,1,1,0,
Chris Ogbonnaya,25,2TM,RB,13,4,0,0,0,0,0,0,2,0,0,0,0.0,2,2,0,0,0,0,
Chris Ogbonnaya,25,HOU,RB,2,0,0,0,0,0,0,0,0,0,0,0,0.0,1,1,0,0,0,0,
Chris Ogbonnaya,25,CLE,RB,11,4,0,0,0,0,0,0,2,0,0,0,0.0,1,1,0,0,0,0,
Ernie Sims,27,IND,LB,13,4,0,0,0,0,1,0,0,0,0,0,0.0,61,32,29,1,0,0,
Kahlil Bell,25,CHI,RB,13,3,0,0,0,0,0,0,3,0,0,0,0.0,2,2,0,0,0,0,
John Henderson,32,OAK,DT,13,3,0,0,0,0,4,0,0,0,0,0,0.0,36,25,11,0,1,0,
Ramon Humber,24,NOR,LB,13,3,0,0,0,0,1,0,0,0,0,0,1.0,22,16,6,2,2,0,
Garrett McIntyre,27,NYJ,LB,13,3,0,0,0,0,0,2,1,0,0,0,0.0,18,10,8,0,0,0,
Dominique Rodgers-Cromartie,25,PHI,DB,13,3,0,0,0,0,6,0,0,0,0,0,1.0,28,26,2,2,1,0,
Andre Caldwell,26,CIN,WR,13,2,0,0,0,0,0,0,0,0,0,0,0.0,1,1,0,0,0,0,
Demar Dotson,26,TAM,T,13,2,0,0,0,0,0,0,0,0,0,0,0.0,1,0,1,,,0,
Niles Paul,22,WAS,WR,13,2,0,0,0,0,0,0,0,0,0,0,0.0,4,2,2,0,0,0,
James Starks,25,GNB,RB,13,2,0,0,0,0,0,0,2,1,0,0,0.0,0,0,0,0,0,0,
Daniel Thomas,24,MIA,RB,13,2,0,0,0,0,0,0,2,0,0,0,0.0,0,0,0,0,0,0,
Barry Church,23,DAL,DB,13,1,0,0,0,0,0,0,0,0,0,0,0.0,28,21,7,2,1,0,
Tommie Harris,28,SDG,DT,13,1,0,0,0,0,0,1,0,0,0,0,3.0,12,12,0,5,3,0,
Brandon Hughes,25,PHI,DB,13,1,0,0,0,0,0,0,0,0,0,0,0.0,16,13,3,0,0,0,
Kelly Jennings,29,CIN,DB,13,1,0,0,0,0,5,0,0,0,0,0,1.0,33,26,7,1,1,0,
Bryant McFadden,30,PIT,DB,13,1,0,0,0,0,1,1,0,0,0,0,0.0,10,7,3,0,0,0,
D.J. Moore,24,CHI,DB,13,1,4,31,1,20,8,0,0,0,0,0,0.0,44,31,13,0,3,0,
Paul Oliver,27,SDG,DB,13,1,1,7,0,7,4,0,0,0,0,0,0.0,19,16,3,0,0,0,
Chris Prosinski,24,JAX,DB,13,1,0,0,0,0,0,0,0,1,0,0,0.0,19,16,3,0,0,0,
Justin Rogers,23,BUF,DB,13,1,1,15,0,15,4,0,0,0,0,0,0.0,16,14,2,0,0,0,
Malcolm Sheppard,23,TEN,DT,13,1,0,0,0,0,0,0,0,0,0,0,0.0,8,7,1,0,0,0,
Martez Wilson,23,NOR,LB,13,1,0,0,0,0,0,1,0,0,0,0,1.0,10,7,3,1,4,0,
Terrence Austin,23,WAS,WR,13,0,0,0,0,0,0,0,1,0,0,0,0.0,3,2,1,0,0,0,
Travis Beckum,24,NYG,TE,13,0,0,0,0,0,0,0,0,0,0,0,0.0,1,0,1,0,0,0,
Brock Bolen,26,JAX,RB,13,0,0,0,0,0,0,0,0,0,0,0,0.0,5,4,1,0,0,0,
Greg Camarillo,29,MIN,WR,13,0,0,0,0,0,0,0,0,0,0,0,0.0,2,2,0,0,0,0,
Emanuel Cook,23,2TM,DB,13,0,0,0,0,0,0,0,0,0,0,0,0.0,5,5,0,0,0,0,
Emanuel Cook,23,NYJ,DB,8,0,,,,,0,0,0,0,0,0,,3,3,0,0,0,,
Emanuel Cook,23,BAL,DB,5,0,0,0,0,0,0,0,0,0,0,0,0.0,2,2,0,0,0,0,
Na'il Diggs,33,SDG,LB,13,0,0,0,0,0,1,0,0,0,0,0,0.0,41,34,7,1,0,0,
Julian Edelman,25,NWE,WR,13,0,0,0,0,0,0,1,3,2,0,0,0.0,18,13,5,0,2,0,
Andre Fluellen,26,DET,DT,13,0,0,0,0,0,0,1,0,0,0,0,0.0,11,8,3,1,2,0,
Keyaron Fox,29,WAS,LB,13,0,0,0,0,0,0,0,0,0,0,0,0.0,14,10,4,2,0,0,
Korey Hall,28,NOR,FB,13,0,0,0,0,0,0,0,0,0,0,0,0.0,5,4,1,0,0,0,
Jamie Harper,22,TEN,RB,13,0,0,0,0,0,0,0,1,1,0,0,0.0,0,0,0,0,0,0,
Andrew Hawkins,25,CIN,WR,13,0,0,0,0,0,0,0,0,1,0,0,0.0,4,2,2,0,0,0,
Doug Hogue,22,DET,LB,13,0,0,0,0,0,0,0,0,0,0,0,0.0,6,4,2,0,0,0,
Tom Johnson,27,NOR,DT,13,0,0,0,0,0,0,1,0,0,0,0,1.0,15,11,4,3,5,0,
Colin Jones,24,SFO,DB,13,0,0,0,0,0,0,0,0,1,0,0,0.0,6,6,0,0,0,0,
Brian Leonard,27,CIN,RB,13,0,0,0,0,0,0,0,0,0,0,0,0.0,7,6,1,0,0,0,
Aaron Maybin,23,NYJ,DE,13,0,0,0,0,0,0,4,0,0,0,0,6.0,11,10,1,3,8,0,
Brandon McDonald,26,DET,DB,13,0,0,0,0,0,2,0,1,0,0,0,0.0,19,13,6,0,1,0,
Eric Norwood,23,CAR,LB,13,0,0,0,0,0,0,0,0,0,0,0,0.0,11,6,5,0,1,0,
Montell Owens,27,JAX,RB,13,0,0,0,0,0,0,2,0,0,0,0,0.0,8,7,1,0,0,0,PB
Darell Scott,25,STL,DT,13,0,0,0,0,0,0,0,0,0,0,0,0.0,18,12,6,1,0,0,
Anthony Smith,28,TEN,DB,13,0,0,0,0,0,2,0,0,0,0,0,0.0,11,11,0,0,1,0,
Quinton Spears,23,CLE,LB,13,0,0,0,0,0,0,0,0,0,0,0,0.0,8,8,0,0,0,0,
Leigh Torrence,29,NOR,DB,13,0,1,42,1,42,3,0,0,0,0,0,1.0,20,17,3,1,1,0,
Isaiah Trufant,29,NYJ,DB,13,0,0,0,0,0,0,0,0,0,0,0,0.0,8,6,2,0,0,0,
D.J. Williams,23,GNB,TE,13,0,0,0,0,0,0,0,0,0,0,0,0.0,2,2,0,0,0,0,
Bryan Bulaga,22,GNB,RT,12,12,0,0,0,0,0,0,0,1,0,0,0.0,0,0,0,0,0,0,
Fred Davis,25,WAS,TE,12,12,0,0,0,0,0,0,1,0,0,0,0.0,0,0,0,0,0,0,
Vontae Davis,23,MIA,RCB,12,12,4,60,0,28,9,0,0,0,0,0,1.0,43,39,4,2,2,0,
Matt Forte,26,CHI,RB,12,12,0,0,0,0,0,0,2,0,0,0,0.0,0,0,0,0,0,0,PB
Brent Grimes,28,ATL,LCB,12,12,1,29,0,29,14,1,0,0,0,0,0.0,49,37,12,0,0,0,
Anthony Herrera,31,MIN,RG,12,12,0,0,0,0,0,0,0,1,0,0,0.0,0,0,0,,,0,
Mike Jenkins,26,DAL,RCB,12,12,1,3,0,3,8,0,0,0,0,0,0.0,24,22,2,0,0,0,
Chris Kelsay,32,BUF,LOLB,12,12,0,0,0,0,2,2,0,0,0,0,5.0,41,25,16,3,7,0,
Justin King,24,STL,LCB,12,12,1,51,0,51,5,1,0,0,0,0,1.0,58,47,11,4,3,0,
Ray Lewis,36,BAL,RILB,12,12,1,4,0,4,7,2,0,0,0,0,2.0,95,72,23,3,4,0,PB
Terrell McClain,23,CAR,LDT,12,12,0,0,0,0,0,0,0,1,0,0,1.0,19,13,6,2,2,0,
Adrian Peterson,26,MIN,RB,12,12,0,0,0,0,0,0,1,3,0,0,0.0,0,0,0,0,0,0,
Shaun Phillips,30,SDG,LOLB,12,12,2,0,0,0,5,0,0,0,0,0,3.5,42,30,12,8,7,0,
Jerraud Powers,24,IND,RCB,12,12,2,19,1,13,6,0,0,0,0,0,0.0,51,33,18,4,0,0,
Matt Toeaina,27,CHI,RDT,12,12,0,0,0,0,0,0,0,0,0,0,0.0,16,11,5,0,3,0,
Joseph Addai,28,IND,RB,12,11,0,0,0,0,0,0,1,1,0,0,0.0,0,0,0,0,0,0,
Mike DeVito,27,NYJ,RDE,12,11,0,0,0,0,0,2,0,0,0,0,1.0,34,27,7,1,0,0,
Michael Huff,28,OAK,FS,12,11,2,24,0,24,4,0,0,0,0,0,0.0,38,32,6,2,0,0,
William Moore,26,ATL,SS,12,11,2,56,0,29,9,2,0,0,0,0,0.5,54,40,14,1,3,0,
Marcus Thomas,26,DEN,RDE,12,11,0,0,0,0,1,0,0,0,0,0,0.0,43,29,14,5,1,0,
Justin Tuck,28,NYG,LDE,12,11,0,0,0,0,3,1,0,0,0,0,5.0,37,27,10,6,11,0,
Major Wright,23,CHI,SS,12,11,3,60,1,36,7,0,0,0,0,0,0.0,58,42,16,2,1,0,
Asher Allen,23,MIN,LCB,12,9,1,3,0,3,3,0,0,0,0,0,0.0,49,45,4,0,0,0,
Ahmad Bradshaw,25,NYG,RB,12,9,0,0,0,0,0,0,1,0,0,0,0.0,0,0,0,0,0,0,
Koa Misi,24,MIA,LOLB,12,9,0,0,0,0,1,0,0,0,0,0,1.0,34,26,8,4,1,0,
Felix Jones,24,DAL,RB,12,8,0,0,0,0,0,0,5,1,0,0,0.0,1,1,0,0,0,0,
Ahmard Hall,32,TEN,FB,12,7,0,0,0,0,0,0,1,0,0,0,0.0,2,2,0,0,0,0,
Jason Worilds,23,PIT,LOLB,12,7,0,0,0,0,0,1,0,0,0,0,3.0,38,27,11,3,9,0,
Sam Baker,26,ATL,LT,12,6,0,0,0,0,0,0,0,0,0,0,0.0,1,1,0,0,0,0,
Marcel Reece,26,OAK,FB,12,6,0,0,0,0,0,0,1,1,0,0,0.0,0,0,0,0,0,0,
Andre Neblett,23,CAR,DT,12,4,0,0,0,0,0,0,0,2,0,0,2.5,23,15,8,5,3,0,
Austin Pettis,23,STL,WR,12,3,0,0,0,0,0,0,2,0,0,0,0.0,0,0,0,0,0,0,
Jimmy Smith,23,BAL,DB,12,3,2,48,0,32,8,0,1,0,0,0,0.0,20,20,0,0,0,0,
Donald Washington,25,KAN,DB,12,3,0,0,0,0,2,1,0,0,0,0,0.0,25,20,5,0,2,0,
Jacques Cesaire,31,SDG,DE,12,2,0,0,0,0,0,0,0,0,0,0,0.0,15,10,5,2,0,0,
Rob Housler,23,ARI,TE,12,2,0,0,0,0,0,0,1,0,0,0,0.0,2,0,2,0,0,0,
Jaiquawn Jarrett,22,PHI,DB,12,2,0,0,0,0,0,0,0,0,0,0,0.0,17,15,2,0,0,0,
Kassim Osgood,31,JAX,WR,12,2,0,0,0,0,0,0,0,0,0,0,0.0,9,8,1,0,0,0,
Darryl Tapp,27,PHI,DE,12,2,0,0,0,0,2,1,0,0,0,0,2.5,27,19,8,7,8,0,
Antwan Applewhite,25,CAR,LB,12,1,0,0,0,0,1,1,0,0,0,0,2.0,25,19,6,1,5,1,
Tashard Choice,27,2TM,RB,12,1,0,0,0,0,0,0,3,1,-1,0,0.0,0,0,0,0,0,0,
Tashard Choice,27,DAL,RB,6,1,0,0,0,0,0,0,2,0,0,0,0.0,0,0,0,,,0,
Tashard Choice,27,BUF,RB,6,0,0,0,0,0,0,0,1,1,-1,0,0.0,0,0,0,0,0,0,
Ryan D'Imperio,24,MIN,LB,12,1,0,0,0,0,0,0,0,2,0,0,0.0,8,7,1,0,0,0,
Carlos Dunlap,22,CIN,DE,12,1,0,0,0,0,3,0,0,1,35,1,4.5,23,11,12,4,18,0,
Jerry Hughes,23,IND,DE,12,1,0,0,0,0,0,0,0,0,0,0,1.0,15,6,9,0,1,0,
Tony McDaniel,26,MIA,DT,12,1,0,0,0,0,2,0,0,0,0,0,2.5,19,13,6,1,5,0,
Brit Miller,25,STL,LB,12,1,0,0,0,0,0,0,0,0,0,0,0.0,7,7,0,0,0,0,
Jordan Pugh,23,CAR,DB,12,1,0,0,0,0,0,1,0,0,0,0,0.0,18,17,1,2,0,0,
Chester Taylor,32,ARI,RB,12,1,0,0,0,0,0,0,0,1,0,0,0.0,0,0,0,0,0,0,
Chastin West,24,JAX,WR,12,1,0,0,0,0,0,0,0,0,0,0,0.0,1,1,0,0,0,0,
Colt Anderson,26,PHI,DB,12,0,0,0,0,0,0,0,0,0,0,0,0.0,11,10,1,0,0,0,
David Ausberry,24,OAK,WR,12,0,0,0,0,0,0,0,0,1,0,0,0.0,9,9,0,0,0,0,
Curtis Brown,23,PIT,DB,12,0,0,0,0,0,0,1,0,0,0,0,0.0,14,11,3,0,0,0,
Nate Collins,24,JAX,DT,12,0,0,0,0,0,1,0,0,1,0,1,0.5,10,0,10,0,2,0,
Sean Considine,29,2TM,DB,12,0,0,0,0,0,0,0,0,1,0,0,0.0,9,5,4,0,0,0,
Sean Considine,29,CAR,DB,4,0,0,0,0,0,0,0,0,1,0,0,0.0,0,0,0,0,0,0,
Sean Considine,29,ARI,DB,8,0,0,0,0,0,0,0,0,0,0,0,0.0,9,5,4,0,0,0,
Kennard Cox,26,SEA,DB,12,0,0,0,0,0,0,0,0,0,0,0,0.5,9,6,3,1,3,0,
Demarcus Dobbs,24,SFO,DE,12,0,0,0,0,0,0,0,0,0,0,0,0.0,2,2,0,1,0,0,
James Dockery,23,CLE,DB,12,0,0,0,0,0,0,0,0,0,0,0,0.0,5,2,3,0,0,0,
Brett Hartmann,24,HOU,P,12,0,0,0,0,0,0,0,0,0,0,0,0.0,4,4,0,0,0,0,
Sam Hurd,26,CHI,WR,12,0,0,0,0,0,0,0,1,1,2,0,0.0,4,4,0,0,0,0,
Deji Karim,25,JAX,RB,12,0,0,0,0,0,0,0,1,0,0,0,0.0,0,0,0,0,0,0,
Derek Landri,28,PHI,DT,12,0,0,0,0,0,1,0,0,1,5,0,2.0,21,17,4,8,5,0,
Ricardo Mathews,24,IND,DT,12,0,0,0,0,0,2,0,0,0,0,0,1.0,19,11,8,4,4,0,
Brandon McKinney,28,BAL,DT,12,0,0,0,0,0,0,1,0,0,0,0,0.0,14,8,6,0,0,0,
Gerald McRath,25,TEN,LB,12,0,0,0,0,0,1,0,0,0,0,0,0.0,15,11,4,0,0,0,
Mewelde Moore,29,PIT,RB,12,0,0,0,0,0,0,0,2,0,0,0,0.0,1,1,0,0,0,0,
Juqua Parker,33,PHI,DE,12,0,0,0,0,0,5,0,0,2,103,2,1.5,10,9,1,2,6,0,
Kealoha Pilares,23,CAR,WR,12,0,0,0,0,0,0,0,1,1,0,0,0.0,5,4,1,0,0,0,
Quinn Porter,25,STL,RB,12,0,0,0,0,0,0,0,1,1,0,0,0.0,5,4,1,0,0,0,
Javon Ringer,24,TEN,RB,12,0,0,0,0,0,0,0,1,1,0,0,0.0,0,0,0,0,0,0,
DeMarco Sampson,26,ARI,WR,12,0,0,0,0,0,0,0,0,0,0,0,0.0,1,1,0,0,0,0,
Mike Sellers,36,WAS,FB,12,0,0,0,0,0,0,0,0,0,0,0,0.0,5,3,2,0,0,0,
Antone Smith,26,ATL,RB,12,0,0,0,0,0,0,0,0,0,0,0,0.0,7,7,0,0,0,0,
Malcolm Smith,22,SEA,LB,12,0,0,0,0,0,0,1,0,0,0,0,1.0,16,10,6,1,2,0,
Micheal Spurlock,28,TAM,WR,12,0,0,0,0,0,0,0,0,0,0,0,0.0,2,2,0,0,0,0,
R.J. Stanford,23,CAR,DB,12,0,1,53,0,53,1,0,0,0,0,0,0.0,13,9,4,0,0,0,
Winston Venable,24,CHI,DB,12,0,0,0,0,0,0,0,0,0,0,0,0.0,8,5,3,0,0,0,
Gerard Warren,33,NWE,DT,12,0,0,0,0,0,0,0,0,1,0,0,1.0,12,8,4,2,4,0,
Johnny White,23,BUF,RB,12,0,0,0,0,0,0,0,0,0,0,0,0.0,5,5,0,0,0,0,
Demorrio Williams,31,KAN,LB,12,0,0,0,0,0,0,0,0,0,0,0,0.0,18,14,4,2,0,0,
LaQuan Williams,23,BAL,WR,12,0,0,0,0,0,0,1,2,1,0,0,0.0,4,3,1,0,0,0,
Louis Delmas,24,DET,FS,11,11,0,0,0,0,5,0,0,1,0,0,0.0,51,36,15,2,2,0,
Sione Fua,23,CAR,RDT,11,11,0,0,0,0,0,0,0,0,0,0,0.0,9,4,5,0,0,0,
James Harrison,33,PIT,ROLB,11,11,0,0,0,0,0,2,0,0,0,0,9.0,59,48,11,13,16,0,PB
Jonathan Vilma,29,NOR,RILB,11,11,0,0,0,0,2,1,0,3,0,1,0.0,54,36,18,1,1,0,
Dallas Clark,32,IND,TE,11,10,0,0,0,0,0,0,1,0,0,0,0.0,0,0,0,0,0,0,
Christian Ponder,23,MIN,QB,11,10,0,0,0,0,0,0,6,0,-9,0,0.0,0,0,0,0,0,0,
Joe Reitz,26,IND,LG,11,9,0,0,0,0,0,0,0,1,0,0,0.0,0,0,0,0,0,0,
Moise Fokou,26,PHI,RLB,11,7,0,0,0,0,2,0,0,0,0,0,0.0,22,14,8,2,1,0,
Michael Jenkins,29,MIN,WR,11,7,0,0,0,0,0,0,2,0,0,0,0.0,0,0,0,0,0,0,
William Middleton,25,JAX,RCB,11,6,1,11,0,11,3,0,0,0,0,0,0.0,38,32,6,1,0,0,
Chris Harris,29,2TM,DB,11,8,1,19,0,19,3,2,0,0,0,0,0.0,29,24,5,1,0,0,
Chris Harris,29,CHI,DB,3,3,0,0,0,0,1,1,0,0,0,0,0.0,8,6,2,0,0,0,
Chris Harris,29,DET,FS,8,5,1,19,0,19,2,1,0,0,0,0,0.0,21,18,3,1,0,0,
Jarrad Page,27,2TM,DB,11,5,0,0,0,0,2,0,0,0,0,0,0.0,38,28,10,0,0,0,
Jarrad Page,27,PHI,SS,6,5,0,0,0,0,2,0,0,0,0,0,0.0,37,28,9,0,0,0,
Jarrad Page,27,MIN,DB,5,0,0,0,0,0,0,0,0,0,0,0,0.0,1,0,1,0,0,0,
Anthony Adams,31,CHI,DT,11,4,0,0,0,0,0,0,0,0,0,0,0.0,16,13,3,2,1,0,
Earl Bennett,24,CHI,WR,11,4,0,0,0,0,0,0,1,0,0,0,0.0,0,0,0,0,0,0,
Brandon Meriweather,27,CHI,DB,11,4,0,0,0,0,2,0,0,0,0,0,0.0,32,19,13,0,0,0,
Aaron Berry,23,DET,DB,11,3,0,0,0,0,11,0,0,0,0,0,0.0,31,26,5,0,0,0,
Tyrell Johnson,26,MIN,DB,11,3,0,0,0,0,1,0,0,0,0,0,0.0,28,21,7,0,0,0,
Emmanuel Stephens,24,CLE,DE,11,3,0,0,0,0,0,0,0,0,0,0,0.0,17,9,8,1,1,0,
Richie Brockel,25,CAR,TE,11,2,0,0,0,0,0,0,0,0,0,0,0.0,1,1,0,1,0,0,
Rob Francois,26,GNB,LB,11,2,2,1,0,1,3,1,0,0,0,0,0.0,18,15,3,1,0,0,
Mark Herzlich,24,NYG,LB,11,2,0,0,0,0,0,0,0,0,0,0,0.0,12,8,4,0,1,0,
Reshard Langford,25,KAN,DB,11,2,0,0,0,0,0,0,0,0,0,0,0.0,11,8,3,0,0,0,
Morgan Trent,26,2TM,DB,11,2,2,17,0,22,4,0,0,1,0,0,0.0,16,11,5,0,0,0,
Morgan Trent,26,CIN,DB,6,0,0,0,0,0,0,0,0,0,0,0,0.0,6,4,2,0,0,0,
Morgan Trent,26,JAX,DB,5,2,2,17,0,22,4,0,0,1,0,0,0.0,10,7,3,0,0,0,
Marion Barber III,28,CHI,RB,11,1,0,0,0,0,0,0,1,0,0,0,0.0,0,0,0,0,0,0,
Colin Brown,26,BUF,T,11,1,0,0,0,0,0,0,1,0,-9,0,0.0,0,0,0,,,0,
Reggie Corner,28,BUF,DB,11,1,1,4,0,4,3,0,0,0,0,0,0.0,5,4,1,0,0,0,
Will Herring,28,NOR,LB,11,1,1,0,0,0,1,0,0,0,0,0,0.0,9,8,1,0,0,0,
Pat Sims,26,CIN,DT,11,1,0,0,0,0,0,0,0,0,0,0,1.0,20,11,9,2,1,0,
Alphonso Smith,26,DET,DB,11,1,3,64,1,30,6,1,0,1,0,0,0.0,26,24,2,2,0,0,
Joe Webb,25,MIN,QB,11,1,0,0,0,0,0,0,1,0,0,0,0.0,0,0,0,,,0,
Cadillac Williams,29,STL,RB,11,1,0,0,0,0,0,0,1,0,0,0,0.0,0,0,0,,,0,
Josh Baker,25,NYJ,TE,11,0,0,0,0,0,0,0,0,0,0,0,0.0,1,1,0,0,0,0,
Josh Brent,23,DAL,DT,11,0,0,0,0,0,0,0,0,0,0,0,0.0,6,4,2,,,0,
Tramaine Brock,23,SFO,DB,11,0,2,18,0,18,4,0,0,0,0,0,0.0,5,5,0,1,0,0,
John Chick,29,JAX,DE,11,0,0,0,0,0,2,1,0,0,0,0,2.5,8,7,1,1,2,0,
Rashied Davis,32,DET,WR,11,0,0,0,0,0,0,0,0,0,0,0,0.0,6,5,1,0,0,0,
Zach Diles,26,2TM,LB,11,0,0,0,0,0,0,0,0,0,0,0,0.0,3,3,0,0,0,0,
Zach Diles,26,TAM,LB,7,0,,,,,0,0,0,0,0,0,,1,1,0,0,0,,
Zach Diles,26,IND,LB,4,0,0,0,0,0,0,0,0,0,0,0,0.0,2,2,0,0,0,0,
A.J. Edds,24,2TM,LB,11,0,0,0,0,0,0,0,0,0,0,0,0.0,13,3,10,0,1,0,
A.J. Edds,24,NWE,LB,2,0,0,0,0,0,0,0,0,0,0,0,0.0,1,1,0,0,0,0,
A.J. Edds,24,IND,LB,9,0,0,0,0,0,0,0,0,0,0,0,0.0,12,2,10,0,1,0,
Heath Farwell,29,SEA,LB,11,0,0,0,0,0,0,0,0,0,0,0,0.0,21,14,7,0,0,0,
Danny Gorrer,25,BAL,DB,11,0,0,0,0,0,4,0,0,0,0,0,0.0,5,5,0,0,0,0,
Nick Harris,33,JAX,P,11,0,0,0,0,0,0,0,0,1,0,0,0.0,2,2,0,0,0,0,
Josh Hull,24,STL,LB,11,0,0,0,0,0,0,0,0,0,0,0,0.0,2,2,0,0,0,0,
Brian Iwuh,27,CHI,LB,11,0,,,,,0,0,0,0,0,0,,6,6,0,0,0,,
Lawrence Jackson,26,DET,DE,11,0,0,0,0,0,0,0,0,1,0,0,4.5,26,17,9,4,9,0,
Cullen Loeffler,30,MIN,LS,11,0,0,0,0,0,0,0,0,0,0,0,0.0,1,1,0,0,0,0,
Chris Maragos,24,SEA,DB,11,0,0,0,0,0,0,0,0,0,0,0,0.0,12,9,3,0,0,0,
Carlton Mitchell,23,CLE,WR,11,0,0,0,0,0,0,0,0,0,0,0,0.0,3,3,0,,,0,
Jesse Nading,26,HOU,DE,11,0,0,0,0,0,0,2,0,1,0,0,0.5,11,9,2,0,1,0,
Stephen Paea,23,CHI,DT,11,0,0,0,0,0,0,0,0,0,0,0,2.0,14,8,6,2,3,1,
Ryan Pontbriand,32,CLE,LS,11,0,,,,,0,0,0,0,0,0,,1,1,0,0,0,,
David Reed,24,BAL,WR,11,0,0,0,0,0,0,0,3,0,0,0,0.0,4,3,1,0,0,0,
Emmanuel Sanders,24,PIT,WR,11,0,0,0,0,0,0,0,0,1,0,0,0.0,2,1,1,0,0,0,
Da'Rel Scott,23,NYG,RB,11,0,0,0,0,0,0,0,1,0,0,0,0.0,0,0,0,,,0,
George Selvie,24,2TM,DE,11,0,0,0,0,0,0,0,0,1,0,0,0.5,6,5,1,1,1,0,
George Selvie,24,CAR,DE,4,0,0,0,0,0,0,0,0,0,0,0,0.0,2,2,0,0,0,0,
George Selvie,24,JAX,DE,7,0,0,0,0,0,0,0,0,1,0,0,0.5,4,3,1,1,1,0,
Donte' Stallworth,31,WAS,WR,11,0,0,0,0,0,0,0,0,0,0,0,0.0,1,1,0,0,0,0,
Miles Austin,27,DAL,WR,10,10,0,0,0,0,0,0,1,0,0,0,0.0,0,0,0,,,0,
Sam Bradford,24,STL,QB,10,10,0,0,0,0,0,0,10,2,-26,0,0.0,0,0,0,,,0,
Jay Cutler,28,CHI,QB,10,10,0,0,0,0,0,0,7,4,-8,0,0.0,0,0,0,0,0,0,
Scott Fujita,32,CLE,LLB,10,10,1,3,0,3,3,0,0,0,0,0,0.0,50,37,13,1,1,0,
Fred Jackson,30,BUF,RB,10,10,0,0,0,0,0,0,2,0,0,0,0.0,0,0,0,0,0,0,
Tanard Jackson,26,TAM,FS,10,10,2,59,0,43,3,0,0,1,13,0,0.0,35,32,3,1,1,0,
Matt Schaub,30,HOU,QB,10,10,0,0,0,0,0,0,3,1,-13,0,0.0,0,0,0,,,0,
Dan Williams,24,ARI,NT,10,10,0,0,0,0,2,0,0,0,0,0,0.0,20,14,6,1,1,0,
LaMarr Woodley,27,PIT,LOLB,10,10,1,1,0,1,2,0,0,0,0,0,9.0,39,26,13,10,13,0,
Peyton Hillis,25,CLE,RB,10,9,0,0,0,0,0,0,2,0,0,0,0.0,0,0,0,,,0,
Jon McGraw,32,KAN,SS,10,9,3,4,0,4,6,1,1,0,0,0,1.0,47,31,16,2,1,0,
Carson Palmer,32,OAK,QB,10,9,0,0,0,0,0,0,2,1,-1,0,0.0,0,0,0,0,0,0,
Stephen Nicholas,28,ATL,RLB,10,8,0,0,0,0,1,2,0,1,2,0,0.0,35,17,18,4,2,0,
Tony Fiammetta,25,DAL,FB,10,6,0,0,0,0,0,0,0,0,0,0,0.0,1,1,0,0,0,0,
Brandon Deaderick,24,NWE,DE,10,5,0,0,0,0,0,0,0,0,0,0,2.0,17,11,6,3,2,0,
Dane Fletcher,25,NWE,RLB,10,5,0,0,0,0,0,0,0,1,1,0,0.0,32,19,13,0,6,0,
Mistral Raymond,24,MIN,FS,10,5,1,31,0,31,3,0,0,1,26,0,0.0,22,10,12,0,1,0,
Omar Gaither,27,CAR,LB,10,4,0,0,0,0,1,0,0,0,0,0,1.0,31,24,7,1,1,0,
Montario Hardesty,24,CLE,RB,10,4,0,0,0,0,0,0,1,0,0,0,0.0,1,0,1,,,0,
Mark Ingram,22,NOR,RB,10,4,0,0,0,0,0,0,1,0,0,0,0.0,1,1,0,,,0,
Colin Cochart,24,CIN,TE,10,3,0,0,0,0,0,0,0,0,0,0,0.0,1,1,0,0,0,0,
Lee Smith,24,BUF,TE,10,3,0,0,0,0,0,0,0,0,0,0,0.0,2,2,0,0,0,0,
Chris Hope,31,TEN,DB,10,2,1,7,0,7,1,0,0,2,0,0,0.0,25,23,2,0,0,0,
Terrence Johnson,25,IND,DB,10,2,0,0,0,0,0,0,0,0,0,0,0.0,37,28,9,1,0,0,
Andrew Quarless,23,GNB,TE,10,2,0,0,0,0,0,0,0,0,0,0,0.0,1,1,0,0,0,0,
Spencer Adkins,24,ATL,LB,10,1,0,0,0,0,0,0,0,0,0,0,0.0,6,4,2,1,3,0,
Curtis Brinkley,26,SDG,RB,10,1,0,0,0,0,0,0,0,0,0,0,0.0,1,1,0,0,0,0,
Brandon Burton,22,MIN,DB,10,1,0,0,0,0,0,0,0,0,0,0,0.0,8,7,1,0,0,0,
William Hayes,26,TEN,DE,10,1,0,0,0,0,0,0,0,0,0,0,1.5,16,11,5,4,5,0,
Roy Lewis,26,SEA,DB,10,1,0,0,0,0,1,0,0,2,7,0,0.5,24,12,12,0,1,0,
Phillip Merling,26,MIA,DE,10,1,0,0,0,0,2,0,0,0,0,0,0.0,4,3,1,0,0,0,
Larry Asante,23,TAM,DB,10,0,0,0,0,0,0,1,0,0,0,0,0.0,14,12,2,0,0,0,
Arnaz Battle,31,PIT,WR,10,0,0,0,0,0,0,0,0,0,0,0,0.0,4,1,3,0,0,0,
Titus Brown,25,CLE,DE,10,0,0,0,0,0,0,0,0,0,0,0,1.0,5,4,1,1,1,0,
Tim Bulman,29,HOU,DT,10,0,0,0,0,0,0,0,0,0,0,0,0.0,12,6,6,0,0,0,
Bruce Carter,23,DAL,LB,10,0,0,0,0,0,1,0,0,0,0,0,0.0,8,5,3,0,0,0,
Jeff Charleston,28,NOR,DE,10,0,0,0,0,0,0,0,0,0,0,0,1.0,9,5,4,1,3,0,
Michael Coe,28,NYG,DB,10,0,0,0,0,0,1,0,0,0,0,0,0.0,10,9,1,1,0,0,
Quan Cosby,29,DEN,WR,10,0,0,0,0,0,0,0,2,1,0,0,0.0,1,1,0,0,0,0,
Tim Crowder,26,TAM,DE,10,0,0,0,0,0,1,0,0,0,0,0,0.0,14,10,4,2,1,0,
Jim Dray,24,ARI,TE,10,0,0,0,0,0,0,0,0,0,0,0,0.0,2,2,0,0,0,0,
Nick Fairley,23,DET,DT,10,0,0,0,0,0,0,0,0,0,0,0,1.0,15,9,6,2,5,0,
Eric Hagg,22,CLE,DB,10,0,0,0,0,0,1,0,0,1,0,0,0.0,11,10,1,0,1,0,
Jermale Hines,24,2TM,DB,10,0,0,0,0,0,0,0,0,0,0,0,0.0,6,3,3,0,0,0,
Jermale Hines,24,CAR,DB,5,0,0,0,0,0,0,0,0,0,0,0,0.0,3,2,1,0,0,0,
Jermale Hines,24,IND,DB,5,0,0,0,0,0,0,0,0,0,0,0,0.0,3,1,2,0,0,0,
Taiwan Jones,23,OAK,RB,10,0,0,0,0,0,0,0,0,2,0,0,0.0,7,6,1,0,0,0,
Shiloh Keo,24,HOU,DB,10,0,0,0,0,0,0,0,0,0,0,0,0.0,4,4,0,0,0,0,
Myron Lewis,24,TAM,DB,10,0,0,0,0,0,0,0,0,0,0,0,0.0,5,5,0,0,0,0,
Taylor Mays,23,CIN,DB,10,0,0,0,0,0,1,0,0,0,0,0,0.0,10,7,3,0,0,0,
Bryan McCann,24,2TM,DB,10,0,0,0,0,0,0,0,0,0,0,0,0.0,4,2,2,0,0,0,
Bryan McCann,24,BAL,DB,3,0,0,0,0,0,0,0,0,0,0,0,0.0,1,0,1,0,0,0,
Bryan McCann,24,OAK,DB,7,0,0,0,0,0,0,0,0,0,0,0,0.0,3,2,1,0,0,0,
Adrian Moten,23,IND,LB,10,0,0,0,0,0,0,0,0,1,0,0,0.0,7,5,2,0,0,0,
Husain Abdullah,26,MIN,FS,9,9,1,32,0,32,5,0,0,0,0,0,1.0,49,44,5,3,1,0,
Matt Cassel,29,KAN,QB,9,9,0,0,0,0,0,0,5,0,-3,0,0.0,0,0,0,,,0,
Leon Hall,27,CIN,RCB,9,9,2,15,0,15,7,0,0,1,10,0,0.0,32,29,3,0,0,0,
Kevin Kolb,27,ARI,QB,9,9,0,0,0,0,0,0,8,0,-8,0,0.0,0,0,0,0,0,0,
Rashean Mathis,31,JAX,LCB,9,9,1,1,0,1,4,0,0,1,0,0,0.0,34,32,2,1,0,0,
Sidney Rice,25,SEA,WR,9,9,0,0,0,0,0,0,1,0,0,0,0.0,0,0,0,0,0,0,
Matt Roth,29,JAX,LDE,9,9,0,0,0,0,0,0,0,1,5,0,3.5,24,18,6,5,6,0,
Barrett Ruud,28,TEN,MLB,9,9,1,4,0,4,3,0,0,0,0,0,0.0,57,40,17,2,1,0,
Curtis Painter,26,IND,QB,9,8,0,0,0,0,0,0,5,1,-17,0,0.0,0,0,0,0,0,0,
Lito Sheppard,30,OAK,RCB,9,7,0,0,0,0,4,0,0,0,0,0,1.0,43,40,3,2,2,0,
Osi Umenyiora,30,NYG,RDE,9,7,0,0,0,0,1,2,0,0,0,0,9.0,25,16,9,8,11,0,
Clint Session,27,JAX,RLB,9,6,0,0,0,0,0,1,0,0,10,0,1.0,30,19,11,2,1,0,
Aaron Williams,21,BUF,LCB,9,6,1,0,0,0,5,1,0,0,0,0,0.0,32,27,5,0,0,0,
Anthony Becht,34,KAN,TE,9,5,0,0,0,0,0,0,0,0,0,0,0.0,1,1,0,0,0,0,
Mike Cox,26,ATL,FB,9,5,0,0,0,0,0,0,1,0,0,0,0.0,0,0,0,,,0,
Al Harris,37,STL,RCB,9,5,0,0,0,0,6,0,0,1,3,0,0.0,15,12,3,0,0,0,
Kevin Thomas,25,IND,LCB,9,5,0,0,0,0,3,0,0,0,0,0,0.0,33,20,13,1,0,0,
Roderick Hood,30,STL,DB,9,4,1,27,0,27,5,0,0,0,0,0,0.0,20,17,3,2,0,0,
Donald Lee,31,CIN,TE,9,4,0,0,0,0,0,0,0,0,0,0,0.0,1,1,0,,,0,
Cameron Morrah,24,SEA,TE,9,4,0,0,0,0,0,0,0,0,0,0,0.0,1,1,0,0,0,0,
Dannell Ellerbe,26,BAL,LB,9,3,0,0,0,0,0,0,0,0,0,0,0.0,18,14,4,1,0,0,
Frank Okam,26,TAM,DT,9,3,0,0,0,0,0,0,0,0,0,0,0.0,16,15,1,2,0,0,
Cassius Vaughn,24,DEN,DB,9,3,1,55,1,55,4,0,0,1,0,0,0.0,20,16,4,1,0,0,
C.J. Ah You,29,STL,DE,9,2,0,0,0,0,0,0,0,0,0,0,1.0,6,5,1,2,2,0,
Chris Carr,28,BAL,DB,9,1,0,0,0,0,3,0,0,0,0,0,1.0,19,16,3,2,1,0,
Josh Johnson,25,TAM,QB,9,1,0,0,0,0,0,0,1,0,0,0,0.0,0,0,0,,,0,
Steve Smith,26,PHI,WR,9,1,0,0,0,0,0,0,1,0,0,0,0.0,0,0,0,0,0,0,
Bront Bird,22,SDG,LB,9,0,0,0,0,0,1,0,0,0,0,0,0.0,14,11,3,1,0,0,
Kyle Bosworth,25,JAX,LB,9,0,0,0,0,0,0,0,0,0,0,0,0.0,5,3,2,0,0,0,
Jermaine Cunningham,23,NWE,LB,9,0,0,0,0,0,0,0,0,0,0,0,0.0,1,0,1,0,0,0,
Quintin Demps,26,HOU,DB,9,0,2,47,0,42,4,0,0,0,0,0,0.0,23,18,5,0,1,0,
Kedric Golston,28,WAS,DT,9,0,0,0,0,0,0,1,0,0,0,0,1.5,16,8,8,3,3,0,
Chris Hawkins,25,TEN,DB,9,0,0,0,0,0,0,0,0,0,0,0,0.0,14,11,3,0,0,0,
Jeremy Horne,25,KAN,WR,9,0,0,0,0,0,0,0,0,0,0,0,0.0,2,2,0,0,0,0,
Phillip Hunt,25,PHI,DE,9,0,0,0,0,0,0,0,0,0,0,0,2.0,8,7,1,2,4,1,
Edgar Jones,27,BAL,DE,9,0,0,0,0,0,0,0,0,0,0,0,0.0,3,3,0,0,0,0,
Jamari Lattimore,23,GNB,LB,9,0,0,0,0,0,0,0,0,0,0,0,0.0,4,4,0,0,0,0,
Mossis Madu,24,TAM,RB,9,0,0,0,0,0,0,0,0,1,0,0,0.0,2,2,0,0,0,0,
Byron Maxwell,23,SEA,DB,9,0,0,0,0,0,0,0,0,1,1,0,0.0,1,0,1,0,0,0,
Sherrick McManis,24,HOU,DB,9,0,0,0,0,0,0,1,1,0,0,0,0.0,5,4,1,0,0,0,
Johnny Patrick,23,NOR,DB,9,0,0,0,0,0,0,0,0,0,0,0,0.0,6,5,1,0,0,0,
Julius Pruitt,26,MIA,WR,9,0,0,0,0,0,0,0,0,0,0,0,0.0,4,2,2,0,0,0,
Shawntae Spencer,29,SFO,DB,9,0,0,0,0,0,1,0,0,0,0,0,0.0,5,4,1,0,0,0,
Chansi Stuckey,28,ARI,WR,9,0,0,0,0,0,0,0,1,0,0,0,0.0,0,0,0,0,0,0,
Phillip Tanner,23,DAL,RB,9,0,0,0,0,0,0,0,0,0,0,0,0.0,2,0,2,0,0,0,
Josh Thomas,22,CAR,DB,9,0,0,0,0,0,0,0,0,1,0,0,0.0,1,1,0,0,0,0,
Matt Turk,43,2TM,P,9,0,0,0,0,0,0,0,1,1,-11,0,0.0,2,2,0,0,0,0,
Matt Turk,43,JAX,P,5,0,0,0,0,0,0,0,1,1,-11,0,0.0,1,1,0,0,0,0,
Matt Turk,43,HOU,P,4,0,0,0,0,0,0,0,0,0,0,0,0.0,1,1,0,0,0,0,
Patrick Chung,24,NWE,FS,8,8,1,0,0,0,4,0,0,0,0,0,1.0,62,37,25,1,2,0,
Michael Hoomanawanui,23,STL,WR,8,8,0,0,0,0,0,0,0,1,0,0,0.0,0,0,0,0,0,0,
LaRon Landry,27,WAS,SS,8,8,0,0,0,0,1,1,0,1,3,0,1.5,48,35,13,2,6,0,
T.J. Ward,25,CLE,FS,8,8,0,0,0,0,3,1,0,0,0,0,1.0,39,28,11,2,1,0,
Adam Jones,28,CIN,RCB,8,7,0,0,0,0,6,0,0,0,0,0,0.0,28,26,2,1,0,0,
John Skelton,23,ARI,QB,8,7,0,0,0,0,0,0,4,2,-10,0,0.0,0,0,0,,,0,
Brandon Spikes,24,NWE,RLB,8,6,0,0,0,0,1,0,0,0,0,0,0.0,47,32,15,2,1,0,
Dan Orlovsky,28,IND,QB,8,5,0,0,0,0,0,0,7,1,0,0,0.0,0,0,0,,,0,
Sean Locklear,30,WAS,T,8,4,0,0,0,0,0,0,0,0,0,0,0.0,1,1,0,0,0,0,
Jake O'Connell,26,KAN,TE,8,4,0,0,0,0,0,0,0,1,0,0,0.0,0,0,0,,,0,
Ryan Torain,25,WAS,RB,8,4,0,0,0,0,0,0,1,1,0,0,0.0,0,0,0,0,0,0,
Jacoby Ford,24,OAK,WR,8,3,0,0,0,0,0,0,3,0,0,0,0.0,1,1,0,0,0,0,
Benny Sapp,30,2TM,DB,8,4,0,0,0,0,4,0,0,0,0,0,0.0,30,23,7,2,0,0,
Benny Sapp,30,MIA,DB,1,1,0,0,0,0,1,0,0,0,0,0,0.0,5,5,0,0,0,0,
Benny Sapp,30,MIN,DB,7,3,0,0,0,0,3,0,0,0,0,0,0.0,25,18,7,2,0,0,
Turk McBride,26,NOR,DT,8,2,0,0,0,0,0,1,0,0,0,0,2.0,4,3,1,1,3,0,
Kelvin Hayden,28,ATL,DB,8,1,2,3,0,2,4,0,0,0,0,0,0.0,24,16,8,1,0,0,
Niko Koutouvides,30,NWE,LB,8,1,0,0,0,0,0,0,0,1,0,0,0.0,14,7,7,0,0,0,
Ogemdi Nwagbuo,26,2TM,DT,8,1,0,0,0,0,0,0,0,0,0,0,0.0,6,4,2,1,0,0,
Ogemdi Nwagbuo,26,SDG,DT,4,0,0,0,0,0,0,0,0,0,0,0,0.0,3,2,1,1,0,0,
Ogemdi Nwagbuo,26,CAR,DT,4,1,0,0,0,0,0,0,0,0,0,0,0.0,3,2,1,0,0,0,
Mister Alexander,23,HOU,LB,8,0,0,0,0,0,0,0,0,0,0,0,0.0,7,7,0,0,0,0,
Stevie Brown,24,IND,DB,8,0,0,0,0,0,0,0,0,0,0,0,0.0,5,4,1,0,0,0,
Chris Carter,22,PIT,LB,8,0,0,0,0,0,0,0,0,0,0,0,0.0,3,2,1,3,1,0,
Jacob Cutrera,23,TAM,LB,8,0,0,0,0,0,0,0,0,0,0,0,0.0,3,3,0,0,0,0,
Ryan Donahue,23,DET,P,8,0,0,0,0,0,0,0,0,0,0,0,0.0,2,1,1,0,0,0,
Anthony Gaitor,23,TAM,DB,8,0,0,0,0,0,0,0,0,0,0,0,0.0,5,5,0,0,0,0,
Jeron Johnson,23,SEA,DB,8,0,0,0,0,0,0,0,0,0,0,0,0.0,6,4,2,0,1,0,
Thomas Keiser,22,CAR,LB,8,0,1,9,0,9,1,0,0,0,0,0,4.0,14,13,1,5,4,0,
Rian Lindell,34,BUF,K,8,0,0,0,0,0,0,0,0,0,0,0,0.0,2,2,0,0,0,0,
David Nixon,26,STL,LB,8,0,0,0,0,0,0,1,0,0,0,0,0.0,6,6,0,0,0,0,
Igor Olshansky,29,MIA,DT,8,0,0,0,0,0,0,0,0,0,0,0,0.0,8,5,3,1,0,0,
Brandon Saine,23,GNB,RB,8,0,0,0,0,0,0,0,0,0,0,0,0.0,4,4,0,0,0,0,
Darryl Sharpton,23,HOU,LB,8,0,0,0,0,0,0,0,0,0,0,0,0.0,12,12,0,0,0,0,
Ross Ventrone,25,NWE,DB,8,0,0,0,0,0,0,0,0,0,0,0,0.0,2,2,0,0,0,0,
Darren McFadden,24,OAK,RB,7,7,0,0,0,0,0,0,1,2,0,0,0.0,0,0,0,0,0,0,
Kerry Rhodes,29,ARI,FS,7,7,0,0,0,0,4,0,0,2,1,0,2.0,34,26,8,3,2,0,
Ovie Mughelli,31,ATL,FB,7,5,0,0,0,0,0,0,0,0,0,0,0.0,2,1,1,0,0,0,
Kevin Smith,25,DET,RB,7,4,0,0,0,0,0,0,1,0,0,0,0.0,0,0,0,,,0,
Ben Leber,33,STL,LB,7,3,0,0,0,0,0,0,0,1,0,0,0.0,15,11,4,0,1,0,
Earnest Graham,31,TAM,RB,7,2,0,0,0,0,0,0,1,3,-2,0,0.0,1,1,0,0,0,0,
Courtney Greene,25,JAX,DB,7,2,0,0,0,0,0,0,0,0,0,0,0.0,10,8,2,0,0,0,
Knowshon Moreno,24,DEN,RB,7,2,0,0,0,0,0,0,1,0,0,0,0.0,0,0,0,,,0,
Akwasi Owusu-Ansah,23,2TM,DB,7,2,0,0,0,0,0,0,0,0,0,0,0.0,21,14,7,0,0,0,
Akwasi Owusu-Ansah,23,DAL,DB,3,0,0,0,0,0,0,0,0,0,0,0,0.0,2,2,0,0,0,0,
Akwasi Owusu-Ansah,23,JAX,DB,4,2,0,0,0,0,0,0,0,0,0,0,0.0,19,12,7,0,0,0,
Thomas Williams,27,CAR,LB,7,2,0,0,0,0,2,0,0,0,0,0,0.0,13,11,2,1,0,0,
Nate Jones,29,2TM,DB,7,1,0,0,0,0,1,0,0,0,0,0,0.0,20,10,10,0,0,0,
Nate Jones,29,MIA,DB,2,0,0,0,0,0,0,0,0,0,0,0,0.0,1,1,0,0,0,0,
Nate Jones,29,NWE,DB,5,1,0,0,0,0,1,0,0,0,0,0,0.0,19,9,10,0,0,0,
Jeff Tarpinian,24,NWE,LB,7,1,0,0,0,0,0,0,0,0,0,0,0.0,7,5,2,0,0,0,
Prince Amukamara,22,NYG,DB,7,0,1,0,0,0,3,0,0,1,0,0,0.0,14,12,2,0,0,0,
Ron Brace,25,NWE,DT,7,0,0,0,0,0,0,1,0,0,0,0,0.0,4,1,3,0,0,0,
Chykie Brown,25,BAL,DB,7,0,0,0,0,0,1,0,0,0,0,0,0.0,4,4,0,0,0,0,
Keary Colbert,29,KAN,WR,7,0,0,0,0,0,0,0,1,0,0,0,0.0,0,0,0,,,0,
Jonathan Dwyer,22,PIT,RB,7,0,0,0,0,0,0,0,0,0,0,0,0.0,2,1,1,0,0,0,
Auston English,24,CLE,DE,7,0,0,0,0,0,0,0,0,0,0,0,0.0,4,4,0,0,1,0,
Brandon Ghee,24,CIN,DB,7,0,0,0,0,0,0,0,0,0,0,0,0.0,1,0,1,0,0,0,
Chris Gronkowski,25,IND,RB,7,0,0,0,0,0,0,0,0,0,0,0,0.0,3,3,0,0,0,0,
Brandon Harris,21,HOU,DB,7,0,0,0,0,0,0,0,0,0,0,0,0.0,3,2,1,0,0,0,
Ellis Lankster,24,NYJ,DB,7,0,0,0,0,0,0,0,0,2,0,0,0.0,6,6,0,0,0,0,
Curtis Marsh,23,PHI,DB,7,0,0,0,0,0,1,0,2,0,0,0,0.0,2,2,0,0,0,0,
Mike Neal,24,GNB,LB,7,0,0,0,0,0,0,0,0,0,0,0,0.0,3,1,2,0,0,0,
Dave Rayner,29,BUF,K,7,0,0,0,0,0,0,0,0,0,0,0,0.0,1,1,0,0,0,0,
Nick Reed,24,CHI,DE,7,0,0,0,0,0,1,0,0,0,0,0,0.0,6,4,2,0,0,0,
Darrion Scott,30,WAS,DE,7,0,0,0,0,0,0,0,0,0,0,0,0.0,4,2,2,1,1,0,
Vic So'oto,24,GNB,LB,7,0,0,0,0,0,0,0,0,0,0,0,1.0,7,6,1,0,1,0,
Josh Vaughan,25,CAR,RB,7,0,0,0,0,0,0,0,0,0,0,0,0.0,9,7,2,0,0,0,
Chris White,22,BUF,LB,7,0,0,0,0,0,0,1,0,0,0,0,0.0,8,8,0,0,0,0,
Corey Wootton,24,CHI,DE,7,0,0,0,0,0,0,0,0,0,0,0,0.0,4,3,1,0,0,0,
Shareece Wright,24,SDG,DB,7,0,0,0,0,0,0,0,0,0,0,0,0.0,4,4,0,0,0,0,
Jahvid Best,22,DET,RB,6,6,0,0,0,0,0,0,0,1,0,0,0.0,0,0,0,0,0,0,
Jason Campbell,29,OAK,QB,6,6,0,0,0,0,0,0,3,1,0,0,0.0,0,0,0,,,0,
Derek Cox,25,JAX,RCB,6,6,0,0,0,0,2,0,0,0,0,0,0.0,22,16,6,1,0,0,
Gerald McCoy,23,TAM,LDT,6,6,0,0,0,0,0,0,0,0,0,0,1.0,11,10,1,3,3,0,
Terrence McGee,31,BUF,LCB,6,6,0,0,0,0,2,0,0,0,0,0,0.0,28,26,2,1,0,0,
Donovan McNabb,35,MIN,QB,6,6,0,0,0,0,0,0,2,0,0,0,0.0,0,0,0,0,0,0,
Joey Porter,34,ARI,LOLB,6,6,0,0,0,0,0,0,0,0,0,0,1.0,16,11,5,2,2,0,
T.J. Yates,24,HOU,QB,6,5,0,0,0,0,0,0,5,1,-5,0,0.0,0,0,0,0,0,0,
Ashton Youboty,27,JAX,RCB,6,5,1,0,0,0,3,0,0,1,38,1,0.0,25,21,4,2,0,0,
Caleb Hanie,26,CHI,QB,6,4,0,0,0,0,0,0,1,1,0,0,0.0,0,0,0,0,0,0,
Frank Kearse,23,CAR,DT,6,4,0,0,0,0,1,0,0,0,0,0,0.5,10,7,3,0,1,0,
Tyler Palko,28,KAN,QB,6,4,0,0,0,0,0,0,1,0,-1,0,0.0,0,0,0,,,0,
Chris Cook,24,MIN,DB,6,3,0,0,0,0,4,0,0,0,0,0,0.0,20,17,3,1,0,0,
Sterling Moore,21,NWE,DB,6,3,2,26,1,21,2,0,0,0,0,0,0.0,7,6,1,0,0,0,
Walter Thurmond,24,SEA,DB,6,3,0,0,0,0,2,1,0,0,0,0,0.0,12,7,5,1,0,0,
Seneca Wallace,31,CLE,QB,6,3,0,0,0,0,0,0,1,0,0,0,0.0,0,0,0,,,0,
Vince Young,28,PHI,QB,6,3,0,0,0,0,0,0,2,2,0,0,0.0,0,0,0,,,0,
Mike Caussin,24,BUF,TE,6,2,0,0,0,0,0,0,0,0,0,0,0.0,6,5,1,0,0,0,
Chris Hoke,35,PIT,NT,6,2,0,0,0,0,0,0,0,0,0,0,0.0,3,3,0,2,1,0,
Austen Lane,24,JAX,DE,6,1,0,0,0,0,0,0,0,0,0,0,1.0,14,8,6,1,1,0,
Joe Porter,26,OAK,DB,6,1,0,0,0,0,0,0,0,0,0,0,0.0,10,7,3,0,0,0,
Phillip Adams,23,NWE,DB,6,0,1,0,0,0,1,0,0,0,0,0,0.0,8,7,1,0,1,0,
Dominique Barber,25,HOU,DB,6,0,0,0,0,0,0,0,0,0,0,0,0.0,3,3,0,0,0,0,
Will Blackmon,27,NYG,DB,6,0,0,0,0,0,0,0,1,0,0,0,0.0,6,5,1,0,0,0,
Rafael Bush,24,DEN,DB,6,0,0,0,0,0,0,0,0,0,0,0,0.0,3,3,0,0,0,0,
Chauncey Davis,28,CHI,DE,6,0,0,0,0,0,0,0,0,0,0,0,1.0,9,8,1,2,1,0,
Ronald Fields,30,CAR,DT,6,0,0,0,0,0,0,0,0,0,0,0,0.0,7,6,1,0,0,0,
Mortty Ivy,25,PIT,LB,6,0,0,0,0,0,0,0,0,0,0,0,0.0,1,1,0,0,0,0,
Jimmy Kennedy,32,NYG,DT,6,0,0,0,0,0,0,0,0,0,0,0,0.0,4,2,2,1,0,0,
Chris Massey,32,CHI,RB,6,0,0,0,0,0,0,0,0,0,0,0,0.0,3,3,0,0,0,0,
Marlon Moore,24,MIA,WR,6,0,0,0,0,0,0,0,0,0,0,0,0.0,3,3,0,0,0,0,
Allen Reisner,23,MIN,TE,6,0,0,0,0,0,0,0,0,0,0,0,0.0,1,1,0,0,0,0,
Greg Salas,23,STL,WR,6,0,0,0,0,0,0,0,3,0,0,0,0.0,1,1,0,0,0,0,
Sammie Stroughter,25,TAM,WR,6,0,0,0,0,0,0,0,1,0,0,0,0.0,2,1,1,0,0,0,
Ronald Talley,25,ARI,DE,6,0,0,0,0,0,0,0,0,0,0,0,0.0,2,1,1,0,0,0,
Brandyn Thompson,22,WAS,DB,6,0,0,0,0,0,0,0,0,1,0,0,0.0,2,2,0,0,1,0,
Justin Trattou,23,NYG,DE,6,0,0,0,0,0,0,0,0,0,0,0,0.0,2,1,1,0,0,0,
Torell Troup,23,BUF,DT,6,0,0,0,0,0,0,0,0,0,0,0,0.0,8,6,2,1,0,0,
Justin Tryon,27,2TM,DB,6,0,0,0,0,0,1,0,0,0,0,0,0.0,10,8,2,0,0,0,
Justin Tryon,27,IND,DB,3,0,0,0,0,0,0,0,0,0,0,0,0.0,7,5,2,0,0,0,
Justin Tryon,27,NYG,DB,3,0,0,0,0,0,1,0,0,0,0,0,0.0,3,3,0,0,0,0,
Jared Gaither,25,SDG,LT,5,5,0,0,0,0,0,0,0,1,0,0,0.0,0,0,0,0,0,0,
Tim Hightower,25,WAS,RB,5,5,0,0,0,0,0,0,0,1,0,0,0.0,0,0,0,0,0,0,
Shawne Merriman,27,BUF,ROLB,5,5,0,0,0,0,0,0,0,0,0,0,1.0,9,7,2,1,2,0,
Kyle Orton,29,DEN,QB,5,5,0,0,0,0,0,0,2,0,0,0,0.0,0,0,0,0,0,0,
Kyle Williams,28,BUF,NT,5,5,0,0,0,0,1,0,0,0,0,0,0.0,9,4,5,1,4,0,
Mario Williams,26,HOU,ROLB,5,5,0,0,0,0,1,1,0,0,0,0,5.0,11,10,1,4,7,0,
Antoine Winfield,34,MIN,LCB,5,5,1,3,0,3,1,1,0,0,0,0,1.0,40,34,6,5,1,0,
Josh Barrett,27,NWE,DB,5,4,0,0,0,0,0,0,0,0,0,0,0.0,17,14,3,1,0,0,
Chase Blackburn,28,NYG,LB,5,4,1,9,0,9,2,0,0,0,0,0,0.0,26,20,6,1,0,0,
Bryan Mattison,27,STL,DE,5,4,0,0,0,0,0,0,0,1,0,0,0.0,0,0,0,0,0,0,
Kevin Vickerson,28,DEN,DT,5,4,0,0,0,0,0,0,0,0,0,0,0.0,4,3,1,0,0,0,
A.J. Feeley,34,STL,QB,5,3,0,0,0,0,0,0,3,0,0,0,0.0,0,0,0,,,0,
Kenrick Ellis,24,NYJ,DT,5,2,0,0,0,0,0,0,0,0,0,0,0.0,7,5,2,1,1,0,
Jerome Felton,25,IND,RB,5,2,0,0,0,0,0,0,0,0,0,0,0.0,1,0,1,,,0,
Leigh Bodden,30,NWE,DB,5,1,0,0,0,0,4,0,0,0,0,0,0.0,17,13,4,0,0,0,
Matt Flynn,26,GNB,QB,5,1,0,0,0,0,0,0,1,0,0,0,0.0,0,0,0,,,0,
Frank Zombo,24,GNB,LB,5,1,0,0,0,0,0,0,0,0,0,0,1.0,10,8,2,1,1,0,
Ikaika Alama-Francis,27,MIA,DE,5,0,0,0,0,0,0,0,0,0,0,0,0.0,1,1,0,0,0,0,
Don Carey,24,DET,DB,5,0,0,0,0,0,1,0,0,0,0,0,0.0,11,7,4,0,0,0,
Michael Clayton,29,NYG,WR,5,0,0,0,0,0,0,0,0,0,0,0,0.0,1,1,0,0,0,0,
Stephen Cooper,32,SDG,LB,5,0,0,0,0,0,0,0,0,0,0,0,0.0,1,0,1,0,0,0,
Lionel Dotson,26,BUF,DT,5,0,0,0,0,0,0,0,0,0,0,0,0.0,2,0,2,0,0,0,
Larry English,25,SDG,DE,5,0,0,0,0,0,0,0,0,0,0,0,2.0,7,5,2,2,2,0,
Stephen Franklin,23,JAX,LB,5,0,0,0,0,0,0,0,0,0,0,0,0.0,2,1,1,0,0,0,
Derrick Harvey,25,DEN,DE,5,0,0,0,0,0,0,0,0,1,0,0,0.0,4,2,2,0,0,0,
David Jones,26,JAX,DB,5,0,0,0,0,0,1,0,0,0,0,0,0.0,4,3,1,0,0,0,
Matt Katula,29,MIN,LS,5,0,0,0,0,0,0,0,0,0,0,0,0.0,2,2,0,0,0,0,
Anthony Madison,30,DET,DB,5,0,,,,,0,0,0,0,0,0,,3,2,1,0,0,,
Ryan Mahaffey,24,IND,RB,5,0,0,0,0,0,0,0,0,0,0,0,0.0,1,1,0,0,0,0,
Drake Nevis,22,IND,DT,5,0,0,0,0,0,1,0,0,0,0,0,0.0,19,9,10,1,1,0,
Brian Sanford,24,CLE,DT,5,0,0,0,0,0,0,0,0,0,0,0,0.0,5,3,2,0,2,0,
Martin Tevaseu,24,NYJ,DT,5,0,0,0,0,0,0,0,0,0,0,0,0.0,1,0,1,0,0,0,
Patrick Trahan,25,CHI,LB,5,0,0,0,0,0,0,0,0,0,0,0,0.0,1,1,0,0,0,0,
Shane Vereen,22,NWE,RB,5,0,0,0,0,0,0,0,0,0,0,0,0.0,1,0,1,0,0,0,
Darrin Walls,23,ATL,DB,5,0,1,23,0,23,2,0,0,0,0,0,0.0,2,2,0,0,0,0,
Chavis Williams,22,BAL,LB,5,0,0,0,0,0,0,0,0,0,0,0,0.0,2,1,1,0,0,0,
Jabara Williams,22,CHI,LB,5,0,0,0,0,0,0,0,0,0,0,0,0.0,2,1,1,0,0,0,
Kion Wilson,25,CAR,LB,5,0,0,0,0,0,0,0,0,0,0,0,0.0,1,1,0,0,0,0,
Tracy Wilson,22,NYJ,DB,5,0,0,0,0,0,0,0,0,0,0,0,0.0,5,3,2,0,0,0,
Bradley Fletcher,25,STL,DB,4,4,0,0,0,0,1,0,0,0,0,0,0.0,24,23,1,0,0,0,
Chad Henne,26,MIA,QB,4,4,0,0,0,0,0,0,1,0,-4,0,0.0,0,0,0,,,0,
Olin Kreutz,34,NOR,C,4,4,,,,,0,0,0,0,0,0,,1,1,0,,,,
Brandon Lloyd,30,DEN,WR,4,4,0,0,0,0,0,0,1,1,0,0,0.0,0,0,0,0,0,0,
Aaron Smith,35,PIT,DE,4,4,0,0,0,0,0,0,0,0,0,0,0.0,8,3,5,0,1,0,
Marcus Trufant,31,SEA,DB,4,4,1,15,0,15,3,0,0,0,0,0,0.0,23,20,3,1,0,0,
John Beck,30,WAS,QB,4,3,0,0,0,0,0,0,3,2,0,0,0.0,0,0,0,0,0,0,
Eric Foster,26,IND,DT,4,3,0,0,0,0,0,0,0,0,0,0,0.0,12,6,6,2,0,0,
Chris Johnson,32,OAK,DB,4,3,0,0,0,0,4,1,0,0,0,0,0.0,14,12,2,1,3,0,
Bryan Thomas,32,NYJ,LB,4,3,0,0,0,0,1,0,0,0,0,0,0.0,14,10,4,4,1,0,
Luke McCown,30,JAX,QB,4,2,0,0,0,0,0,0,2,0,0,0,0.0,0,0,0,0,0,0,
Daniel Muir,28,IND,DT,4,2,0,0,0,0,0,0,0,0,0,0,0.0,11,8,3,0,0,0,
Chimdi Chekwa,23,OAK,DB,4,1,0,0,0,0,2,0,0,0,0,0,0.0,8,6,2,2,1,0,
Colin Cloherty,24,JAX,TE,4,1,0,0,0,0,0,0,0,1,8,1,0.0,3,2,1,0,0,0,
Derek Hagan,27,BUF,WR,4,1,0,0,0,0,0,0,0,0,0,0,0.0,1,0,1,0,0,0,
Matt McCoy,29,SEA,LB,4,1,0,0,0,0,0,0,0,0,0,0,0.0,15,8,7,1,0,0,
Marcus Benard,26,CLE,LB,4,0,0,0,0,0,0,0,0,0,0,0,0.5,3,2,1,0,1,0,
Kevin Bentley,32,2TM,LB,4,0,0,0,0,0,0,0,0,0,0,0,0.0,3,1,2,0,0,0,
Kevin Bentley,32,JAX,LB,1,0,,,,,0,0,0,0,0,0,,1,1,0,0,0,,
Kevin Bentley,32,IND,LB,3,0,0,0,0,0,0,0,0,0,0,0,0.0,2,0,2,0,0,0,
Ahmad Black,22,TAM,DB,4,0,0,0,0,0,0,0,0,1,0,0,0.0,5,3,2,0,0,0,
David Buehler,24,DAL,K,4,0,0,0,0,0,0,0,0,0,0,0,0.0,2,1,1,0,0,0,
Justin Cole,24,STL,LB,4,0,0,0,0,0,0,0,0,0,0,0,0.0,2,2,0,0,0,0,
Erik Coleman,29,DET,DB,4,0,0,0,0,0,0,0,0,0,0,0,0.0,2,2,0,0,0,0,
Da'Mon Cromartie-Smith,24,PIT,DB,4,0,0,0,0,0,0,0,0,0,0,0,0.0,3,3,0,0,0,0,
Bruce Davis,26,OAK,LB,4,0,,,,,0,0,0,0,0,0,,2,1,1,0,0,,
Antonio Dixon,26,PHI,DT,4,0,0,0,0,0,0,0,0,0,0,0,0.0,4,3,1,0,0,0,
Devin Holland,23,TAM,DB,4,0,0,0,0,0,0,0,0,0,0,0,0.0,2,2,0,0,0,0,
Corvey Irvin,26,JAX,DT,4,0,0,0,0,0,0,0,0,0,0,0,0.0,1,1,0,0,0,0,
George Johnson,24,TAM,DE,4,0,0,0,0,0,0,0,0,0,0,0,0.0,2,1,1,0,0,0,
Brandon King,24,IND,DB,4,0,0,0,0,0,0,0,0,0,0,0,0.0,2,1,1,0,0,0,
Pep Levingston,24,SEA,DE,4,0,0,0,0,0,0,0,0,0,0,0,0.0,1,1,0,0,0,0,
Scott Lutrus,23,IND,LB,4,0,0,0,0,0,0,0,0,0,0,0,0.0,7,3,4,0,0,0,
John McCargo,28,TAM,DT,4,0,0,0,0,0,0,0,0,0,0,0,0.0,5,3,2,0,0,0,
Kyle McCarthy,25,DEN,DB,4,0,0,0,0,0,0,0,0,0,0,0,0.0,3,3,0,0,0,0,
Zach Miller,27,JAX,TE,4,0,0,0,0,0,0,0,0,0,0,0,0.0,1,1,0,0,0,0,
Kyle Moore,25,BUF,DE,4,0,0,0,0,0,0,0,0,0,0,0,0.0,4,3,1,0,0,0,
Tom Nelson,25,PHI,DB,4,0,0,0,0,0,0,0,0,0,0,0,0.0,2,2,0,0,0,0,
Jason Phillips,25,CAR,LB,4,0,0,0,0,0,0,0,0,0,0,0,0.0,4,3,1,0,0,0,
Jason Shirley,26,CAR,DT,4,0,0,0,0,0,0,1,0,0,0,0,2.5,4,2,2,1,2,0,
Ricardo Silva,23,DET,DB,4,0,0,0,0,0,0,0,0,0,0,0,0.0,3,2,1,0,0,0,
Will Tukuafu,27,SFO,DE,4,0,0,0,0,0,0,0,0,1,12,0,0.0,2,2,0,0,0,0,
Anthony Walters,23,CHI,DB,4,0,0,0,0,0,0,0,0,0,0,0,0.0,1,1,0,0,0,0,
Brian Williams,32,NYG,DB,4,0,0,0,0,0,0,0,0,0,0,0,0.0,1,1,0,0,0,0,
Kenny Britt,23,TEN,WR,3,3,0,0,0,0,0,0,1,0,0,0,0.0,0,0,0,0,0,0,
Kellen Clemens,28,STL,QB,3,3,0,0,0,0,0,0,2,1,0,0,0.0,0,0,0,0,0,0,
Kerry Collins,39,IND,QB,3,3,0,0,0,0,0,0,4,0,0,0,0.0,0,0,0,,,0,
Cody Grimm,24,TAM,DB,3,3,0,0,0,0,1,0,0,0,0,0,0.0,11,10,1,0,0,0,
Matt Shaughnessy,25,OAK,DE,3,3,0,0,0,0,0,0,0,0,0,0,1.0,7,6,1,3,2,0,
Josh McCown,32,CHI,QB,3,2,0,0,0,0,0,0,2,2,0,0,0.0,0,0,0,,,0,
Charlie Whitehurst,29,SEA,QB,3,2,0,0,0,0,0,0,2,1,0,0,0.0,0,0,0,,,0,
Mario Addison,24,IND,DE,3,0,0,0,0,0,0,0,0,0,0,0,0.0,5,1,4,0,0,0,
Everette Brown,24,SDG,DE,3,0,0,0,0,0,0,0,0,0,0,0,0.0,2,2,0,0,0,0,
Prescott Burgess,27,BAL,LB,3,0,0,0,0,0,0,0,0,0,0,0,0.0,3,2,1,0,0,0,
Zach Clayton,23,TEN,DT,3,0,0,0,0,0,0,0,0,0,0,0,0.0,3,2,1,0,0,0,
Antonio Coleman,25,BUF,DE,3,0,0,0,0,0,0,0,0,0,0,0,0.0,4,2,2,0,0,0,
Jeff Cumberland,24,NYJ,TE,3,0,0,0,0,0,0,0,0,0,0,0,0.0,1,1,0,0,0,0,
Isaiah Ekejiuba,30,DET,LB,3,0,0,0,0,0,0,0,0,0,0,0,0.0,2,1,1,0,0,0,
Brandon Graham,23,PHI,DE,3,0,0,0,0,0,0,0,0,0,0,0,0.0,4,4,0,1,0,0,
Brandon Hogan,23,CAR,DB,3,0,0,0,0,0,0,0,0,0,0,0,0.0,3,2,1,0,0,0,
Marquis Johnson,23,STL,FB,3,0,0,0,0,0,3,0,0,0,0,0,0.0,5,4,1,0,0,0,
Mitch King,25,NOR,DT,3,0,0,0,0,0,0,0,0,0,0,0,0.0,3,1,2,1,0,0,
Kevin Malast,25,TEN,LB,3,0,0,0,0,0,0,0,0,0,0,0,0.0,2,2,0,0,0,0,
Carlton Powell,26,ATL,DT,3,0,0,0,0,0,0,0,0,0,0,0,0.0,1,0,1,0,0,0,
Andrew Sendejo,24,MIN,DB,3,0,0,0,0,0,0,0,0,0,0,0,0.0,3,2,1,0,0,0,
Armond Smith,25,CLE,RB,3,0,0,0,0,0,0,0,0,0,0,0,0.0,1,0,1,0,0,0,
Chris Smith,24,STL,DB,3,0,0,0,0,0,0,0,0,0,0,0,0.0,3,3,0,0,0,0,
Kiante Tripp,24,CLE,DT,3,0,0,0,0,0,0,0,0,0,0,0,0.0,1,0,1,0,0,0,
Melvin Bullitt,27,IND,DB,2,2,1,15,0,15,1,0,0,0,0,0,0.0,11,6,5,0,0,0,
Nick Collins,28,GNB,DB,2,2,0,0,0,0,1,1,0,0,0,0,0.0,12,9,3,0,0,0,
Thomas Davis,28,CAR,LB,2,2,0,0,0,0,0,0,0,1,0,0,0.0,12,6,6,0,0,0,
Ras-I Dowling,23,NWE,DB,2,2,0,0,0,0,0,0,0,0,0,0,0.0,3,2,1,0,0,0,
Bob Sanders,30,SDG,DB,2,2,0,0,0,0,0,0,0,0,0,0,0.0,12,7,5,0,0,0,
Kyle Boller,30,OAK,QB,2,1,0,0,0,0,0,0,3,2,-6,0,0.0,0,0,0,0,0,0,
Jamaal Charles,25,KAN,RB,2,1,0,0,0,0,0,0,1,0,0,0,0.0,0,0,0,0,0,0,
Jonathan Nelson,23,CAR,DB,2,1,1,20,0,20,1,0,0,0,0,0,0.0,9,6,3,0,0,0,
Darvin Adams,21,CAR,WR,2,0,0,0,0,0,0,0,0,0,0,0,0.0,1,1,0,0,0,0,
Kamar Aiken,22,BUF,WR,2,0,0,0,0,0,0,0,0,0,0,0,0.0,1,1,0,0,0,0,
David Anderson,28,HOU,WR,2,0,0,0,0,0,0,0,0,0,0,0,0.0,1,1,0,0,0,0,
Ryan Baker,27,MIA,DE,2,0,0,0,0,0,0,0,0,0,0,0,0.0,1,1,0,0,0,0,
Richard Bartel,28,ARI,QB,2,0,0,0,0,0,0,0,0,0,0,0,0.0,1,0,1,,,0,
Mason Brodine,23,OAK,DE,2,0,0,0,0,0,0,0,0,0,0,0,0.0,1,1,0,,,0,
C.C. Brown,28,JAX,DB,2,0,0,0,0,0,0,0,0,0,0,0,0.0,3,2,1,0,0,0,
Eldra Buckley,26,DET,RB,2,0,,,,,0,0,0,0,0,0,,1,1,0,0,0,,
Keyunta Dawson,26,DET,DE,2,0,0,0,0,0,0,0,0,0,0,0,0.0,1,1,0,0,0,0,
Domonique Foxworth,28,BAL,DB,2,0,0,0,0,0,0,0,0,0,0,0,0.0,2,1,1,0,0,0,
Nick Hayden,25,CIN,DT,2,0,0,0,0,0,0,0,0,0,0,0,0.0,2,2,0,0,0,0,
Jovan Haye,29,2TM,DT,2,0,0,0,0,0,0,0,0,0,0,0,0.0,4,2,2,0,0,0,
Jovan Haye,29,DET,DT,1,0,0,0,0,0,0,0,0,0,0,0,0.0,2,0,2,0,0,0,
Jovan Haye,29,TAM,DT,1,0,0,0,0,0,0,0,0,0,0,0,0.0,2,2,0,0,0,0,
Davon House,22,GNB,DB,2,0,0,0,0,0,0,0,0,0,0,0,0.0,1,1,0,0,0,0,
J.P. Losman,30,MIA,QB,2,0,0,0,0,0,0,0,1,1,0,0,0.0,0,0,0,0,0,0,
Nedu Ndukwe,26,OAK,DB,2,0,1,0,0,0,1,0,0,0,0,0,0.0,2,2,0,0,0,0,
Bilal Powell,23,NYJ,RB,2,0,0,0,0,0,0,0,1,0,0,0,0.0,0,0,0,,,0,
Myron Pryor,25,NWE,DT,2,0,0,0,0,0,0,0,0,0,0,0,0.5,2,1,1,0,4,0,
Jordan Shipley,26,CIN,WR,2,0,0,0,0,0,0,0,1,0,0,0,0.0,0,0,0,,,0,
Mana Silva,23,DAL,DB,2,0,0,0,0,0,0,0,0,0,0,0,0.0,3,3,0,0,0,0,
Chauncey Washington,26,DAL,RB,2,0,0,0,0,0,0,0,0,0,0,0,0.0,1,1,0,0,0,0,
Al Woods,24,SEA,DT,2,0,0,0,0,0,0,0,0,0,0,0,0.0,2,1,1,0,0,0,
Danny Amendola,26,STL,WR,1,1,0,0,0,0,0,0,1,1,0,0,0.0,0,0,0,0,0,0,
Ron Bartell,29,STL,DB,1,1,0,0,0,0,0,0,0,0,0,0,0.0,1,1,0,0,0,0,
Jon Beason,26,CAR,LB,1,1,0,0,0,0,0,0,0,0,0,0,0.0,4,4,0,1,0,0,
Gary Brackett,31,IND,LB,1,1,1,27,0,27,1,0,0,0,0,0,0.0,6,5,1,0,0,0,
Luis Castillo,28,SDG,DE,1,1,0,0,0,0,0,0,0,0,0,0,0.0,1,1,0,0,0,0,
Mike Wright,29,NWE,DT,1,1,0,0,0,0,0,0,0,0,0,0,0.5,1,0,1,0,1,0,
Adrian Awasom,28,MIN,DE,1,0,,,,,0,0,0,0,0,0,,3,1,2,0,0,,
Landon Cohen,25,NWE,DT,1,0,0,0,0,0,0,0,0,0,0,0,0.0,1,1,0,0,0,0,
Jake Delhomme,36,HOU,QB,1,0,0,0,0,0,0,0,1,0,0,0,0.0,0,0,0,,,0,
Marshay Green,25,ARI,DB,1,0,0,0,0,0,0,0,0,0,0,0,0.0,1,1,0,0,0,0,
Jameson Konz,25,SEA,RB,1,0,0,0,0,0,0,0,0,0,0,0,0.0,1,1,0,0,0,0,
Robert Malone,23,DET,P,1,0,0,0,0,0,0,0,0,0,0,0,0.0,1,1,0,0,0,0,
Darcel McBath,26,JAX,DB,1,0,0,0,0,0,0,0,0,0,0,0,0.0,2,1,1,0,0,0,
Rico Murray,24,CIN,DB,1,0,0,0,0,0,0,0,0,0,0,0,0.0,1,1,0,0,0,0,
Lousaka Polite,30,NWE,RB,1,0,0,0,0,0,0,0,0,0,0,0,0.0,1,0,1,0,0,0,
DeMario Pressley,26,CAR,DT,1,0,0,0,0,0,1,0,0,0,0,0,0.0,5,3,2,0,0,0,
Daniel Te'o-Nesheim,25,TAM,DE,1,0,0,0,0,0,0,0,0,0,0,0,0.0,1,1,0,0,1,0,
