Player,Age,Team,G,GS,Tgt,Rec,Yds,Y/R,TD,1D,Succ%,Lng,R/G,Y/G,Ctch%,Y/Tgt,Fmb,Awards
Wes Welker,28.0,NWE,14.0,13.0,162.0,123.0,1348.0,11.0,4.0,71.0,66.0,58.0,8.8,96.3,75.9,8.3,2.0,"PB,AP-1"
Steve Smith,24.0,NYG,16.0,15.0,157.0,107.0,1220.0,11.4,7.0,62.0,58.0,51.0,6.7,76.3,68.2,7.8,0.0,PB
Andre Johnson,28.0,HOU,16.0,16.0,171.0,101.0,1569.0,15.5,9.0,70.0,49.1,72.0,6.3,98.1,59.1,9.2,1.0,"PB,AP-1"
Brandon Marshall,25.0,DEN,15.0,13.0,154.0,101.0,1120.0,11.1,10.0,55.0,45.5,75.0,6.7,74.7,65.6,7.3,0.0,PB
Dallas Clark,30.0,IND,16.0,16.0,133.0,100.0,1106.0,11.1,10.0,61.0,60.9,80.0,6.3,69.1,75.2,8.3,1.0,"PB,AP-1"
Reggie Wayne,31.0,IND,16.0,16.0,149.0,100.0,1264.0,12.6,10.0,73.0,59.1,65.0,6.3,79.0,67.1,8.5,0.0,"PB,AP-2"
Larry Fitzgerald,26.0,ARI,16.0,16.0,153.0,97.0,1092.0,11.3,13.0,68.0,53.6,34.0,6.1,68.3,63.4,7.1,0.0,"PB,AP-2"
Hines Ward,33.0,PIT,16.0,16.0,137.0,95.0,1167.0,12.3,6.0,56.0,57.7,54.0,5.9,72.9,69.3,8.5,2.0,
Jason Witten,27.0,DAL,16.0,16.0,124.0,94.0,1030.0,11.0,2.0,49.0,58.9,69.0,5.9,64.4,75.8,8.3,0.0,PB
Roddy White,28.0,ATL,16.0,16.0,165.0,85.0,1153.0,13.6,11.0,54.0,43.0,90.0,5.3,72.1,51.5,7.0,1.0,PB
Anquan Boldin,29.0,ARI,15.0,15.0,127.0,84.0,1024.0,12.2,4.0,49.0,55.9,44.0,5.6,68.3,66.1,8.1,3.0,
Tony Gonzalez,33.0,ATL,16.0,16.0,134.0,83.0,867.0,10.4,6.0,55.0,54.5,27.0,5.2,54.2,61.9,6.5,0.0,
Randy Moss,32.0,NWE,16.0,16.0,137.0,83.0,1264.0,15.2,13.0,62.0,57.7,71.0,5.2,79.0,60.6,9.2,2.0,
Sidney Rice,23.0,MIN,16.0,14.0,121.0,83.0,1312.0,15.8,8.0,60.0,63.6,63.0,5.2,82.0,68.6,10.8,1.0,PB
Miles Austin,25.0,DAL,16.0,9.0,124.0,81.0,1320.0,16.3,11.0,58.0,55.6,60.0,5.1,82.5,65.3,10.6,1.0,PB
Antonio Gates,29.0,SDG,16.0,16.0,114.0,79.0,1157.0,14.6,8.0,61.0,62.3,56.0,4.9,72.3,69.3,10.1,1.0,"PB,AP-2"
Santonio Holmes,25.0,PIT,16.0,16.0,138.0,79.0,1248.0,15.8,5.0,62.0,54.3,57.0,4.9,78.0,57.2,9.0,0.0,
T.J. Houshmandzadeh,32.0,SEA,16.0,16.0,135.0,79.0,911.0,11.5,3.0,52.0,50.4,53.0,4.9,56.9,58.5,6.7,2.0,
Vernon Davis,25.0,SFO,16.0,16.0,128.0,78.0,965.0,12.4,13.0,38.0,46.1,73.0,4.9,60.3,60.9,7.5,0.0,PB
Ray Rice,22.0,BAL,16.0,15.0,101.0,78.0,702.0,9.0,1.0,27.0,46.5,63.0,4.9,43.9,77.2,7.0,3.0,"PB,AP-2"
Kellen Winslow,26.0,TAM,16.0,14.0,127.0,77.0,884.0,11.5,5.0,46.0,48.0,42.0,4.8,55.3,60.6,7.0,0.0,
Davone Bess,24.0,MIA,16.0,2.0,113.0,76.0,758.0,10.0,2.0,48.0,53.1,34.0,4.8,47.4,67.3,6.7,6.0,
Brent Celek,24.0,PHI,16.0,15.0,112.0,76.0,971.0,12.8,8.0,39.0,50.9,47.0,4.8,60.7,67.9,8.7,0.0,
Heath Miller,27.0,PIT,16.0,16.0,98.0,76.0,789.0,10.4,6.0,37.0,60.2,41.0,4.8,49.3,77.6,8.1,2.0,PB
Derrick Mason,35.0,BAL,16.0,16.0,134.0,73.0,1028.0,14.1,7.0,55.0,50.7,72.0,4.6,64.3,54.5,7.7,0.0,
Chad Johnson,31.0,CIN,16.0,15.0,128.0,72.0,1047.0,14.5,9.0,55.0,52.3,50.0,4.5,65.4,56.3,8.2,2.0,PB
Marques Colston,26.0,NOR,16.0,14.0,107.0,70.0,1074.0,15.3,9.0,54.0,59.8,68.0,4.4,67.1,65.4,10.0,2.0,
Donald Driver,34.0,GNB,16.0,16.0,113.0,70.0,1061.0,15.2,6.0,48.0,53.1,71.0,4.4,66.3,61.9,9.4,2.0,
Santana Moss,30.0,WAS,16.0,16.0,120.0,70.0,902.0,12.9,3.0,40.0,44.2,59.0,4.4,56.4,58.3,7.5,2.0,
Vincent Jackson,26.0,SDG,15.0,15.0,108.0,68.0,1167.0,17.2,9.0,57.0,60.2,55.0,4.5,77.8,63.0,10.8,0.0,PB
Greg Jennings,26.0,GNB,16.0,13.0,119.0,68.0,1113.0,16.4,4.0,49.0,52.1,83.0,4.3,69.6,57.1,9.4,0.0,
Calvin Johnson,24.0,DET,14.0,14.0,137.0,67.0,984.0,14.7,5.0,46.0,42.3,75.0,4.8,70.3,48.9,7.2,3.0,
Zach Miller,24.0,OAK,15.0,15.0,99.0,66.0,805.0,12.2,3.0,30.0,47.5,86.0,4.4,53.7,66.7,8.1,0.0,
Steve Smith Sr.,30.0,CAR,15.0,15.0,129.0,65.0,982.0,15.1,7.0,42.0,40.3,66.0,4.3,65.5,50.4,7.6,1.0,
Nate Burleson,28.0,SEA,13.0,12.0,103.0,63.0,812.0,12.9,3.0,41.0,56.3,44.0,4.8,62.5,61.2,7.9,3.0,
Tim Hightower,23.0,ARI,16.0,16.0,80.0,63.0,428.0,6.8,0.0,22.0,45.0,23.0,3.9,26.8,78.8,5.4,5.0,
Mike Sims-Walker,25.0,JAX,15.0,14.0,111.0,63.0,869.0,13.8,7.0,43.0,51.4,61.0,4.2,57.9,56.8,7.8,2.0,
DeSean Jackson,23.0,PHI,15.0,15.0,117.0,62.0,1156.0,18.6,9.0,40.0,45.3,71.0,4.1,77.1,53.0,9.9,3.0,"PB,AP-2"
Austin Collie,24.0,IND,16.0,5.0,89.0,60.0,676.0,11.3,7.0,37.0,58.4,39.0,3.8,42.3,67.4,7.6,0.0,
Percy Harvin,21.0,MIN,15.0,8.0,91.0,60.0,790.0,13.2,6.0,43.0,53.8,51.0,4.0,52.7,65.9,8.7,1.0,"PB,AP ORoY-1"
Greg Olsen,24.0,CHI,16.0,15.0,108.0,60.0,612.0,10.2,8.0,33.0,42.6,41.0,3.8,38.3,55.6,5.7,0.0,
Jerricho Cotchery,27.0,NYJ,14.0,12.0,96.0,57.0,821.0,14.4,3.0,44.0,56.3,53.0,4.1,58.6,59.4,8.6,1.0,
Matt Forte,24.0,CHI,16.0,16.0,72.0,57.0,471.0,8.3,0.0,17.0,37.5,37.0,3.6,29.4,79.2,6.5,6.0,
Devin Hester,27.0,CHI,13.0,12.0,91.0,57.0,757.0,13.3,3.0,34.0,51.6,48.0,4.4,58.2,62.6,8.3,3.0,
Mario Manningham,23.0,NYG,14.0,10.0,99.0,57.0,822.0,14.4,5.0,40.0,50.5,49.0,4.1,58.7,57.6,8.3,1.0,
Jeremy Maclin,21.0,PHI,15.0,13.0,91.0,56.0,773.0,13.8,4.0,31.0,48.4,56.0,3.7,51.5,61.5,8.5,0.0,AP ORoY-3
Visanthe Shiancoe,29.0,MIN,16.0,13.0,79.0,56.0,566.0,10.1,11.0,38.0,65.8,27.0,3.5,35.4,70.9,7.2,0.0,
Bernard Berrian,29.0,MIN,16.0,15.0,92.0,55.0,618.0,11.2,4.0,35.0,50.0,40.0,3.4,38.6,59.8,6.7,0.0,
Steve Breaston,26.0,ARI,15.0,6.0,82.0,55.0,712.0,12.9,3.0,33.0,56.1,45.0,3.7,47.5,67.1,8.7,2.0,
Jermichael Finley,22.0,GNB,13.0,10.0,72.0,55.0,676.0,12.3,5.0,30.0,63.9,62.0,4.2,52.0,76.4,9.4,1.0,
Terrell Owens,36.0,BUF,16.0,16.0,109.0,55.0,829.0,15.1,5.0,35.0,42.2,98.0,3.4,51.8,50.5,7.6,1.0,
Earl Bennett,22.0,CHI,16.0,15.0,88.0,54.0,717.0,13.3,2.0,32.0,50.0,71.0,3.4,44.8,61.4,8.1,2.0,
Jabar Gaffney,29.0,DEN,16.0,7.0,87.0,54.0,732.0,13.6,2.0,33.0,43.7,49.0,3.4,45.8,62.1,8.4,0.0,
Todd Heap,29.0,BAL,16.0,16.0,75.0,53.0,593.0,11.2,6.0,33.0,57.3,31.0,3.3,37.1,70.7,7.9,1.0,
Maurice Jones-Drew,24.0,JAX,16.0,16.0,71.0,53.0,374.0,7.1,1.0,16.0,46.5,19.0,3.3,23.4,74.6,5.3,2.0,PB
Muhsin Muhammad,36.0,CAR,14.0,13.0,89.0,53.0,581.0,11.0,1.0,32.0,53.9,27.0,3.8,41.5,59.6,6.5,0.0,
Kevin Walter,28.0,HOU,14.0,14.0,70.0,53.0,611.0,11.5,2.0,33.0,70.0,41.0,3.8,43.6,75.7,8.7,0.0,
Frank Gore,26.0,SFO,14.0,14.0,75.0,52.0,406.0,7.8,3.0,14.0,45.3,48.0,3.7,29.0,69.3,5.4,4.0,PB
Josh Morgan,24.0,SFO,16.0,15.0,80.0,52.0,527.0,10.1,3.0,18.0,38.8,61.0,3.3,32.9,65.0,6.6,0.0,
Joseph Addai,26.0,IND,15.0,15.0,63.0,51.0,336.0,6.6,3.0,18.0,46.0,25.0,3.4,22.4,81.0,5.3,1.0,
Andre Caldwell,24.0,CIN,16.0,3.0,80.0,51.0,432.0,8.5,3.0,29.0,52.5,24.0,3.2,27.0,63.8,5.4,4.0,
John Carlson,25.0,SEA,16.0,16.0,83.0,51.0,574.0,11.3,7.0,27.0,47.0,42.0,3.2,35.9,61.4,6.9,0.0,
Devery Henderson,27.0,NOR,16.0,11.0,83.0,51.0,804.0,15.8,2.0,33.0,53.0,75.0,3.2,50.3,61.4,9.7,0.0,
Torry Holt,33.0,JAX,15.0,12.0,103.0,51.0,722.0,14.2,0.0,35.0,45.6,63.0,3.4,48.1,49.5,7.0,1.0,
Steven Jackson,26.0,STL,15.0,15.0,75.0,51.0,322.0,6.3,0.0,16.0,34.7,38.0,3.4,21.5,68.0,4.3,2.0,"PB,AP-2"
Greg Camarillo,27.0,MIA,16.0,16.0,72.0,50.0,552.0,11.0,0.0,28.0,62.5,29.0,3.1,34.5,69.4,7.7,0.0,
Michael Jenkins,27.0,ATL,15.0,9.0,90.0,50.0,635.0,12.7,1.0,29.0,43.3,50.0,3.3,42.3,55.6,7.1,0.0,
Chris Johnson,24.0,TEN,16.0,16.0,71.0,50.0,503.0,10.1,2.0,18.0,39.4,69.0,3.1,31.4,70.4,7.1,3.0,"PB,AP-1,AP OPoY-1"
Antwaan Randle El,30.0,WAS,16.0,3.0,77.0,50.0,530.0,10.6,0.0,33.0,50.6,44.0,3.1,33.1,64.9,6.9,4.0,
Michael Crabtree,22.0,SFO,11.0,11.0,86.0,48.0,625.0,13.0,2.0,28.0,37.2,50.0,4.4,56.8,55.8,7.3,1.0,
Fred Davis,23.0,WAS,16.0,10.0,76.0,48.0,509.0,10.6,6.0,31.0,48.7,29.0,3.0,31.8,63.2,6.7,0.0,
Jeremy Shockey,29.0,NOR,13.0,12.0,67.0,48.0,569.0,11.9,3.0,29.0,61.2,66.0,3.7,43.8,71.6,8.5,0.0,
Mike Thomas,22.0,JAX,14.0,4.0,62.0,48.0,453.0,9.4,1.0,28.0,66.1,28.0,3.4,32.4,77.4,7.3,1.0,
Donnie Avery,25.0,STL,16.0,16.0,97.0,47.0,589.0,12.5,5.0,24.0,39.2,50.0,2.9,36.8,48.5,6.1,2.0,
Dwayne Bowe,25.0,KAN,11.0,9.0,87.0,47.0,589.0,12.5,4.0,30.0,44.8,41.0,4.3,53.5,54.0,6.8,1.0,
Reggie Bush,24.0,NOR,14.0,8.0,68.0,47.0,335.0,7.1,3.0,16.0,48.5,29.0,3.4,23.9,69.1,4.9,4.0,
Pierre Garcon,23.0,IND,14.0,13.0,92.0,47.0,765.0,16.3,4.0,33.0,45.7,66.0,3.4,54.6,51.1,8.3,1.0,
Hakeem Nicks,21.0,NYG,14.0,6.0,74.0,47.0,790.0,16.8,6.0,32.0,51.4,68.0,3.4,56.4,63.5,10.7,2.0,
Nate Washington,26.0,TEN,16.0,15.0,95.0,47.0,569.0,12.1,6.0,34.0,43.2,35.0,2.9,35.6,49.5,6.0,1.0,
Fred Jackson,28.0,BUF,16.0,11.0,61.0,46.0,371.0,8.1,2.0,22.0,42.6,21.0,2.9,23.2,75.4,6.1,4.0,
Deion Branch,30.0,SEA,14.0,5.0,79.0,45.0,437.0,9.7,2.0,18.0,40.5,35.0,3.2,31.2,57.0,5.5,0.0,
Malcom Floyd,28.0,SDG,16.0,9.0,76.0,45.0,776.0,17.2,1.0,36.0,57.9,53.0,2.8,48.5,59.2,10.2,0.0,
Dustin Keller,25.0,NYJ,16.0,12.0,82.0,45.0,522.0,11.6,2.0,27.0,40.2,40.0,2.8,32.6,54.9,6.4,1.0,
Johnny Knox,23.0,CHI,15.0,0.0,80.0,45.0,527.0,11.7,5.0,22.0,41.3,68.0,3.0,35.1,56.3,6.6,3.0,PB
Robert Meachem,25.0,NOR,16.0,7.0,64.0,45.0,722.0,16.0,9.0,30.0,54.7,54.0,2.8,45.1,70.3,11.3,2.0,
Bo Scaife,28.0,TEN,14.0,10.0,70.0,45.0,440.0,9.8,1.0,24.0,45.7,27.0,3.2,31.4,64.3,6.3,1.0,
Darren Sproles,26.0,SDG,16.0,2.0,57.0,45.0,497.0,11.0,4.0,20.0,50.9,81.0,2.8,31.1,78.9,8.7,3.0,
Chris Chambers,31.0,2TM,16.0,14.0,92.0,45.0,730.0,16.2,5.0,32.0,42.4,61.0,2.8,45.6,48.9,7.9,0.0,
Braylon Edwards,26.0,2TM,16.0,15.0,95.0,45.0,680.0,15.1,4.0,36.0,45.3,65.0,2.8,42.5,47.4,7.2,1.0,
Lee Evans,28.0,BUF,16.0,16.0,96.0,44.0,612.0,13.9,7.0,27.0,38.5,50.0,2.8,38.3,45.8,6.4,0.0,
Steve Slaton,23.0,HOU,11.0,10.0,55.0,44.0,417.0,9.5,4.0,20.0,60.0,38.0,4.0,37.9,80.0,7.6,7.0,
Chester Taylor,30.0,MIN,16.0,0.0,59.0,44.0,389.0,8.8,1.0,18.0,39.0,33.0,2.8,24.3,74.6,6.6,2.0,
Danny Amendola,24.0,STL,14.0,2.0,63.0,43.0,326.0,7.6,1.0,19.0,47.6,25.0,3.1,23.3,68.3,5.2,4.0,
Laveranues Coles,32.0,CIN,16.0,13.0,77.0,43.0,514.0,12.0,5.0,29.0,49.4,40.0,2.7,32.1,55.8,6.7,0.0,
Adrian Peterson,24.0,MIN,16.0,15.0,57.0,43.0,436.0,10.1,0.0,16.0,47.4,63.0,2.7,27.3,75.4,7.6,7.0,"PB,AP-1"
Kevin Boss,25.0,NYG,15.0,15.0,69.0,42.0,567.0,13.5,5.0,26.0,43.5,35.0,2.8,37.8,60.9,8.2,0.0,
Kenny Britt,21.0,TEN,16.0,6.0,75.0,42.0,701.0,16.7,3.0,34.0,50.7,57.0,2.6,43.8,56.0,9.3,1.0,
Jason Avant,26.0,PHI,16.0,9.0,58.0,41.0,587.0,14.3,3.0,24.0,56.9,58.0,2.6,36.7,70.7,10.1,1.0,
Justin Forsett,24.0,SEA,16.0,2.0,57.0,41.0,350.0,8.5,1.0,13.0,38.6,47.0,2.6,21.9,71.9,6.1,4.0,
Kevin Smith,23.0,DET,13.0,13.0,57.0,41.0,415.0,10.1,1.0,16.0,54.4,63.0,3.2,31.9,71.9,7.3,3.0,
Jamaal Charles,23.0,KAN,15.0,10.0,55.0,40.0,297.0,7.4,1.0,11.0,36.4,49.0,2.7,19.8,72.7,5.4,4.0,
Owen Daniels,27.0,HOU,8.0,8.0,58.0,40.0,519.0,13.0,5.0,28.0,58.6,44.0,5.0,64.9,69.0,8.9,1.0,
LeSean McCoy,21.0,PHI,16.0,4.0,55.0,40.0,308.0,7.7,0.0,13.0,41.8,45.0,2.5,19.3,72.7,5.6,2.0,
Antonio Bryant,28.0,TAM,13.0,11.0,86.0,39.0,600.0,15.4,4.0,25.0,38.4,42.0,3.0,46.2,45.3,7.0,0.0,
Pierre Thomas,25.0,NOR,14.0,6.0,45.0,39.0,302.0,7.7,2.0,12.0,48.9,36.0,2.8,21.6,86.7,6.7,2.0,
Mike Wallace,23.0,PIT,16.0,4.0,72.0,39.0,756.0,19.4,6.0,28.0,48.6,60.0,2.4,47.3,54.2,10.5,1.0,AP ORoY-3
David Anderson,26.0,HOU,16.0,8.0,53.0,38.0,370.0,9.7,0.0,22.0,52.8,27.0,2.4,23.1,71.7,7.0,0.0,
Ted Ginn Jr.,24.0,MIA,16.0,12.0,78.0,38.0,454.0,11.9,1.0,25.0,43.6,53.0,2.4,28.4,48.7,5.8,2.0,
Roy Williams,28.0,DAL,15.0,13.0,86.0,38.0,596.0,15.7,7.0,29.0,43.0,66.0,2.5,39.7,44.2,6.9,1.0,
Patrick Crayton,30.0,DAL,16.0,6.0,67.0,37.0,622.0,16.8,5.0,27.0,49.3,80.0,2.3,38.9,55.2,9.3,4.0,
Julian Edelman,23.0,NWE,11.0,7.0,54.0,37.0,359.0,9.7,1.0,19.0,53.7,29.0,3.4,32.6,68.5,6.6,1.0,
Kevin Faulk,33.0,NWE,15.0,7.0,53.0,37.0,301.0,8.1,1.0,13.0,45.3,38.0,2.5,20.1,69.8,5.7,1.0,
Donald Lee,29.0,GNB,16.0,10.0,54.0,37.0,260.0,7.0,1.0,11.0,37.0,19.0,2.3,16.3,68.5,4.8,0.0,
Eddie Royal,23.0,DEN,14.0,12.0,79.0,37.0,345.0,9.3,0.0,23.0,39.2,20.0,2.6,24.6,46.8,4.4,1.0,
Bobby Wade,28.0,KAN,12.0,6.0,74.0,36.0,367.0,10.2,2.0,17.0,39.2,25.0,3.0,30.6,48.6,5.0,3.0,
Bryant Johnson,28.0,DET,16.0,16.0,87.0,35.0,417.0,11.9,3.0,23.0,34.5,36.0,2.2,26.1,40.2,4.8,0.0,
Julius Jones,28.0,SEA,14.0,14.0,43.0,35.0,232.0,6.6,2.0,10.0,32.6,49.0,2.5,16.6,81.4,5.4,0.0,
Dennis Northcutt,32.0,DET,16.0,2.0,63.0,35.0,357.0,10.2,1.0,18.0,41.3,47.0,2.2,22.3,55.6,5.7,2.0,
David Thomas,26.0,NOR,15.0,8.0,48.0,35.0,356.0,10.2,1.0,18.0,54.2,37.0,2.3,23.7,72.9,7.4,0.0,
Ricky Williams,32.0,MIA,16.0,7.0,53.0,35.0,264.0,7.5,2.0,9.0,41.5,59.0,2.2,16.5,66.0,5.0,5.0,
Mark Clayton,27.0,BAL,14.0,12.0,74.0,34.0,480.0,14.1,2.0,24.0,37.8,54.0,2.4,34.3,45.9,6.5,1.0,
Brandon Gibson,22.0,STL,9.0,4.0,69.0,34.0,348.0,10.2,1.0,23.0,44.9,23.0,3.8,38.7,49.3,5.0,2.0,
Jerome Harrison,26.0,CLE,14.0,7.0,50.0,34.0,220.0,6.5,2.0,12.0,36.0,18.0,2.4,15.7,68.0,4.4,2.0,
Mohamed Massaquoi,23.0,CLE,16.0,11.0,95.0,34.0,624.0,18.4,3.0,24.0,32.6,59.0,2.1,39.0,35.8,6.6,1.0,
Randy McMichael,30.0,STL,16.0,16.0,62.0,34.0,332.0,9.8,1.0,13.0,43.5,35.0,2.1,20.8,54.8,5.4,0.0,
Louis Murphy,22.0,OAK,16.0,9.0,96.0,34.0,521.0,15.3,4.0,26.0,28.1,75.0,2.1,32.6,35.4,5.4,0.0,
Kelley Washington,30.0,BAL,15.0,2.0,48.0,34.0,431.0,12.7,2.0,27.0,62.5,28.0,2.3,28.7,70.8,9.0,0.0,
James Jones,25.0,GNB,16.0,3.0,62.0,32.0,440.0,13.8,5.0,16.0,38.7,74.0,2.0,27.5,51.6,7.1,0.0,
Marcedes Lewis,25.0,JAX,15.0,15.0,59.0,32.0,518.0,16.2,2.0,20.0,42.4,47.0,2.1,34.5,54.2,8.8,1.0,
Correll Buckhalter,31.0,DEN,14.0,7.0,38.0,31.0,240.0,7.7,0.0,6.0,44.7,30.0,2.2,17.1,81.6,6.3,3.0,
Anthony Fasano,25.0,MIA,14.0,14.0,53.0,31.0,339.0,10.9,2.0,21.0,43.4,27.0,2.2,24.2,58.5,6.4,2.0,
Brian Hartline,23.0,MIA,16.0,2.0,56.0,31.0,506.0,16.3,3.0,26.0,50.0,67.0,1.9,31.6,55.4,9.0,0.0,
Tony Scheffler,26.0,DEN,15.0,9.0,50.0,31.0,416.0,13.4,2.0,17.0,54.0,52.0,2.1,27.7,62.0,8.3,0.0,
Sammie Stroughter,23.0,TAM,13.0,0.0,60.0,31.0,334.0,10.8,1.0,19.0,41.7,35.0,2.4,25.7,51.7,5.6,0.0,
Brian Leonard,25.0,CIN,14.0,1.0,35.0,30.0,217.0,7.2,0.0,13.0,48.6,18.0,2.1,15.5,85.7,6.2,1.0,
Brandon Pettigrew,24.0,DET,11.0,11.0,54.0,30.0,346.0,11.5,2.0,20.0,48.1,30.0,2.7,31.5,55.6,6.4,1.0,
Jason Snelling,26.0,ATL,14.0,2.0,39.0,30.0,259.0,8.6,1.0,13.0,43.6,38.0,2.1,18.5,76.9,6.6,2.0,
Chansi Stuckey,26.0,2TM,15.0,3.0,66.0,30.0,318.0,10.6,2.0,21.0,37.9,40.0,2.0,21.2,45.5,4.8,0.0,
Chris Cooley,27.0,WAS,7.0,7.0,45.0,29.0,332.0,11.4,2.0,17.0,51.1,25.0,4.1,47.4,64.4,7.4,1.0,
Will Heller,28.0,DET,16.0,9.0,50.0,29.0,296.0,10.2,3.0,16.0,42.0,24.0,1.8,18.5,58.0,5.9,0.0,
Chaz Schilens,24.0,OAK,8.0,8.0,52.0,29.0,365.0,12.6,2.0,17.0,44.2,25.0,3.6,45.6,55.8,7.0,0.0,
Ben Watson,29.0,NWE,16.0,7.0,41.0,29.0,404.0,13.9,5.0,20.0,65.9,36.0,1.8,25.3,70.7,9.9,0.0,
DeAngelo Williams,26.0,CAR,13.0,13.0,41.0,29.0,252.0,8.7,0.0,14.0,58.5,30.0,2.2,19.4,70.7,6.1,3.0,PB
Justin Gage,28.0,TEN,12.0,10.0,67.0,28.0,383.0,13.7,3.0,22.0,38.8,49.0,2.3,31.9,41.8,5.7,0.0,
Daniel Graham,31.0,DEN,16.0,14.0,43.0,28.0,289.0,10.3,1.0,14.0,46.5,24.0,1.8,18.1,65.1,6.7,0.0,
Marshawn Lynch,23.0,BUF,13.0,6.0,37.0,28.0,179.0,6.4,0.0,6.0,27.0,35.0,2.2,13.8,75.7,4.8,3.0,
Knowshon Moreno,22.0,DEN,16.0,9.0,41.0,28.0,213.0,7.6,2.0,8.0,41.5,27.0,1.8,13.3,68.3,5.2,4.0,AP ORoY-3
Cadillac Williams,27.0,TAM,16.0,15.0,39.0,28.0,217.0,7.8,3.0,10.0,46.2,22.0,1.8,13.6,71.8,5.6,1.0,AP CPoY-2
Rock Cartwright,30.0,WAS,16.0,2.0,32.0,27.0,242.0,9.0,1.0,10.0,50.0,51.0,1.7,15.1,84.4,7.6,0.0,
Alge Crumpler,32.0,TEN,16.0,14.0,37.0,27.0,222.0,8.2,1.0,9.0,59.5,27.0,1.7,13.9,73.0,6.0,1.0,
J.P. Foschi,27.0,CIN,15.0,10.0,37.0,27.0,260.0,9.6,2.0,9.0,45.9,27.0,1.8,17.3,73.0,7.0,1.0,
Jacoby Jones,25.0,HOU,14.0,1.0,40.0,27.0,437.0,16.2,6.0,19.0,57.5,45.0,1.9,31.2,67.5,10.9,2.0,
Josh Reed,29.0,BUF,14.0,4.0,45.0,27.0,291.0,10.8,1.0,18.0,48.9,29.0,1.9,20.8,60.0,6.5,3.0,
Marion Barber III,26.0,DAL,15.0,15.0,36.0,26.0,221.0,8.5,0.0,10.0,47.2,42.0,1.7,14.7,72.2,6.1,2.0,
Joel Dreessen,27.0,HOU,16.0,11.0,39.0,26.0,320.0,12.3,1.0,16.0,66.7,25.0,1.6,20.0,66.7,8.2,0.0,
Maurice Morris,30.0,DET,14.0,3.0,38.0,26.0,210.0,8.1,0.0,7.0,50.0,19.0,1.9,15.0,68.4,5.5,1.0,
Dante Rosario,25.0,CAR,14.0,8.0,48.0,26.0,313.0,12.0,2.0,19.0,45.8,26.0,1.9,22.4,54.2,6.5,0.0,
Keenan Burton,25.0,STL,9.0,6.0,45.0,25.0,253.0,10.1,0.0,16.0,51.1,25.0,2.8,28.1,55.6,5.6,0.0,
Ryan Grant,27.0,GNB,16.0,16.0,30.0,25.0,197.0,7.9,0.0,9.0,56.7,27.0,1.6,12.3,83.3,6.6,1.0,
Malcolm Kelly,23.0,WAS,16.0,10.0,41.0,25.0,347.0,13.9,0.0,15.0,51.2,84.0,1.6,21.7,61.0,8.5,0.0,
Jeff King,26.0,CAR,16.0,15.0,33.0,25.0,200.0,8.0,3.0,12.0,60.6,32.0,1.6,12.5,75.8,6.1,1.0,
Rashard Mendenhall,22.0,PIT,16.0,12.0,32.0,25.0,261.0,10.4,1.0,13.0,56.3,26.0,1.6,16.3,78.1,8.2,3.0,
Devin Thomas,23.0,WAS,14.0,10.0,47.0,25.0,325.0,13.0,3.0,17.0,40.4,40.0,1.8,23.2,53.2,6.9,0.0,
Brian Westbrook,30.0,PHI,8.0,7.0,34.0,25.0,181.0,7.2,1.0,8.0,41.2,34.0,3.1,22.6,73.5,5.3,0.0,
Devin Aromashodu,25.0,CHI,10.0,2.0,43.0,24.0,298.0,12.4,4.0,15.0,53.5,39.0,2.4,29.8,55.8,6.9,0.0,
Mark Bradley,27.0,KAN,13.0,6.0,57.0,24.0,320.0,13.3,2.0,11.0,29.8,50.0,1.8,24.6,42.1,5.6,0.0,
Legedu Naanee,26.0,SDG,15.0,1.0,29.0,24.0,242.0,10.1,2.0,14.0,72.4,23.0,1.6,16.1,82.8,8.3,0.0,
Maurice Stovall,24.0,TAM,15.0,7.0,47.0,24.0,366.0,15.3,1.0,17.0,42.6,38.0,1.6,24.4,51.1,7.8,0.0,
Mike Furrey,32.0,CLE,16.0,4.0,39.0,23.0,170.0,7.4,0.0,12.0,43.6,22.0,1.4,10.6,59.0,4.4,0.0,
Jordy Nelson,24.0,GNB,13.0,0.0,31.0,22.0,320.0,14.5,2.0,15.0,67.7,51.0,1.7,24.6,71.0,10.3,3.0,
Ahmad Bradshaw,23.0,NYG,15.0,1.0,30.0,21.0,207.0,9.9,0.0,6.0,36.7,55.0,1.4,13.8,70.0,6.9,3.0,
Isaac Bruce,37.0,SFO,10.0,7.0,49.0,21.0,264.0,12.6,0.0,13.0,36.7,50.0,2.1,26.4,42.9,5.4,0.0,
Daniel Fells,26.0,STL,14.0,4.0,35.0,21.0,273.0,13.0,3.0,12.0,57.1,36.0,1.5,19.5,60.0,7.8,1.0,
Brandon Jackson,24.0,GNB,12.0,0.0,26.0,21.0,187.0,8.9,1.0,11.0,53.8,17.0,1.8,15.6,80.8,7.2,1.0,
Le'Ron McClain,25.0,BAL,16.0,14.0,27.0,21.0,141.0,6.7,0.0,6.0,55.6,19.0,1.3,8.8,77.8,5.2,0.0,"PB,AP-2"
Darren McFadden,22.0,OAK,12.0,7.0,36.0,21.0,245.0,11.7,0.0,10.0,50.0,48.0,1.8,20.4,58.3,6.8,5.0,
Mewelde Moore,27.0,PIT,16.0,0.0,31.0,21.0,153.0,7.3,2.0,9.0,41.9,19.0,1.3,9.6,67.7,4.9,0.0,
Delanie Walker,25.0,SFO,16.0,8.0,33.0,21.0,233.0,11.1,0.0,10.0,42.4,39.0,1.3,14.6,63.6,7.1,2.0,
Sam Aiken,29.0,NWE,14.0,7.0,41.0,20.0,326.0,16.3,2.0,12.0,43.9,81.0,1.4,23.3,48.8,8.0,0.0,
Josh Cribbs,26.0,CLE,16.0,12.0,37.0,20.0,135.0,6.8,1.0,4.0,18.9,35.0,1.3,8.4,54.1,3.6,6.0,"PB,AP-1"
Lex Hilliard,25.0,MIA,16.0,0.0,20.0,20.0,158.0,7.9,2.0,6.0,60.0,18.0,1.3,9.9,100.0,7.9,0.0,
Vonta Leach,28.0,HOU,16.0,4.0,26.0,20.0,155.0,7.8,1.0,5.0,57.7,26.0,1.3,9.7,76.9,6.0,0.0,
Lance Long,24.0,2TM,8.0,1.0,38.0,20.0,178.0,8.9,0.0,6.0,36.8,30.0,2.5,22.3,52.6,4.7,1.0,
Leonard Pope,26.0,KAN,13.0,8.0,30.0,20.0,174.0,8.7,1.0,8.0,40.0,29.0,1.5,13.4,66.7,5.8,0.0,
LaDainian Tomlinson,30.0,SDG,14.0,14.0,30.0,20.0,154.0,7.7,0.0,8.0,33.3,36.0,1.4,11.0,66.7,5.1,2.0,
Derrick Ward,29.0,TAM,14.0,1.0,24.0,20.0,150.0,7.5,2.0,7.0,54.2,38.0,1.4,10.7,83.3,6.3,0.0,
Desmond Clark,32.0,CHI,11.0,7.0,34.0,19.0,145.0,7.6,2.0,7.0,32.4,26.0,1.7,13.2,55.9,4.3,0.0,
Justin Griffith,29.0,SEA,13.0,11.0,26.0,19.0,118.0,6.2,1.0,4.0,42.3,25.0,1.5,9.1,73.1,4.5,1.0,
Joey Haynos,25.0,MIA,16.0,8.0,37.0,19.0,162.0,8.5,2.0,13.0,40.5,21.0,1.2,10.1,51.4,4.4,1.0,
Johnnie Lee Higgins,26.0,OAK,15.0,5.0,45.0,19.0,263.0,13.8,0.0,14.0,35.6,33.0,1.3,17.5,42.2,5.8,4.0,
Felix Jones,22.0,DAL,14.0,1.0,22.0,19.0,119.0,6.3,0.0,5.0,50.0,30.0,1.4,8.5,86.4,5.4,3.0,
Sammy Morris,32.0,NWE,12.0,5.0,27.0,19.0,180.0,9.5,0.0,11.0,48.1,35.0,1.6,15.0,70.4,6.7,2.0,
Jerious Norwood,26.0,ATL,10.0,4.0,22.0,19.0,186.0,9.8,1.0,9.0,54.5,38.0,1.9,18.6,86.4,8.5,1.0,
Brandon Stokley,33.0,DEN,16.0,2.0,33.0,19.0,327.0,17.2,4.0,15.0,45.5,87.0,1.2,20.4,57.6,9.9,0.0,
Kenneth Darby,27.0,STL,16.0,1.0,24.0,18.0,96.0,5.3,0.0,6.0,29.2,13.0,1.1,6.0,75.0,4.0,0.0,
Casey Fitzsimmons,29.0,DET,12.0,1.0,27.0,18.0,128.0,7.1,0.0,5.0,55.6,12.0,1.5,10.7,66.7,4.7,1.0,
Brandon Jacobs,27.0,NYG,15.0,15.0,31.0,18.0,184.0,10.2,1.0,5.0,35.5,74.0,1.2,12.3,58.1,5.9,2.0,
Jonathan Stewart,22.0,CAR,16.0,3.0,26.0,18.0,139.0,7.7,1.0,7.0,46.2,19.0,1.1,8.7,69.2,5.3,3.0,
Jerheme Urban,29.0,ARI,10.0,0.0,29.0,18.0,186.0,10.3,0.0,10.0,44.8,40.0,1.8,18.6,62.1,6.4,0.0,
Cedric Benson,27.0,CIN,13.0,13.0,24.0,17.0,111.0,6.5,0.0,5.0,58.3,19.0,1.3,8.5,70.8,4.6,1.0,AP CPoY-4
Ladell Betts,30.0,WAS,10.0,2.0,21.0,17.0,179.0,10.5,0.0,9.0,57.1,25.0,1.7,17.9,81.0,8.5,0.0,
Michael Bush,25.0,OAK,16.0,7.0,19.0,17.0,105.0,6.2,0.0,3.0,57.9,17.0,1.1,6.6,89.5,5.5,2.0,
Early Doucet,24.0,ARI,9.0,0.0,24.0,17.0,214.0,12.6,1.0,12.0,62.5,29.0,1.9,23.8,70.8,8.9,0.0,
Justin Fargas,29.0,OAK,12.0,4.0,21.0,17.0,113.0,6.6,0.0,5.0,42.9,14.0,1.4,9.4,81.0,5.4,1.0,
Dwayne Jarrett,23.0,CAR,13.0,2.0,31.0,17.0,196.0,11.5,1.0,10.0,45.2,30.0,1.3,15.1,54.8,6.3,0.0,
Shawn Nelson,24.0,BUF,12.0,12.0,29.0,17.0,156.0,9.2,1.0,7.0,37.9,25.0,1.4,13.0,58.6,5.4,2.0,
Mike Sellers,34.0,WAS,15.0,7.0,26.0,17.0,176.0,10.4,2.0,8.0,50.0,47.0,1.1,11.7,65.4,6.8,1.0,
Mike Tolbert,24.0,SDG,16.0,3.0,22.0,17.0,192.0,11.3,3.0,9.0,54.5,66.0,1.1,12.0,77.3,8.7,1.0,
Marty Booker,33.0,ATL,16.0,1.0,31.0,16.0,181.0,11.3,1.0,9.0,51.6,27.0,1.0,11.3,51.6,5.8,0.0,
Chris Brown,28.0,HOU,14.0,4.0,21.0,16.0,74.0,4.6,0.0,1.0,38.1,12.0,1.1,5.3,76.2,3.5,1.0,
Michael Clayton,27.0,TAM,13.0,11.0,48.0,16.0,230.0,14.4,1.0,11.0,29.2,47.0,1.2,17.7,33.3,4.8,0.0,
Daniel Coats,25.0,CIN,16.0,11.0,31.0,16.0,150.0,9.4,0.0,3.0,38.7,23.0,1.0,9.4,51.6,4.8,2.0,
Rashad Jennings,24.0,JAX,15.0,0.0,18.0,16.0,101.0,6.3,0.0,4.0,44.4,14.0,1.1,6.7,88.9,5.6,0.0,
Martellus Bennett,22.0,DAL,14.0,6.0,30.0,15.0,159.0,10.6,0.0,8.0,43.3,21.0,1.1,11.4,50.0,5.3,0.0,
Deon Butler,23.0,SEA,16.0,0.0,42.0,15.0,175.0,11.7,0.0,9.0,35.7,32.0,0.9,10.9,35.7,4.2,0.0,
Tashard Choice,25.0,DAL,16.0,0.0,22.0,15.0,132.0,8.8,0.0,6.0,40.9,28.0,0.9,8.3,68.2,6.0,0.0,
Domenik Hixon,25.0,NYG,14.0,2.0,28.0,15.0,187.0,12.5,1.0,10.0,42.9,61.0,1.1,13.4,53.6,6.7,3.0,
Willis McGahee,28.0,BAL,16.0,1.0,22.0,15.0,85.0,5.7,2.0,5.0,36.4,14.0,0.9,5.3,68.2,3.9,1.0,
Jerramy Stevens,30.0,TAM,16.0,8.0,32.0,15.0,130.0,8.7,1.0,6.0,40.6,17.0,0.9,8.1,46.9,4.1,0.0,
Leon Washington,27.0,NYJ,7.0,0.0,26.0,15.0,131.0,8.7,0.0,4.0,23.1,33.0,2.1,18.7,57.7,5.0,1.0,
Leonard Weaver,27.0,PHI,16.0,8.0,26.0,15.0,140.0,9.3,2.0,6.0,38.5,59.0,0.9,8.8,57.7,5.4,0.0,"PB,AP-1"
Larry Johnson,30.0,2TM,14.0,7.0,21.0,15.0,80.0,5.3,0.0,5.0,28.6,22.0,1.1,5.7,71.4,3.8,2.0,
Chris Baker,30.0,NWE,16.0,7.0,19.0,14.0,142.0,10.1,2.0,6.0,57.9,36.0,0.9,8.9,73.7,7.5,0.0,
Ronnie Brown,28.0,MIA,9.0,9.0,20.0,14.0,98.0,7.0,0.0,5.0,50.0,27.0,1.6,10.9,70.0,4.9,1.0,
David Clowney,24.0,NYJ,13.0,3.0,22.0,14.0,191.0,13.6,1.0,7.0,36.4,53.0,1.1,14.7,63.6,8.7,1.0,
Earnest Graham,29.0,TAM,13.0,6.0,22.0,14.0,109.0,7.8,0.0,3.0,50.0,16.0,1.1,8.4,63.6,5.0,0.0,
Laurence Maroney,24.0,NWE,15.0,5.0,18.0,14.0,99.0,7.1,0.0,4.0,55.6,17.0,0.9,6.6,77.8,5.5,4.0,
Lance Moore,26.0,NOR,7.0,0.0,19.0,14.0,153.0,10.9,2.0,10.0,68.4,22.0,2.0,21.9,73.7,8.1,0.0,
Sean Ryan,29.0,KAN,10.0,8.0,27.0,14.0,135.0,9.6,2.0,7.0,29.6,43.0,1.4,13.5,51.9,5.0,0.0,
Jerome Felton,23.0,DET,13.0,8.0,17.0,13.0,133.0,10.2,0.0,5.0,47.1,27.0,1.0,10.2,76.5,7.8,0.0,
Ryan Moats,27.0,HOU,14.0,2.0,15.0,13.0,106.0,8.2,1.0,7.0,60.0,20.0,0.9,7.6,86.7,7.1,3.0,
Laurent Robinson,24.0,STL,3.0,3.0,23.0,13.0,167.0,12.8,1.0,11.0,56.5,45.0,4.3,55.7,56.5,7.3,0.0,
Gary Barnidge,24.0,CAR,16.0,3.0,21.0,12.0,242.0,20.2,0.0,8.0,52.4,55.0,0.8,15.1,57.1,11.5,1.0,
Ahmard Hall,30.0,TEN,16.0,7.0,16.0,12.0,79.0,6.6,0.0,3.0,50.0,15.0,0.8,4.9,75.0,4.9,2.0,
Chris Henry,26.0,CIN,8.0,0.0,23.0,12.0,236.0,19.7,2.0,11.0,52.2,73.0,1.5,29.5,52.2,10.3,0.0,
Evan Moore,24.0,CLE,5.0,0.0,23.0,12.0,158.0,13.2,0.0,8.0,43.5,24.0,2.4,31.6,52.2,6.9,0.0,
Ben Patrick,25.0,ARI,9.0,7.0,16.0,12.0,146.0,12.2,2.0,6.0,68.8,28.0,1.3,16.2,75.0,9.1,0.0,
Justin Peelle,30.0,ATL,15.0,8.0,15.0,12.0,115.0,9.6,2.0,7.0,60.0,32.0,0.8,7.7,80.0,7.7,0.0,
Gary Russell,23.0,OAK,12.0,4.0,15.0,12.0,96.0,8.0,0.0,6.0,53.3,20.0,1.0,8.0,80.0,6.4,1.0,
Beanie Wells,21.0,ARI,16.0,0.0,16.0,12.0,143.0,11.9,0.0,5.0,62.5,25.0,0.8,8.9,75.0,8.9,4.0,
Donald Brown,22.0,IND,11.0,1.0,14.0,11.0,169.0,15.4,0.0,7.0,64.3,72.0,1.0,15.4,78.6,12.1,1.0,
Glen Coffee,22.0,SFO,14.0,2.0,18.0,11.0,76.0,6.9,0.0,1.0,16.7,12.0,0.8,5.4,61.1,4.2,0.0,
Brian Finneran,33.0,ATL,10.0,2.0,16.0,11.0,111.0,10.1,0.0,7.0,50.0,19.0,1.1,11.1,68.8,6.9,0.0,
Lousaka Polite,28.0,MIA,16.0,9.0,23.0,11.0,51.0,4.6,0.0,3.0,26.1,10.0,0.7,3.2,47.8,2.2,1.0,
Robert Royal,30.0,CLE,13.0,11.0,26.0,11.0,134.0,12.2,1.0,7.0,30.8,29.0,0.8,10.3,42.3,5.2,0.0,
Ernest Wilford,30.0,JAX,15.0,7.0,21.0,11.0,123.0,11.2,1.0,5.0,33.3,30.0,0.7,8.2,52.4,5.9,0.0,
Mike Cox,24.0,KAN,16.0,10.0,13.0,10.0,79.0,7.9,0.0,3.0,46.2,19.0,0.6,4.9,76.9,6.1,0.0,
Heath Evans,31.0,NOR,6.0,5.0,13.0,10.0,70.0,7.0,2.0,5.0,61.5,13.0,1.7,11.7,76.9,5.4,0.0,
Steve Heiden,33.0,CLE,7.0,6.0,17.0,10.0,73.0,7.3,1.0,3.0,52.9,14.0,1.4,10.4,58.8,4.3,1.0,
Thomas Jones,31.0,NYJ,16.0,16.0,18.0,10.0,58.0,5.8,0.0,4.0,27.8,28.0,0.6,3.6,55.6,3.2,2.0,
Jim Kleinsasser,32.0,MIN,16.0,8.0,16.0,10.0,70.0,7.0,0.0,3.0,25.0,21.0,0.6,4.4,62.5,4.4,0.0,
LaRod Stephens-Howling,22.0,ARI,16.0,2.0,18.0,10.0,83.0,8.3,1.0,3.0,27.8,15.0,0.6,5.2,55.6,4.6,1.0,
Tony Stewart,30.0,OAK,15.0,4.0,15.0,10.0,78.0,7.8,0.0,4.0,53.3,19.0,0.7,5.2,66.7,5.2,0.0,
Naufahu Tahi,28.0,MIN,15.0,2.0,12.0,10.0,67.0,6.7,1.0,4.0,50.0,32.0,0.7,4.5,83.3,5.6,0.0,
Aaron Brown,24.0,DET,15.0,2.0,15.0,9.0,84.0,9.3,1.0,5.0,40.0,26.0,0.6,5.6,60.0,5.6,0.0,
Reggie Brown,28.0,PHI,14.0,2.0,24.0,9.0,155.0,17.2,0.0,7.0,33.3,43.0,0.6,11.1,37.5,6.5,0.0,
Jared Cook,22.0,TEN,14.0,0.0,15.0,9.0,74.0,8.2,0.0,5.0,53.3,17.0,0.6,5.3,60.0,4.9,0.0,
Brad Cottam,25.0,KAN,8.0,1.0,15.0,9.0,120.0,13.3,0.0,6.0,53.3,26.0,1.1,15.0,60.0,8.0,0.0,
Kellen Davis,24.0,CHI,16.0,2.0,14.0,9.0,75.0,8.3,3.0,5.0,50.0,18.0,0.6,4.7,64.3,5.4,0.0,
Derek Fine,26.0,BUF,8.0,6.0,18.0,9.0,64.0,7.1,0.0,1.0,27.8,11.0,1.1,8.0,50.0,3.6,0.0,
Quinton Ganther,25.0,WAS,8.0,4.0,10.0,9.0,99.0,11.0,0.0,4.0,60.0,42.0,1.1,12.4,90.0,9.9,0.0,
Jacob Hester,24.0,SDG,15.0,10.0,11.0,9.0,24.0,2.7,0.0,0.0,9.1,5.0,0.6,1.6,81.8,2.2,1.0,
Darrius Heyward-Bey,22.0,OAK,11.0,11.0,40.0,9.0,124.0,13.8,1.0,8.0,20.0,24.0,0.8,11.3,22.5,3.1,0.0,
Jason Hill,24.0,SFO,11.0,0.0,16.0,9.0,90.0,10.0,2.0,6.0,37.5,30.0,0.8,8.2,56.3,5.6,0.0,
Chris Jennings,24.0,CLE,9.0,1.0,13.0,9.0,56.0,6.2,0.0,3.0,46.2,19.0,1.0,6.2,69.2,4.3,0.0,
Clinton Portis,28.0,WAS,8.0,8.0,12.0,9.0,57.0,6.3,1.0,2.0,50.0,10.0,1.1,7.1,75.0,4.8,1.0,
Gijon Robinson,25.0,IND,13.0,10.0,15.0,9.0,62.0,6.9,0.0,4.0,33.3,19.0,0.7,4.8,60.0,4.1,0.0,
Derek Schouman,24.0,BUF,2.0,2.0,11.0,9.0,103.0,11.4,0.0,4.0,54.5,27.0,4.5,51.5,81.8,9.4,0.0,
Jason Wright,27.0,ARI,16.0,0.0,11.0,9.0,53.0,5.9,2.0,3.0,63.6,10.0,0.6,3.3,81.8,4.8,0.0,
Billy Bajema,27.0,STL,16.0,5.0,11.0,8.0,94.0,11.8,0.0,4.0,72.7,27.0,0.5,5.9,72.7,8.5,0.0,
Travis Beckum,22.0,NYG,15.0,2.0,10.0,8.0,55.0,6.9,0.0,4.0,50.0,15.0,0.5,3.7,80.0,5.5,0.0,
Arian Foster,23.0,HOU,6.0,1.0,9.0,8.0,93.0,11.6,0.0,4.0,88.9,20.0,1.3,15.5,88.9,10.3,1.0,
Derek Hagan,25.0,NYG,16.0,0.0,8.0,8.0,101.0,12.6,1.0,4.0,87.5,23.0,0.5,6.3,100.0,12.6,0.0,
Greg Lewis,29.0,MIN,13.0,1.0,11.0,8.0,96.0,12.0,1.0,3.0,36.4,32.0,0.6,7.4,72.7,8.7,0.0,
Jamal Lewis,30.0,CLE,9.0,8.0,11.0,8.0,88.0,11.0,0.0,5.0,54.5,19.0,0.9,9.8,72.7,8.0,0.0,
Brandon Lloyd,28.0,DEN,2.0,1.0,18.0,8.0,117.0,14.6,0.0,4.0,38.9,44.0,4.0,58.5,44.4,6.5,0.0,
Tom Santi,24.0,IND,3.0,2.0,11.0,8.0,107.0,13.4,0.0,6.0,72.7,31.0,2.7,35.7,72.7,9.7,1.0,
Lawrence Vickers,26.0,CLE,16.0,9.0,18.0,8.0,27.0,3.4,1.0,3.0,27.8,12.0,0.5,1.7,44.4,1.5,1.0,
Todd Watkins,26.0,OAK,13.0,1.0,19.0,8.0,90.0,11.3,0.0,4.0,26.3,28.0,0.6,6.9,42.1,4.7,0.0,
Demetrius Williams,26.0,BAL,12.0,0.0,17.0,8.0,142.0,17.8,1.0,6.0,47.1,34.0,0.7,11.8,47.1,8.4,0.0,
Danny Woodhead,24.0,NYJ,10.0,0.0,14.0,8.0,87.0,10.9,0.0,4.0,35.7,24.0,0.8,8.7,57.1,6.2,0.0,
Anthony Becht,32.0,ARI,16.0,10.0,12.0,7.0,61.0,8.7,1.0,4.0,50.0,16.0,0.4,3.8,58.3,5.1,1.0,
Joey Galloway,38.0,NWE,3.0,2.0,20.0,7.0,67.0,9.6,0.0,3.0,20.0,19.0,2.3,22.3,35.0,3.4,0.0,
Spencer Havner,26.0,GNB,16.0,1.0,10.0,7.0,112.0,16.0,4.0,6.0,70.0,45.0,0.4,7.0,70.0,11.2,0.0,
Lavelle Hawkins,23.0,TEN,10.0,0.0,14.0,7.0,110.0,15.7,0.0,5.0,35.7,32.0,0.7,11.0,50.0,7.9,0.0,
Sam Hurd,24.0,DAL,16.0,1.0,12.0,7.0,121.0,17.3,1.0,4.0,58.3,53.0,0.4,7.6,58.3,10.1,0.0,
John Kuhn,27.0,GNB,14.0,6.0,7.0,7.0,47.0,6.7,2.0,3.0,71.4,14.0,0.5,3.4,100.0,6.7,0.0,
Luke Lawton,29.0,OAK,13.0,3.0,10.0,7.0,31.0,4.4,0.0,2.0,30.0,14.0,0.5,2.4,70.0,3.1,0.0,
Corey McIntyre,30.0,BUF,15.0,4.0,8.0,7.0,55.0,7.9,0.0,3.0,62.5,18.0,0.5,3.7,87.5,6.9,0.0,
Ovie Mughelli,29.0,ATL,14.0,7.0,10.0,7.0,51.0,7.3,1.0,3.0,50.0,21.0,0.5,3.6,70.0,5.1,0.0,
Moran Norris,31.0,SFO,16.0,7.0,11.0,7.0,31.0,4.4,0.0,1.0,27.3,11.0,0.4,1.9,63.6,2.8,1.0,
Kevin Ogletree,22.0,DAL,11.0,0.0,8.0,7.0,96.0,13.7,0.0,5.0,75.0,21.0,0.6,8.7,87.5,12.0,2.0,
John Phillips,22.0,DAL,16.0,4.0,9.0,7.0,62.0,8.9,0.0,2.0,66.7,23.0,0.4,3.9,77.8,6.9,0.0,
Brian Robiskie,22.0,CLE,11.0,1.0,20.0,7.0,106.0,15.1,0.0,6.0,30.0,43.0,0.6,9.6,35.0,5.3,0.0,
Dantrell Savage,24.0,KAN,5.0,0.0,11.0,7.0,51.0,7.3,0.0,3.0,54.5,12.0,1.4,10.2,63.6,4.6,1.0,
Brad Smith,26.0,NYJ,13.0,2.0,12.0,7.0,63.0,9.0,0.0,3.0,41.7,19.0,0.5,4.8,58.3,5.3,0.0,
Michael Bennett,31.0,SDG,6.0,0.0,7.0,6.0,65.0,10.8,0.0,2.0,57.1,33.0,1.0,10.8,85.7,9.3,0.0,
James Casey,25.0,HOU,15.0,0.0,12.0,6.0,64.0,10.7,0.0,4.0,41.7,32.0,0.4,4.3,50.0,5.3,0.0,
Brian Clark,26.0,TAM,14.0,0.0,18.0,6.0,65.0,10.8,0.0,3.0,22.2,17.0,0.4,4.6,33.3,3.6,0.0,
Kevin Curtis,31.0,PHI,3.0,1.0,15.0,6.0,77.0,12.8,0.0,5.0,40.0,19.0,2.0,25.7,40.0,5.1,0.0,
Andre' Davis,30.0,HOU,14.0,1.0,11.0,6.0,59.0,9.8,0.0,3.0,36.4,21.0,0.4,4.2,54.5,5.4,0.0,
Craig Davis,24.0,SDG,1.0,0.0,7.0,6.0,52.0,8.7,0.0,4.0,85.7,11.0,6.0,52.0,85.7,7.4,0.0,
Jarett Dillard,24.0,JAX,7.0,0.0,8.0,6.0,106.0,17.7,0.0,5.0,62.5,33.0,0.9,15.1,75.0,13.3,0.0,
Jeff Dugan,28.0,MIN,16.0,4.0,6.0,6.0,52.0,8.7,2.0,3.0,66.7,25.0,0.4,3.3,100.0,8.7,0.0,
Jeremi Johnson,29.0,CIN,16.0,8.0,12.0,6.0,41.0,6.8,0.0,1.0,41.7,9.0,0.4,2.6,50.0,3.4,1.0,
Mike Karney,28.0,STL,14.0,8.0,9.0,6.0,16.0,2.7,0.0,0.0,0.0,9.0,0.4,1.1,66.7,1.8,0.0,
Ruvell Martin,27.0,STL,8.0,0.0,12.0,6.0,99.0,16.5,0.0,4.0,41.7,33.0,0.8,12.4,50.0,8.3,0.0,
Marcus Mason,25.0,WAS,10.0,0.0,7.0,6.0,58.0,9.7,0.0,1.0,85.7,17.0,0.6,5.8,85.7,8.3,0.0,
Kenny Moore,24.0,CAR,12.0,1.0,11.0,6.0,59.0,9.8,0.0,1.0,36.4,22.0,0.5,4.9,54.5,5.4,1.0,
Willie Parker,29.0,PIT,14.0,3.0,7.0,6.0,64.0,10.7,1.0,2.0,57.1,27.0,0.4,4.6,85.7,9.1,2.0,
Michael Robinson,26.0,SFO,15.0,0.0,11.0,6.0,24.0,4.0,0.0,1.0,18.2,8.0,0.4,1.6,54.5,2.2,0.0,
Owen Schmitt,24.0,SEA,15.0,1.0,11.0,6.0,21.0,3.5,1.0,2.0,27.3,10.0,0.4,1.4,54.5,1.9,0.0,
Jonathan Stupar,25.0,BUF,14.0,2.0,11.0,6.0,40.0,6.7,0.0,3.0,36.4,17.0,0.4,2.9,54.5,3.6,0.0,
Tyrell Sutton,23.0,CAR,7.0,1.0,11.0,6.0,62.0,10.3,0.0,4.0,36.4,13.0,0.9,8.9,54.5,5.6,0.0,
Eric Weems,24.0,ATL,16.0,0.0,6.0,6.0,50.0,8.3,2.0,4.0,66.7,30.0,0.4,3.1,100.0,8.3,3.0,
Derrick Williams,23.0,DET,11.0,0.0,13.0,6.0,52.0,8.7,0.0,2.0,30.8,19.0,0.5,4.7,46.2,4.0,2.0,
Arnaz Battle,29.0,SFO,15.0,0.0,5.0,5.0,40.0,8.0,0.0,2.0,60.0,12.0,0.3,2.7,100.0,8.0,6.0,
Rashied Davis,30.0,CHI,16.0,0.0,8.0,5.0,35.0,7.0,0.0,2.0,50.0,10.0,0.3,2.2,62.5,4.4,0.0,
Darnell Dinkins,32.0,NOR,11.0,3.0,7.0,5.0,22.0,4.4,1.0,2.0,57.1,8.0,0.5,2.0,71.4,3.1,0.0,
Bobby Engram,36.0,KAN,5.0,0.0,10.0,5.0,61.0,12.2,0.0,4.0,50.0,18.0,1.0,12.2,50.0,6.1,0.0,
Michael Gaines,29.0,CLE,9.0,7.0,9.0,5.0,59.0,11.8,1.0,3.0,55.6,24.0,0.6,6.6,55.6,6.6,0.0,
Korey Hall,26.0,GNB,11.0,5.0,7.0,5.0,41.0,8.2,0.0,2.0,71.4,13.0,0.5,3.7,71.4,5.9,0.0,
Lynell Hamilton,24.0,NOR,9.0,1.0,7.0,5.0,48.0,9.6,0.0,4.0,57.1,16.0,0.6,5.3,71.4,6.9,0.0,
Mike Hart,23.0,IND,9.0,0.0,8.0,5.0,54.0,10.8,0.0,3.0,50.0,14.0,0.6,6.0,62.5,6.8,0.0,
Nate Hughes,24.0,JAX,8.0,0.0,12.0,5.0,70.0,14.0,1.0,2.0,33.3,35.0,0.6,8.8,41.7,5.8,0.0,
Darcy Johnson,26.0,NYG,13.0,4.0,7.0,5.0,32.0,6.4,0.0,2.0,57.1,14.0,0.4,2.5,71.4,4.6,1.0,
Greg Jones,28.0,JAX,13.0,7.0,10.0,5.0,14.0,2.8,0.0,0.0,10.0,9.0,0.4,1.1,50.0,1.4,0.0,
Brandon Manumaleuna,29.0,SDG,16.0,5.0,7.0,5.0,13.0,2.6,0.0,1.0,28.6,11.0,0.3,0.8,71.4,1.9,0.0,
Jason McKie,29.0,CHI,16.0,11.0,10.0,5.0,13.0,2.6,0.0,1.0,20.0,8.0,0.3,0.8,50.0,1.3,0.0,
Louis Rankin,24.0,SEA,7.0,0.0,7.0,5.0,33.0,6.6,0.0,1.0,42.9,14.0,0.7,4.7,71.4,4.7,1.0,
Bernard Scott,25.0,CIN,13.0,2.0,8.0,5.0,67.0,13.4,0.0,3.0,37.5,23.0,0.4,5.2,62.5,8.4,1.0,
Matt Spaeth,26.0,PIT,16.0,8.0,7.0,5.0,25.0,5.0,1.0,1.0,57.1,9.0,0.3,1.6,71.4,3.6,1.0,
Aaron Stecker,34.0,ATL,9.0,0.0,5.0,5.0,34.0,6.8,0.0,1.0,20.0,14.0,0.6,3.8,100.0,6.8,0.0,
Michael Turner,27.0,ATL,11.0,11.0,7.0,5.0,35.0,7.0,0.0,2.0,71.4,10.0,0.5,3.2,71.4,5.0,4.0,
Hank Baskett,27.0,2TM,12.0,0.0,12.0,5.0,34.0,6.8,0.0,1.0,33.3,9.0,0.4,2.8,41.7,2.8,0.0,
Mike Bell,26.0,NOR,13.0,3.0,4.0,4.0,12.0,3.0,0.0,1.0,25.0,9.0,0.3,0.9,100.0,3.0,2.0,
Tim Castille,25.0,KAN,7.0,0.0,6.0,4.0,37.0,9.3,1.0,1.0,33.3,20.0,0.6,5.3,66.7,6.2,1.0,
Terrance Copper,27.0,KAN,15.0,2.0,6.0,4.0,68.0,17.0,0.0,2.0,50.0,50.0,0.3,4.5,66.7,11.3,0.0,
Quan Cosby,27.0,CIN,16.0,0.0,6.0,4.0,55.0,13.8,0.0,2.0,33.3,23.0,0.3,3.4,66.7,9.2,2.0,
James Davis,23.0,CLE,2.0,0.0,5.0,4.0,5.0,1.3,0.0,0.0,0.0,2.0,2.0,2.5,80.0,1.0,0.0,
Greg Estandia,27.0,2TM,6.0,1.0,13.0,4.0,45.0,11.3,0.0,3.0,23.1,18.0,0.7,7.5,30.8,3.5,0.0,
Madison Hedgecock,28.0,NYG,16.0,9.0,9.0,4.0,23.0,5.8,1.0,1.0,44.4,9.0,0.3,1.4,44.4,2.6,0.0,
Peyton Hillis,23.0,DEN,14.0,2.0,6.0,4.0,19.0,4.8,0.0,0.0,33.3,6.0,0.3,1.4,66.7,3.2,1.0,
Brad Hoover,33.0,CAR,11.0,4.0,9.0,4.0,23.0,5.8,1.0,3.0,33.3,12.0,0.4,2.1,44.4,2.6,1.0,
Dan Kreider,32.0,ARI,14.0,3.0,6.0,4.0,20.0,5.0,0.0,0.0,0.0,8.0,0.3,1.4,66.7,3.3,0.0,
Marko Mitchell,24.0,WAS,10.0,0.0,7.0,4.0,32.0,8.0,0.0,2.0,57.1,11.0,0.4,3.2,57.1,4.6,0.0,
Brandon Myers,24.0,OAK,11.0,2.0,6.0,4.0,19.0,4.8,0.0,0.0,0.0,6.0,0.4,1.7,66.7,3.2,0.0,
Ben Obomanu,26.0,SEA,14.0,0.0,5.0,4.0,41.0,10.3,0.0,4.0,80.0,12.0,0.3,2.9,80.0,8.2,1.0,
Stephen Spach,27.0,ARI,7.0,5.0,10.0,4.0,38.0,9.5,0.0,1.0,30.0,22.0,0.6,5.4,40.0,3.8,0.0,
Kris Wilson,28.0,SDG,16.0,0.0,6.0,4.0,28.0,7.0,1.0,2.0,33.3,21.0,0.3,1.8,66.7,4.7,0.0,
Todd Yoder,31.0,WAS,16.0,1.0,5.0,4.0,9.0,2.3,3.0,3.0,60.0,3.0,0.3,0.6,80.0,1.8,0.0,
Patrick Cobbs,26.0,MIA,5.0,0.0,4.0,3.0,23.0,7.7,0.0,1.0,75.0,10.0,0.6,4.6,75.0,5.8,0.0,
Samkon Gado,27.0,STL,15.0,0.0,3.0,3.0,25.0,8.3,0.0,0.0,66.7,13.0,0.2,1.7,100.0,8.3,0.0,
John Gilmore,30.0,TAM,13.0,2.0,7.0,3.0,23.0,7.7,0.0,0.0,0.0,9.0,0.2,1.8,42.9,3.3,0.0,
Ahman Green,32.0,GNB,8.0,0.0,5.0,3.0,18.0,6.0,0.0,2.0,40.0,12.0,0.4,2.3,60.0,3.6,0.0,
Verron Haynes,30.0,ATL,7.0,2.0,4.0,3.0,20.0,6.7,0.0,1.0,50.0,10.0,0.4,2.9,75.0,5.0,0.0,
Edgerrin James,31.0,SEA,7.0,0.0,3.0,3.0,19.0,6.3,0.0,1.0,66.7,7.0,0.4,2.7,100.0,6.3,1.0,
John Owens,29.0,SEA,16.0,3.0,6.0,3.0,16.0,5.3,0.0,1.0,33.3,8.0,0.2,1.0,50.0,2.7,0.0,
Roscoe Parrish,27.0,BUF,12.0,0.0,6.0,3.0,34.0,11.3,0.0,0.0,0.0,16.0,0.3,2.8,50.0,5.7,5.0,
Tony Richardson,38.0,NYJ,16.0,10.0,5.0,3.0,10.0,3.3,0.0,0.0,40.0,5.0,0.2,0.6,60.0,2.0,0.0,
Chad Simpson,24.0,IND,14.0,0.0,4.0,3.0,1.0,0.3,0.0,0.0,0.0,5.0,0.2,0.1,75.0,0.3,0.0,
Alex Smith,27.0,PHI,16.0,5.0,8.0,3.0,25.0,8.3,0.0,2.0,25.0,11.0,0.2,1.6,37.5,3.1,0.0,
Kory Sperry,24.0,MIA,8.0,1.0,6.0,3.0,31.0,10.3,1.0,3.0,50.0,13.0,0.4,3.9,50.0,5.2,0.0,
Isaiah Stanback,25.0,NWE,6.0,2.0,7.0,3.0,22.0,7.3,0.0,1.0,42.9,9.0,0.5,3.7,42.9,3.1,0.0,
Jacob Tamme,24.0,IND,16.0,1.0,10.0,3.0,35.0,11.7,0.0,2.0,30.0,21.0,0.2,2.2,30.0,3.5,0.0,
Danny Ware,24.0,NYG,8.0,0.0,4.0,3.0,15.0,5.0,0.0,0.0,25.0,14.0,0.4,1.9,75.0,3.8,1.0,
LenDale White,25.0,TEN,13.0,0.0,5.0,3.0,14.0,4.7,0.0,0.0,40.0,7.0,0.2,1.1,60.0,2.8,1.0,
Troy Williamson,26.0,JAX,2.0,1.0,4.0,3.0,34.0,11.3,0.0,1.0,50.0,13.0,1.5,17.0,75.0,8.5,1.0,
B.J. Askew,29.0,TAM,5.0,2.0,2.0,2.0,3.0,1.5,0.0,0.0,0.0,4.0,0.4,0.6,100.0,1.5,0.0,
Jackie Battle,26.0,KAN,5.0,0.0,2.0,2.0,-3.0,-1.5,0.0,0.0,0.0,3.0,0.4,-0.6,100.0,-1.5,0.0,
Kyle Eckel,28.0,NOR,7.0,2.0,3.0,2.0,14.0,7.0,0.0,1.0,33.3,8.0,0.3,2.0,66.7,4.7,0.0,
Mike Goodson,22.0,CAR,8.0,0.0,2.0,2.0,15.0,7.5,0.0,1.0,50.0,13.0,0.3,1.9,100.0,7.5,1.0,
BenJarvus Green-Ellis,24.0,NWE,12.0,0.0,5.0,2.0,11.0,5.5,0.0,0.0,20.0,6.0,0.2,0.9,40.0,2.2,0.0,
David Johnson,22.0,PIT,15.0,3.0,4.0,2.0,9.0,4.5,0.0,0.0,0.0,5.0,0.1,0.6,50.0,2.3,0.0,
Quinn Johnson,23.0,GNB,9.0,0.0,4.0,2.0,4.0,2.0,0.0,0.0,0.0,4.0,0.2,0.4,50.0,1.0,0.0,
Stevie Johnson,23.0,BUF,5.0,0.0,3.0,2.0,10.0,5.0,0.0,1.0,33.3,5.0,0.4,2.0,66.7,3.3,0.0,
Jake Nordin,25.0,DET,4.0,1.0,3.0,2.0,26.0,13.0,0.0,2.0,66.7,14.0,0.5,6.5,66.7,8.7,0.0,
Jake O'Connell,24.0,KAN,4.0,2.0,10.0,2.0,7.0,3.5,0.0,0.0,0.0,4.0,0.5,1.8,20.0,0.7,0.0,
Marcel Reece,24.0,OAK,2.0,0.0,4.0,2.0,20.0,10.0,0.0,1.0,50.0,11.0,1.0,10.0,50.0,5.0,0.0,
Clifton Smith,24.0,TAM,11.0,0.0,5.0,2.0,4.0,2.0,0.0,0.0,0.0,3.0,0.2,0.4,40.0,0.8,3.0,
Kolby Smith,25.0,KAN,4.0,0.0,2.0,2.0,9.0,4.5,0.0,0.0,50.0,5.0,0.5,2.3,100.0,4.5,0.0,
L.J. Smith,29.0,BAL,12.0,0.0,3.0,2.0,31.0,15.5,0.0,1.0,66.7,26.0,0.2,2.6,66.7,10.3,0.0,
Terrelle Smith,31.0,DET,8.0,0.0,4.0,2.0,7.0,3.5,0.0,0.0,0.0,4.0,0.3,0.9,50.0,1.8,0.0,
Fred Taylor,33.0,NWE,6.0,1.0,3.0,2.0,17.0,8.5,0.0,1.0,66.7,13.0,0.3,2.8,66.7,5.7,1.0,
Seneca Wallace,29.0,SEA,13.0,2.0,3.0,2.0,29.0,14.5,0.0,2.0,66.7,24.0,0.2,2.2,66.7,9.7,5.0,
Garrett Wolfe,25.0,CHI,8.0,0.0,3.0,2.0,12.0,6.0,0.0,0.0,0.0,12.0,0.3,1.5,66.7,4.0,0.0,
Wallace Wright,25.0,NYJ,16.0,0.0,3.0,2.0,21.0,10.5,0.0,2.0,66.7,14.0,0.1,1.3,66.7,7.0,0.0,
DeShawn Wynn,26.0,GNB,4.0,0.0,7.0,2.0,19.0,9.5,0.0,1.0,14.3,11.0,0.5,4.8,28.6,2.7,0.0,
Deon Anderson,26.0,DAL,16.0,9.0,3.0,1.0,5.0,5.0,0.0,0.0,0.0,5.0,0.1,0.3,33.3,1.7,0.0,
Ramses Barden,23.0,NYG,3.0,0.0,1.0,1.0,16.0,16.0,0.0,1.0,100.0,16.0,0.3,5.3,100.0,16.0,0.0,
Kahlil Bell,23.0,CHI,7.0,0.0,3.0,1.0,4.0,4.0,0.0,0.0,0.0,4.0,0.1,0.6,33.3,1.3,0.0,
Drew Brees,30.0,NOR,15.0,15.0,1.0,1.0,-4.0,-4.0,0.0,0.0,0.0,-4.0,0.1,-0.3,100.0,-4.0,10.0,"PB,AP-2,AP MVP-2,AP OPoY-2"
Tim Carter,30.0,STL,2.0,0.0,5.0,1.0,6.0,6.0,0.0,0.0,0.0,6.0,0.5,3.0,20.0,1.2,0.0,
Colin Cloherty,22.0,IND,1.0,0.0,1.0,1.0,2.0,2.0,0.0,0.0,0.0,2.0,1.0,2.0,100.0,2.0,0.0,
Ryan Denney,32.0,BUF,16.0,0.0,1.0,1.0,25.0,25.0,1.0,1.0,100.0,25.0,0.1,1.6,100.0,25.0,0.0,
Brett Favre,40.0,MIN,16.0,16.0,1.0,1.0,-2.0,-2.0,0.0,0.0,0.0,-2.0,0.1,-0.1,100.0,-2.0,2.0,"PB,AP MVP-4,AP CPoY-4"
Yamon Figurs,26.0,DET,3.0,0.0,2.0,1.0,7.0,7.0,0.0,1.0,50.0,7.0,0.3,2.3,50.0,3.5,0.0,
Tyler Grisham,22.0,PIT,4.0,0.0,2.0,1.0,14.0,14.0,0.0,1.0,50.0,14.0,0.3,3.5,50.0,7.0,0.0,
Dan Gronkowski,24.0,DET,2.0,0.0,3.0,1.0,4.0,4.0,0.0,0.0,0.0,4.0,0.5,2.0,33.3,1.3,0.0,
James Hardy,24.0,BUF,2.0,0.0,1.0,1.0,9.0,9.0,0.0,0.0,0.0,9.0,0.5,4.5,100.0,9.0,0.0,
Ben Hartsock,29.0,NYJ,16.0,7.0,4.0,1.0,2.0,2.0,1.0,1.0,25.0,2.0,0.1,0.1,25.0,0.5,0.0,
Anthony Hill,24.0,HOU,5.0,0.0,2.0,1.0,9.0,9.0,0.0,0.0,0.0,9.0,0.2,1.8,50.0,4.5,0.0,
Tory Humphrey,26.0,NOR,1.0,0.0,1.0,1.0,7.0,7.0,0.0,0.0,0.0,7.0,1.0,7.0,100.0,7.0,0.0,
Jaymar Johnson,25.0,MIN,6.0,0.0,1.0,1.0,9.0,9.0,0.0,0.0,0.0,9.0,0.2,1.5,100.0,9.0,0.0,
Brandon Jones,27.0,SFO,8.0,0.0,5.0,1.0,18.0,18.0,0.0,1.0,20.0,18.0,0.1,2.3,20.0,3.6,0.0,
Edgar Jones,25.0,BAL,16.0,0.0,2.0,1.0,8.0,8.0,0.0,1.0,50.0,8.0,0.1,0.5,50.0,4.0,0.0,
Mark Jones,29.0,TEN,3.0,0.0,2.0,1.0,9.0,9.0,0.0,0.0,0.0,9.0,0.3,3.0,50.0,4.5,0.0,
Jordan Kent,25.0,STL,5.0,0.0,3.0,1.0,5.0,5.0,0.0,1.0,33.3,5.0,0.2,1.0,33.3,1.7,0.0,
Joe Klopfenstein,26.0,BUF,1.0,1.0,2.0,1.0,11.0,11.0,0.0,1.0,50.0,11.0,1.0,11.0,50.0,5.5,0.0,
Matt Lawrence,24.0,BAL,8.0,0.0,1.0,1.0,4.0,4.0,0.0,0.0,0.0,4.0,0.1,0.5,100.0,4.0,0.0,
Quinten Lawrence,25.0,KAN,6.0,1.0,2.0,1.0,9.0,9.0,0.0,0.0,50.0,9.0,0.2,1.5,50.0,4.5,0.0,
Stefan Logan,28.0,PIT,16.0,1.0,1.0,1.0,5.0,5.0,0.0,0.0,0.0,5.0,0.1,0.3,100.0,5.0,3.0,
Charly Martin,25.0,CAR,7.0,0.0,2.0,1.0,6.0,6.0,0.0,0.0,0.0,6.0,0.1,0.9,50.0,3.0,0.0,
Donovan McNabb,33.0,PHI,14.0,14.0,1.0,1.0,1.0,1.0,0.0,0.0,0.0,1.0,0.1,0.1,100.0,1.0,10.0,PB
Cameron Morrah,22.0,SEA,3.0,0.0,1.0,1.0,3.0,3.0,0.0,0.0,0.0,3.0,0.3,1.0,100.0,3.0,0.0,
Sinorice Moss,26.0,NYG,8.0,0.0,4.0,1.0,18.0,18.0,1.0,1.0,25.0,18.0,0.1,2.3,25.0,4.5,1.0,
Matthew Mulligan,24.0,NYJ,5.0,1.0,1.0,1.0,2.0,2.0,0.0,0.0,0.0,2.0,0.2,0.4,100.0,2.0,0.0,
Chris Ogbonnaya,23.0,STL,2.0,0.0,2.0,1.0,19.0,19.0,0.0,1.0,50.0,19.0,0.5,9.5,50.0,9.5,0.0,
Michael Oher,23.0,BAL,16.0,16.0,1.0,1.0,-8.0,-8.0,0.0,0.0,0.0,-8.0,0.1,-0.5,100.0,-8.0,0.0,AP ORoY-2
Kassim Osgood,29.0,SDG,16.0,0.0,5.0,1.0,17.0,17.0,0.0,1.0,20.0,17.0,0.1,1.1,20.0,3.4,0.0,PB
Bear Pascoe,23.0,NYG,4.0,1.0,1.0,1.0,9.0,9.0,0.0,0.0,0.0,9.0,0.3,2.3,100.0,9.0,0.0,
Donald Penn,26.0,TAM,16.0,16.0,1.0,1.0,15.0,15.0,0.0,1.0,100.0,15.0,0.1,0.9,100.0,15.0,0.0,
Zach Potter,23.0,JAX,1.0,1.0,1.0,1.0,3.0,3.0,0.0,0.0,0.0,3.0,1.0,3.0,100.0,3.0,0.0,
Chris Pressley,23.0,TAM,7.0,3.0,1.0,1.0,2.0,2.0,0.0,0.0,0.0,2.0,0.1,0.3,100.0,2.0,0.0,
Brady Quinn,25.0,CLE,10.0,9.0,1.0,1.0,18.0,18.0,0.0,1.0,100.0,18.0,0.1,1.8,100.0,18.0,4.0,
Courtney Roby,26.0,NOR,15.0,0.0,1.0,1.0,6.0,6.0,0.0,0.0,0.0,6.0,0.1,0.4,100.0,6.0,2.0,
Eric Smith,26.0,NYJ,16.0,4.0,1.0,1.0,27.0,27.0,0.0,1.0,100.0,27.0,0.1,1.7,100.0,27.0,0.0,
John Standeford,27.0,DET,2.0,0.0,3.0,1.0,5.0,5.0,0.0,1.0,33.3,5.0,0.5,2.5,33.3,1.7,0.0,
Limas Sweed,25.0,PIT,9.0,0.0,5.0,1.0,5.0,5.0,0.0,0.0,0.0,5.0,0.1,0.6,20.0,1.0,0.0,
Mark Tauscher,32.0,GNB,8.0,8.0,1.0,1.0,-3.0,-3.0,0.0,0.0,0.0,-3.0,0.1,-0.4,100.0,-3.0,0.0,
Mike Vrabel,34.0,KAN,14.0,14.0,1.0,1.0,1.0,1.0,1.0,1.0,100.0,1.0,0.1,0.1,100.0,1.0,0.0,
Jake Allen,24.0,CLE,2.0,0.0,1.0,0.0,0.0,,0.0,0.0,0.0,,0.0,0.0,0.0,0.0,0.0,
Derek Anderson,26.0,CLE,8.0,7.0,0.0,0.0,0.0,,0.0,0.0,,,0.0,0.0,,,5.0,
Brock Bolen,24.0,JAX,3.0,0.0,3.0,0.0,0.0,,0.0,0.0,0.0,,0.0,0.0,0.0,0.0,0.0,
Kyle Boller,28.0,STL,7.0,4.0,0.0,0.0,0.0,,0.0,0.0,,,0.0,0.0,,,2.0,
Kevin Boothe,26.0,NYG,16.0,2.0,1.0,0.0,0.0,,0.0,0.0,0.0,,0.0,0.0,0.0,0.0,0.0,
Tom Brady,32.0,NWE,16.0,16.0,0.0,0.0,0.0,,0.0,0.0,,,0.0,0.0,,,4.0,"PB,AP CPoY-1"
Brian Brohm,24.0,BUF,2.0,1.0,0.0,0.0,0.0,,0.0,0.0,,,0.0,0.0,,,0.0,
Mark Brunell,39.0,NOR,16.0,1.0,0.0,0.0,0.0,,0.0,0.0,,,0.0,0.0,,,0.0,
Eldra Buckley,24.0,PHI,16.0,0.0,0.0,0.0,0.0,,0.0,0.0,,,0.0,0.0,,,0.0,
Marc Bulger,32.0,STL,9.0,8.0,0.0,0.0,0.0,,0.0,0.0,,,0.0,0.0,,,6.0,
Jason Campbell,28.0,WAS,16.0,16.0,0.0,0.0,0.0,,0.0,0.0,,,0.0,0.0,,,13.0,
David Carr,30.0,NYG,6.0,0.0,0.0,0.0,0.0,,0.0,0.0,,,0.0,0.0,,,1.0,
Matt Cassel,27.0,KAN,15.0,15.0,1.0,0.0,0.0,,0.0,0.0,0.0,,0.0,0.0,0.0,0.0,14.0,
Kellen Clemens,26.0,NYJ,10.0,1.0,0.0,0.0,0.0,,0.0,0.0,,,0.0,0.0,,,2.0,
Kerry Collins,37.0,TEN,7.0,6.0,0.0,0.0,0.0,,0.0,0.0,,,0.0,0.0,,,3.0,
Todd Collins,38.0,WAS,3.0,0.0,0.0,0.0,0.0,,0.0,0.0,,,0.0,0.0,,,2.0,
Dustin Colquitt,27.0,KAN,16.0,0.0,0.0,0.0,0.0,,0.0,0.0,,,0.0,0.0,,,0.0,
Chris Crocker,29.0,CIN,13.0,13.0,0.0,0.0,0.0,,0.0,0.0,,,0.0,0.0,,,0.0,
Daunte Culpepper,32.0,DET,8.0,5.0,0.0,0.0,0.0,,0.0,0.0,,,0.0,0.0,,,4.0,
Jay Cutler,26.0,CHI,16.0,16.0,0.0,0.0,0.0,,0.0,0.0,,,0.0,0.0,,,9.0,
Carey Davis,28.0,PIT,6.0,0.0,0.0,0.0,0.0,,0.0,0.0,,,0.0,0.0,,,0.0,
Jake Delhomme,34.0,CAR,11.0,11.0,0.0,0.0,0.0,,0.0,0.0,,,0.0,0.0,,,6.0,
Dennis Dixon,24.0,PIT,1.0,1.0,0.0,0.0,0.0,,0.0,0.0,,,0.0,0.0,,,0.0,
Trent Edwards,26.0,BUF,8.0,7.0,0.0,0.0,0.0,,0.0,0.0,,,0.0,0.0,,,1.0,
Jeff Feagles,43.0,NYG,16.0,0.0,0.0,0.0,0.0,,0.0,0.0,,,0.0,0.0,,,1.0,
Tony Fiammetta,23.0,CAR,10.0,2.0,3.0,0.0,0.0,,0.0,0.0,0.0,,0.0,0.0,0.0,0.0,0.0,
Ryan Fitzpatrick,27.0,BUF,10.0,8.0,0.0,0.0,0.0,,0.0,0.0,,,0.0,0.0,,,3.0,
Joe Flacco,24.0,BAL,16.0,16.0,0.0,0.0,0.0,,0.0,0.0,,,0.0,0.0,,,8.0,
Matt Flynn,24.0,GNB,15.0,0.0,0.0,0.0,0.0,,0.0,0.0,,,0.0,0.0,,,0.0,
Josh Freeman,21.0,TAM,10.0,9.0,1.0,0.0,1.0,,0.0,0.0,0.0,1.0,0.0,0.1,0.0,1.0,10.0,
Charlie Frye,28.0,OAK,3.0,3.0,0.0,0.0,0.0,,0.0,0.0,,,0.0,0.0,,,0.0,
Thomas Gafford,26.0,KAN,16.0,0.0,1.0,0.0,0.0,,0.0,0.0,0.0,,0.0,0.0,0.0,0.0,1.0,
Jeff Garcia,39.0,PHI,1.0,0.0,0.0,0.0,0.0,,0.0,0.0,,,0.0,0.0,,,1.0,
David Garrard,31.0,JAX,16.0,16.0,0.0,0.0,0.0,,0.0,0.0,,,0.0,0.0,,,14.0,PB
Sam Giguere,24.0,IND,1.0,0.0,2.0,0.0,0.0,,0.0,0.0,0.0,,0.0,0.0,0.0,0.0,0.0,
Bruce Gradkowski,26.0,OAK,7.0,4.0,0.0,0.0,0.0,,0.0,0.0,,,0.0,0.0,,,5.0,
Shonn Greene,24.0,NYJ,14.0,0.0,5.0,0.0,0.0,,0.0,0.0,0.0,,0.0,0.0,0.0,0.0,3.0,
Rex Grossman,29.0,HOU,1.0,0.0,0.0,0.0,0.0,,0.0,0.0,,,0.0,0.0,,,1.0,
Justin Harper,24.0,BAL,2.0,0.0,1.0,0.0,0.0,,0.0,0.0,0.0,,0.0,0.0,0.0,0.0,0.0,
Matt Hasselbeck,34.0,SEA,14.0,14.0,0.0,0.0,0.0,,0.0,0.0,,,0.0,0.0,,,11.0,
Chad Henne,24.0,MIA,14.0,13.0,0.0,0.0,0.0,,0.0,0.0,,,0.0,0.0,,,4.0,
Shaun Hill,29.0,SFO,6.0,6.0,0.0,0.0,0.0,,0.0,0.0,,,0.0,0.0,,,3.0,
Reggie Hodges,27.0,CLE,8.0,0.0,0.0,0.0,0.0,,0.0,0.0,,,0.0,0.0,,,0.0,
Brian Hoyer,24.0,NWE,5.0,0.0,0.0,0.0,0.0,,0.0,0.0,,,0.0,0.0,,,0.0,
Kevin Huber,24.0,CIN,16.0,0.0,0.0,0.0,0.0,,0.0,0.0,,,0.0,0.0,,,1.0,
Wayne Hunter,28.0,NYJ,16.0,1.0,1.0,0.0,0.0,,0.0,0.0,0.0,,0.0,0.0,0.0,0.0,0.0,
Tarvaris Jackson,26.0,MIN,8.0,0.0,0.0,0.0,0.0,,0.0,0.0,,,0.0,0.0,,,0.0,
Justin Jenkins,29.0,BUF,12.0,0.0,0.0,0.0,0.0,,0.0,0.0,,,0.0,0.0,,,0.0,
Gartrell Johnson,23.0,NYG,10.0,0.0,1.0,0.0,0.0,,0.0,0.0,0.0,,0.0,0.0,0.0,0.0,0.0,
Josh Johnson,23.0,TAM,6.0,4.0,0.0,0.0,0.0,,0.0,0.0,,,0.0,0.0,,,7.0,
LaMont Jordan,31.0,DEN,9.0,0.0,4.0,0.0,0.0,,0.0,0.0,0.0,,0.0,0.0,0.0,0.0,0.0,
Kevin Kolb,25.0,PHI,5.0,2.0,0.0,0.0,0.0,,0.0,0.0,,,0.0,0.0,,,2.0,
Chris Kuper,27.0,DEN,15.0,15.0,1.0,0.0,7.0,,0.0,0.0,0.0,7.0,0.0,0.5,0.0,7.0,0.0,
Byron Leftwich,29.0,TAM,3.0,3.0,0.0,0.0,0.0,,0.0,0.0,,,0.0,0.0,,,2.0,
Matt Leinart,26.0,ARI,8.0,1.0,0.0,0.0,0.0,,0.0,0.0,,,0.0,0.0,,,1.0,
Eli Manning,28.0,NYG,16.0,16.0,0.0,0.0,0.0,,0.0,0.0,,,0.0,0.0,,,13.0,
Peyton Manning,33.0,IND,16.0,16.0,0.0,0.0,0.0,,0.0,0.0,,,0.0,0.0,,,2.0,"PB,AP-1,AP MVP-1,AP OPoY-3"
Michael Matthews,26.0,NWE,4.0,0.0,1.0,0.0,0.0,,0.0,0.0,0.0,,0.0,0.0,0.0,0.0,0.0,
Jon McGraw,30.0,KAN,14.0,9.0,0.0,0.0,0.0,,0.0,0.0,,,0.0,0.0,,,0.0,
Matt Moore,25.0,CAR,7.0,5.0,0.0,0.0,0.0,,0.0,0.0,,,0.0,0.0,,,2.0,
Sean Morey,33.0,ARI,13.0,0.0,1.0,0.0,0.0,,0.0,0.0,0.0,,0.0,0.0,0.0,0.0,0.0,
Jamar Nesbit,33.0,NOR,13.0,0.0,1.0,0.0,0.0,,0.0,0.0,0.0,,0.0,0.0,0.0,0.0,0.0,
Keith Null,24.0,STL,4.0,4.0,0.0,0.0,0.0,,0.0,0.0,,,0.0,0.0,,,3.0,
Oren O'Neal,26.0,OAK,4.0,0.0,0.0,0.0,0.0,,0.0,0.0,,,0.0,0.0,,,0.0,
J.T. O'Sullivan,30.0,CIN,3.0,0.0,0.0,0.0,0.0,,0.0,0.0,,,0.0,0.0,,,2.0,
Xavier Omon,24.0,BUF,5.0,0.0,1.0,0.0,0.0,,0.0,0.0,0.0,,0.0,0.0,0.0,0.0,0.0,
Kyle Orton,27.0,DEN,16.0,15.0,0.0,0.0,0.0,,0.0,0.0,,,0.0,0.0,,,4.0,
Montell Owens,25.0,JAX,16.0,0.0,1.0,0.0,0.0,,0.0,0.0,0.0,,0.0,0.0,0.0,0.0,0.0,
Curtis Painter,24.0,IND,2.0,0.0,0.0,0.0,0.0,,0.0,0.0,,,0.0,0.0,,,2.0,
Carson Palmer,30.0,CIN,16.0,16.0,0.0,0.0,0.0,,0.0,0.0,,,0.0,0.0,,,6.0,
Jalen Parmele,24.0,BAL,7.0,0.0,0.0,0.0,0.0,,0.0,0.0,,,0.0,0.0,,,0.0,
Kalvin Pearson,31.0,DET,12.0,0.0,0.0,0.0,0.0,,0.0,0.0,,,0.0,0.0,,,1.0,
Chad Pennington,33.0,MIA,3.0,3.0,0.0,0.0,0.0,,0.0,0.0,,,0.0,0.0,,,3.0,
Maurice Purify,23.0,CIN,5.0,0.0,1.0,0.0,0.0,,0.0,0.0,0.0,,0.0,0.0,0.0,0.0,0.0,
Richard Quinn,23.0,DEN,15.0,0.0,1.0,0.0,0.0,,0.0,0.0,0.0,,0.0,0.0,0.0,0.0,0.0,
Chris Redman,32.0,ATL,6.0,2.0,0.0,0.0,0.0,,0.0,0.0,,,0.0,0.0,,,1.0,
Darius Reynaud,25.0,MIN,11.0,0.0,2.0,0.0,0.0,,0.0,0.0,0.0,,0.0,0.0,0.0,0.0,3.0,
Javon Ringer,22.0,TEN,7.0,0.0,0.0,0.0,0.0,,0.0,0.0,,,0.0,0.0,,,0.0,
Philip Rivers,28.0,SDG,16.0,16.0,0.0,0.0,0.0,,0.0,0.0,,,0.0,0.0,,,6.0,"PB,AP MVP-3,AP OPoY-4"
Aaron Rodgers,26.0,GNB,16.0,16.0,0.0,0.0,0.0,,0.0,0.0,,,0.0,0.0,,,10.0,PB
Ben Roethlisberger,27.0,PIT,15.0,15.0,0.0,0.0,0.0,,0.0,0.0,,,0.0,0.0,,,7.0,
Dennis Roland,26.0,CIN,16.0,12.0,1.0,0.0,0.0,,0.0,0.0,0.0,,0.0,0.0,0.0,0.0,0.0,
Antrel Rolle,27.0,ARI,15.0,15.0,0.0,0.0,0.0,,0.0,0.0,,,0.0,0.0,,,1.0,PB
Tony Romo,29.0,DAL,16.0,16.0,0.0,0.0,0.0,,0.0,0.0,,,0.0,0.0,,,6.0,PB
JaMarcus Russell,24.0,OAK,12.0,9.0,0.0,0.0,0.0,,0.0,0.0,,,0.0,0.0,,,9.0,
Jon Ryan,28.0,SEA,16.0,0.0,0.0,0.0,0.0,,0.0,0.0,,,0.0,0.0,,,0.0,
Matt Ryan,24.0,ATL,14.0,14.0,0.0,0.0,0.0,,0.0,0.0,,,0.0,0.0,,,5.0,
Mark Sanchez,23.0,NYJ,15.0,15.0,0.0,0.0,0.0,,0.0,0.0,,,0.0,0.0,,,10.0,
Matt Schaub,28.0,HOU,16.0,16.0,0.0,0.0,0.0,,0.0,0.0,,,0.0,0.0,,,3.0,PB
Kory Sheets,24.0,MIA,2.0,0.0,0.0,0.0,0.0,,0.0,0.0,,,0.0,0.0,,,0.0,
Chris Simms,29.0,DEN,3.0,1.0,0.0,0.0,0.0,,0.0,0.0,,,0.0,0.0,,,1.0,
Jerome Simpson,23.0,CIN,2.0,0.0,1.0,0.0,0.0,,0.0,0.0,0.0,,0.0,0.0,0.0,0.0,0.0,
Matthew Slater,24.0,NWE,14.0,0.0,0.0,0.0,0.0,,0.0,0.0,,,0.0,0.0,,,0.0,
Hunter Smith,32.0,WAS,13.0,0.0,0.0,0.0,0.0,,0.0,0.0,,,0.0,0.0,,,0.0,
Troy Smith,25.0,BAL,4.0,0.0,0.0,0.0,0.0,,0.0,0.0,,,0.0,0.0,,,0.0,
Micheal Spurlock,26.0,SFO,4.0,0.0,0.0,0.0,0.0,,0.0,0.0,,,0.0,0.0,,,1.0,
Brian St. Pierre,30.0,ARI,1.0,0.0,0.0,0.0,0.0,,0.0,0.0,,,0.0,0.0,,,1.0,
Matthew Stafford,21.0,DET,10.0,10.0,0.0,0.0,0.0,,0.0,0.0,,,0.0,0.0,,,4.0,
Drew Stanton,25.0,DET,3.0,1.0,0.0,0.0,0.0,,0.0,0.0,,,0.0,0.0,,,1.0,
Craig Stevens,25.0,TEN,12.0,2.0,1.0,0.0,0.0,,0.0,0.0,0.0,,0.0,0.0,0.0,0.0,0.0,
Will Svitek,27.0,ATL,13.0,2.0,1.0,0.0,0.0,,0.0,0.0,0.0,,0.0,0.0,0.0,0.0,0.0,
Brett Swain,24.0,GNB,6.0,0.0,1.0,0.0,0.0,,0.0,0.0,0.0,,0.0,0.0,0.0,0.0,0.0,
Brandon Tate,22.0,NWE,2.0,1.0,2.0,0.0,0.0,,0.0,0.0,0.0,,0.0,0.0,0.0,0.0,0.0,
Tyler Thigpen,25.0,2TM,2.0,0.0,0.0,0.0,0.0,,0.0,0.0,,,0.0,0.0,,,0.0,
Michael Vick,29.0,PHI,12.0,1.0,0.0,0.0,0.0,,0.0,0.0,,,0.0,0.0,,,0.0,
Billy Volek,33.0,SDG,4.0,0.0,0.0,0.0,0.0,,0.0,0.0,,,0.0,0.0,,,0.0,
Kurt Warner,38.0,ARI,15.0,15.0,0.0,0.0,0.0,,0.0,0.0,,,0.0,0.0,,,11.0,
Steve Weatherford,27.0,NYJ,16.0,0.0,0.0,0.0,0.0,,0.0,0.0,,,0.0,0.0,,,0.0,
Pat White,23.0,MIA,13.0,0.0,0.0,0.0,0.0,,0.0,0.0,,,0.0,0.0,,,1.0,
Javarris Williams,23.0,KAN,4.0,0.0,1.0,0.0,0.0,,0.0,0.0,0.0,,0.0,0.0,0.0,0.0,0.0,
Albert Young,24.0,MIN,7.0,0.0,0.0,0.0,0.0,,0.0,0.0,,,0.0,0.0,,,0.0,
Vince Young,26.0,TEN,12.0,10.0,0.0,0.0,0.0,,0.0,0.0,,,0.0,0.0,,,8.0,"PB,AP CPoY-3"
Keith Zinger,25.0,ATL,15.0,2.0,1.0,0.0,0.0,,0.0,0.0,0.0,,0.0,0.0,0.0,0.0,0.0,
Jeremy Zuttah,23.0,TAM,16.0,16.0,1.0,0.0,1.0,,0.0,0.0,0.0,1.0,0.0,0.1,0.0,1.0,1.0,
League Average,,,,,,,,,,,47.6,,1.6,18.0,61.7,7.1,,
